{"type":"Topology","arcs":[[[18154,27226],[147,-426],[113,-167],[15,-204],[78,-449],[-9,-184],[-58,-202]],[[18440,25594],[-79,-46],[-51,-139]],[[18310,25409],[-220,39],[-22,1],[2,-34],[-46,0],[-22,38],[4,46],[-21,2],[35,61],[-116,3],[-16,14],[19,73],[-58,2],[-19,114],[-50,4],[-36,-11],[-30,-46],[-172,-2]],[[17542,25713],[-33,21],[11,111],[-18,101],[-59,42],[-9,-57],[-64,25],[-17,31],[-81,16],[3,60],[33,13],[-6,64],[26,36],[66,31],[144,-74],[92,-89],[79,6],[-7,81],[-38,23],[16,61],[-67,11],[12,31],[-28,39],[44,24],[-20,69],[142,6],[-20,-32],[92,15],[-4,117],[-43,30],[24,47],[-13,30],[-17,17],[-76,-2],[4,28],[-31,37],[24,12],[20,61],[43,22],[-38,43],[6,30],[32,6]],[[17766,26856],[124,-17],[25,16],[0,-20],[51,-4],[72,-69],[96,454],[20,10]],[[15525,25632],[-86,9],[-81,-39],[-48,56],[-69,-3],[-22,-135],[107,-1],[70,-62]],[[15396,25457],[-47,-81],[0,-59],[-43,-40],[-19,6],[25,-110],[-14,-20],[-201,4],[47,-83],[-23,-46],[-109,2],[-4,77],[-84,-12]],[[14924,25095],[-126,19],[3,24],[-111,-38],[-75,18],[1,-57],[-30,12],[-8,-26],[7,-87],[-48,-3],[-9,-58],[-52,-11],[-33,102],[-41,-12],[-24,24],[102,25],[7,25],[-64,-8],[-24,58],[-68,69],[-33,-71],[9,-84],[-42,-20],[-11,-54],[12,-21],[72,19],[12,-33],[-35,-38],[8,-24],[-169,-23],[-1,-22],[-125,-65],[-74,-10],[-23,62],[-34,26]],[[13897,24813],[-112,47],[-61,175]],[[13724,25035],[131,14],[-61,-34],[12,-25],[-34,-20],[57,-19],[14,31],[39,7],[-33,11],[57,14],[-26,21],[47,39],[49,-1],[5,32],[17,1],[3,-77],[54,1],[37,61],[-20,22],[-20,131],[106,-10],[2,39],[-47,19],[11,20],[72,5],[-66,48],[80,13],[32,-19],[52,31],[-1,-18],[129,-14],[-30,42],[51,56],[-36,30],[9,30],[70,-15],[-2,108],[-49,0],[-11,-39],[-40,-4],[42,31],[-41,2],[32,33],[-87,-1],[-9,17],[27,21],[-26,5],[-3,44],[-35,24],[42,32],[72,16],[5,70],[52,12],[-4,48],[-67,-5],[-53,-52],[0,36],[-22,16],[-108,-14],[-6,61],[-30,-11],[4,23],[23,29],[64,-3],[-17,64],[32,24],[42,-25],[28,31],[48,2],[17,74],[94,-65],[118,11],[78,37],[-11,-78],[57,8],[4,39],[67,12],[61,-48],[0,-64],[21,-25],[-42,-76],[29,-45],[-28,-38],[1,-48],[104,-11],[70,-68],[39,-9],[48,37],[11,99],[59,14],[-12,-40],[36,16],[79,-64],[7,63],[24,25],[12,-59],[6,72],[42,8],[27,-39],[27,29],[7,-55],[40,16],[18,77],[21,-9],[-8,-38],[57,-40],[-1,-32],[-22,-12],[31,-18],[-20,-32],[-16,29],[-42,-25],[26,-92]],[[16040,25908],[17,-256],[54,-24],[56,23],[58,-35],[-64,-72],[28,-31],[28,57],[17,-72],[64,-2],[-75,-42],[9,-26],[128,57],[-10,28],[-40,-5],[39,56],[89,-11],[23,-35],[74,-26],[66,37],[-34,75],[68,-21],[26,-52],[64,-7]],[[16725,25524],[23,-50],[-28,-14],[-6,-80],[-168,-36],[-71,45],[-5,-138],[-43,-12],[136,-57],[-9,-81],[30,-7],[10,-38],[50,-26],[-16,-51],[46,-12],[1,-90],[-40,-37],[17,-19],[56,45],[32,-36],[14,43],[68,4],[28,53],[66,-17],[-62,-97],[99,-36],[22,10],[3,-26],[-6,-45],[-58,-7],[11,-19],[-16,-2]],[[16909,24691],[-23,13],[-13,-21],[-55,-9],[-12,-62],[-59,1],[-30,-25],[-139,11],[-2,63],[-77,9],[-16,-88],[16,-9],[-1,-64],[48,-12],[41,24],[0,-26],[98,-28],[2,-36],[-56,-57],[-97,71],[-43,-44],[-43,-8],[110,-77],[-19,-62],[-36,0],[-53,-105],[-40,19],[-129,-3],[-17,43],[-76,5],[4,31],[-50,-9],[-4,129],[-37,7],[28,17],[-19,102],[-16,25],[-43,-16],[-20,63],[-32,-14]],[[15999,24549],[-15,71],[25,33],[-2,36],[-12,16],[-44,-13],[-14,45],[-62,-55],[-62,-8],[-47,55],[-33,-35],[-52,-2],[32,70],[59,-7],[13,49],[-28,96],[-58,21],[-97,-1],[3,22],[14,-16],[-13,48],[77,-27],[23,58],[30,-8],[28,28],[-2,231],[-186,-42],[-13,84],[34,27],[4,51],[-137,-41],[4,98],[-41,34],[-31,-10]],[[15525,25632],[25,-27],[31,2],[-14,23],[30,47],[35,-9],[26,-72],[-32,-6],[-23,-48],[52,-38],[40,31],[45,-5],[1,70],[25,-2],[53,-82],[10,-65],[37,4],[20,58],[43,0],[7,-19],[11,41],[31,21],[44,-8],[1,79],[-151,80],[-138,122],[16,30],[45,-2],[55,33],[25,115],[65,-60],[21,0],[16,-44],[32,-17],[31,24]],[[17542,25713],[0,-31],[-52,-18],[-16,-83]],[[17474,25581],[-31,42],[-112,-85],[-18,8],[17,19],[-12,47],[-42,1],[-112,59],[-13,-72],[-116,13],[-75,-17],[11,84],[18,10],[18,-43],[47,72],[37,-22],[-32,-17],[16,-9],[39,9],[14,39],[-51,5],[-48,67],[-16,-12],[-37,26],[-73,-10],[-29,-42],[-57,-23],[-5,-141],[-46,-15],[-41,-50]],[[16040,25908],[48,92],[171,-7],[37,23],[31,-17],[27,74],[66,-43],[-3,53],[49,7],[96,63],[3,61],[60,-21],[12,-24],[18,10],[47,53],[16,64],[-14,19],[53,-10],[24,72],[-86,16],[-11,18],[19,35],[-51,45],[32,2],[-9,37],[69,6],[13,-17],[69,37],[-3,196],[44,9],[31,73],[71,48],[30,8],[3,-54],[15,69],[138,-23],[9,85],[-58,30],[-37,-23],[-35,28],[-8,51],[-77,-19],[-29,98],[29,-17],[73,25],[32,-6],[20,-35],[43,0],[86,-11],[26,43],[83,22],[12,-25],[21,-46],[-51,-43],[6,-188],[90,-5],[66,87],[85,-19],[35,12],[24,-18],[2,-48],[78,-16],[86,12]],[[17474,25581],[-42,-139],[-101,39],[-47,-28],[-57,13],[-137,-85],[-16,-58],[45,-97],[5,-107]],[[17124,25119],[9,-26],[-24,-11],[-108,2],[11,-55],[-29,-7],[9,-40],[119,0],[6,-84],[86,92],[40,-16],[18,18],[51,-6],[70,-44],[48,-70],[-40,-58],[37,-32],[74,3]],[[17501,24785],[-4,-55],[31,-11],[1,-34]],[[17529,24685],[0,-91],[-21,-28],[-25,1],[-2,-25],[-27,3]],[[17454,24545],[-36,19],[-26,37],[16,19],[-37,31],[-58,-1],[5,-106],[-15,-24],[-38,103],[-46,-6],[-13,-42],[-38,-16],[-36,26],[17,42],[-98,-18],[-9,39],[-87,0],[-28,25],[-21,-75],[-30,-20],[-46,41],[18,5],[3,45],[58,22]],[[18310,25409],[-46,-88],[-86,12],[-22,44],[-89,-13],[27,-194]],[[18094,25170],[-63,-37],[4,-69]],[[18035,25064],[-84,-5],[0,15],[-98,-18]],[[17853,25056],[-31,9],[-31,50],[-23,-14],[-61,27],[-16,-28],[-27,32],[-63,-9]],[[17601,25123],[-48,47],[3,31],[-67,-23],[-212,86],[-28,-2],[-20,-43],[10,-37],[-49,-11],[9,-64],[-75,12]],[[18440,25594],[-83,-336],[-56,-123]],[[18301,25135],[-66,15],[-58,-33]],[[18177,25117],[-37,8],[13,36],[-59,9]],[[15999,24549],[-98,-40],[-86,-65],[-30,-51]],[[15785,24393],[-95,-65],[-91,-27],[-187,-127]],[[15412,24174],[-46,1],[4,39],[-60,10],[-21,53],[-59,43],[11,24],[-44,19],[-27,6],[-4,-24],[15,-87],[-26,26],[-42,-11],[-22,80],[93,76],[6,50],[-43,25],[-28,47],[1,43],[-56,-32],[-16,10],[-18,-68],[-20,53],[-47,17],[1,30],[-38,6],[-14,36],[38,51],[70,-38],[56,4],[-32,29],[-33,92],[8,55],[36,30],[5,34],[-30,25],[-51,-17],[-44,14],[-5,35],[31,48],[-37,87]],[[13897,24813],[5,-32],[-56,15],[-16,-155],[11,-22],[48,11],[5,-39]],[[13894,24591],[-89,-23],[-14,-75],[-38,-48],[-6,-144],[-84,-56],[-22,-83],[22,-10],[2,-25],[-38,9],[-31,45],[-67,21],[-101,-5]],[[13428,24197],[-85,-14],[-134,14],[-94,-70],[-173,-20],[-4,-52],[-38,-4],[-31,54],[-57,10]],[[12812,24115],[-78,-40]],[[12734,24075],[13,65],[18,8],[-42,37],[46,2],[14,38],[31,13],[3,46],[34,9],[-15,56],[29,77],[-51,-7],[-29,23],[44,119]],[[12829,24561],[60,-6],[41,61],[32,4],[103,-22],[102,-72],[99,58],[12,-10],[37,83],[-52,5],[-9,33],[57,9],[-62,18],[9,23],[31,-18],[22,33],[-6,30],[-30,-4],[5,35],[-21,23],[32,-4],[14,26],[10,-32],[24,-5],[11,37],[151,82],[0,46],[18,20],[-36,39],[11,64],[-102,45],[20,40],[57,-4],[-7,16],[37,55],[40,5],[-3,-106],[13,-4],[-22,-22],[23,-30],[42,43],[2,68],[29,-5],[8,-54],[54,37],[27,-13],[12,-153]],[[17601,25123],[7,-53],[-30,-115]],[[17578,24955],[-75,15],[4,-68],[-19,-14],[13,-103]],[[15412,24174],[14,-94],[-114,-29],[-148,-84],[-160,-42],[-16,-60],[-31,-15],[3,-57],[33,-69],[-27,-29]],[[14966,23695],[-105,50],[-124,-28],[-41,77],[-10,-18],[-35,10],[-5,24],[-45,-21],[-27,13]],[[14574,23802],[-81,15]],[[14493,23817],[7,129],[-53,33],[-26,89],[35,106],[-12,72],[-97,29],[-6,78],[-37,18],[-31,50],[-53,-30],[-8,-127],[-55,-7],[-87,93],[-15,-60],[-26,32],[1,48],[-72,72],[-39,149],[-25,0]],[[18177,25117],[-24,-63],[17,-16],[-10,-70]],[[18160,24968],[-76,0],[-44,17]],[[18040,24985],[12,49],[-17,30]],[[18301,25135],[-14,-40],[38,-23],[-25,-45]],[[18300,25027],[-28,-19],[-39,22],[-18,-36],[-55,-26]],[[17853,25056],[-3,-43]],[[17850,25013],[-40,-64],[15,-79],[-23,-38]],[[17802,24832],[-20,-42]],[[17782,24790],[-39,-6],[-23,52],[-52,-10],[-58,33],[-32,96]],[[18040,24985],[-7,-82]],[[18033,24903],[-23,6],[-2,50],[-145,18],[12,36],[-25,0]],[[12475,24835],[14,-26],[124,-33],[8,-47],[111,-40],[-1,-63],[80,-73],[18,8]],[[12734,24075],[-102,-49],[-192,50],[-122,-1],[-10,-25],[-238,-82]],[[12070,23968],[-60,7],[-71,-72],[-101,-44]],[[11838,23859],[-72,107],[-102,1],[-14,30],[-30,8],[20,51],[-15,31],[17,4],[13,56],[46,3],[74,45],[7,62],[45,-5],[1,26],[-39,17],[-18,-22],[-49,4],[-15,-31],[-15,9],[7,46],[-37,33],[29,16],[19,48],[-30,38],[7,22],[91,-14],[8,51],[23,19],[-199,77],[-32,121],[-57,44]],[[11521,24756],[15,41],[72,70],[128,-51],[86,25],[44,-9],[-5,38],[23,36],[93,-8],[-30,-108],[12,-200],[169,17],[35,-30],[17,29],[-52,47],[-53,-11],[-62,20],[40,91],[41,1],[10,73],[79,-12],[35,27],[28,-40],[30,14],[37,-20],[9,45],[46,13],[107,-19]],[[18300,25027],[21,-57],[-8,-20],[-10,32],[-14,-51]],[[18289,24931],[-24,-10],[-68,21],[-23,-22]],[[18174,24920],[-14,48]],[[18033,24903],[-5,-47],[17,-10]],[[18045,24846],[-42,2],[-118,78],[-5,-73],[-37,-41]],[[17843,24812],[-41,20]],[[18174,24920],[1,-17]],[[18175,24903],[-62,12],[13,-29],[-62,-16],[-19,-24]],[[17782,24790],[-18,-122],[30,-110]],[[17794,24558],[-23,-9],[-83,36],[-4,-20],[-21,20],[-60,-3],[-8,34],[18,1],[-42,72],[-42,-4]],[[18289,24931],[15,-16],[-22,3],[-9,-31],[26,-9],[14,57],[33,30],[-111,-240]],[[18235,24725],[-61,29],[8,27],[-29,38]],[[18153,24819],[29,2],[-7,82]],[[18045,24846],[45,-2],[0,-36],[-110,-20],[-5,-34]],[[17975,24754],[-26,4],[-2,-42],[-15,-1]],[[17932,24715],[-51,3]],[[17881,24718],[1,65],[-32,5],[-7,24]],[[18153,24819],[-14,-2],[11,-43],[-24,-27]],[[18126,24747],[-17,-24],[-32,44],[-102,-13]],[[11838,23859],[-190,-125],[-177,-67],[-54,-67],[-79,-48],[-36,7],[-32,-103],[-92,-29],[-85,-162],[-34,45],[7,70],[23,34],[-37,15],[-28,-26],[-36,26],[-2,118],[-19,5],[-32,76],[-17,4],[-11,-45],[-30,-6],[-3,-100],[-26,-11],[-111,30],[-1,42],[-74,104]],[[10662,23646],[-8,40],[52,85],[16,102],[76,210],[84,-9],[21,15],[-85,162],[41,7],[-118,124],[155,123],[4,75],[218,-73],[38,261],[123,-24],[51,-46],[191,58]],[[17881,24718],[-17,-71],[24,-47]],[[17888,24600],[3,-40]],[[17891,24560],[-44,14],[-53,-16]],[[18235,24725],[-15,-72]],[[18220,24653],[-77,6],[7,-39],[-45,-4]],[[18105,24616],[30,71],[-28,13],[33,10],[-14,37]],[[18105,24616],[-48,2],[-30,-38]],[[18027,24580],[-43,-26],[2,27]],[[17986,24581],[-1,22],[40,-1],[22,38],[-63,22],[2,29],[-68,-11],[14,35]],[[17454,24545],[1,-27],[-43,-28],[35,-12],[-3,-28],[67,-93]],[[17511,24357],[-106,-175]],[[17405,24182],[-44,-35],[-21,-72],[-112,-149]],[[17228,23926],[-33,-51],[18,-131],[-15,-48],[-116,-142],[-89,-49],[-3,-32],[-211,41],[-23,44],[8,-75],[24,-7],[-31,-84],[-74,0],[-14,-29],[-48,65],[-19,-16],[-66,15]],[[16536,23427],[-32,115],[38,68],[-18,79]],[[16524,23689],[13,77],[-181,71],[-48,-14],[-69,56],[-52,8],[4,18],[-28,20],[-65,2],[-22,52],[14,28],[-59,37],[-47,-4],[-3,-28],[-40,6],[7,95],[47,67],[-11,24],[-57,-23],[-45,17],[1,138],[28,8],[-7,27],[-73,28],[-46,-6]],[[17986,24581],[-22,-1],[5,24],[-81,-4]],[[17891,24560],[-46,-23],[-2,-28],[64,-51],[-30,-52]],[[17877,24406],[-14,-62],[24,-24]],[[17887,24320],[-58,-15],[-35,-60]],[[17794,24245],[-27,-23],[-7,39],[-59,2],[-31,25],[-58,-28],[-15,24],[18,107],[-104,-34]],[[14493,23817],[-135,8],[-156,-54],[-53,11],[-72,106],[-140,129],[-49,13],[-9,-52],[-23,3],[-26,-42],[-27,2],[18,-30],[41,7],[-25,-65],[44,2],[-10,-155],[-43,83],[-134,-3],[-32,-65],[6,-68],[-26,31],[-139,19],[29,16],[6,68],[-76,65],[-9,34],[58,9],[-19,34],[16,12],[24,-30],[32,15],[48,-28],[16,15],[27,-12],[37,94],[-11,24],[-126,22],[-31,-21],[-109,6],[-40,-18],[-24,-54]],[[13351,23948],[-32,22],[3,34],[-14,-14],[-9,22],[7,55],[115,74],[7,56]],[[18220,24653],[-24,-161]],[[18196,24492],[-100,4],[-26,23]],[[18070,24519],[-43,61]],[[18070,24519],[2,-126],[-37,9],[-38,-44],[-69,6],[-9,27],[-42,15]],[[18196,24492],[-48,-189]],[[18148,24303],[-64,8],[1,17],[-44,18],[1,-19],[-101,-71],[-54,64]],[[16524,23689],[-66,-56],[-45,23],[-42,-26],[-38,4],[-1,-22],[-60,38],[-45,-20],[-63,12],[9,-27],[24,-2],[-13,-24],[-164,21],[-66,-2],[4,-40],[-66,1],[-45,-44],[13,-18],[-29,5],[-38,-29],[-87,-4],[-14,29],[-72,27],[-33,-104],[-101,-3],[-159,55]],[[15327,23483],[-36,58],[-166,34],[-71,70],[-101,45],[13,5]],[[17794,24245],[-12,-20],[27,-41],[-40,-26],[-52,0],[-36,-42]],[[17681,24116],[-64,-15],[-99,70],[-81,-9],[-32,20]],[[18148,24303],[-79,-586]],[[18069,23717],[-125,-23],[-22,13],[-46,108],[-38,-50],[-10,-75],[-79,69]],[[17749,23759],[-28,89],[9,59],[-49,72],[31,25],[1,34],[-32,78]],[[13351,23948],[23,-2],[17,-42],[-25,-27],[-35,21],[-16,-53],[-62,-17],[-8,26],[-103,-4],[-26,-25],[-8,18],[-18,-18],[-57,14],[-11,54]],[[13022,23893],[-27,47],[-41,2],[-20,-7],[-37,-78],[-28,3],[-8,104],[-63,-11],[-4,22],[-34,4],[6,17],[87,3],[10,22],[0,35],[-33,12],[-18,47]],[[13022,23893],[-9,-71],[-37,3],[9,-70],[-50,-19],[-6,-25],[18,-36],[94,17],[31,-31],[-10,-23],[-55,-1],[5,-56],[-29,-24],[22,-29],[-35,-99],[36,-40],[-48,18],[-31,48],[-48,-45],[8,-26],[51,1],[-86,-58],[17,-27],[26,28],[-28,-104]],[[12867,23224],[-55,-40],[-41,27],[-63,-97],[26,15],[-32,-42],[4,-67],[-32,3],[-40,-30],[-54,-120],[-24,3],[11,-43],[-58,-64],[-5,-41],[-17,3],[68,172],[-78,54],[-56,9],[-1,-43],[-32,0],[-13,-66],[-23,-18],[9,-32],[-43,-34],[0,22],[-106,42],[9,33],[-29,-6],[4,-23],[-75,-23],[-71,56],[-66,-40],[-5,49]],[[11979,22883],[-45,31],[-23,-51],[10,-47],[-45,-66],[6,111],[-133,-152],[62,141],[-3,45],[74,74],[-6,23],[-45,-28],[-2,53],[103,73],[-153,-8],[-22,65],[15,110],[54,62],[110,8],[118,-21],[3,31],[25,16],[1,28],[-84,-1],[-31,38],[27,5],[0,52],[-27,22],[40,75],[-3,56],[-11,-20],[-31,53],[-61,5],[-11,29],[55,30],[46,-13],[18,-34],[18,32],[-30,50],[36,50],[36,158]],[[17749,23759],[-34,-29]],[[17715,23730],[-42,82],[-144,-76],[-28,13],[-2,37],[57,57],[-1,38],[-57,-2],[-40,59],[-31,7],[-47,-59],[-152,40]],[[7207,23787],[67,-27],[73,9],[106,10],[20,44],[62,2],[1,30],[59,-4],[34,34],[30,-38],[-39,-9],[1,-36],[63,-10],[-2,-22],[-80,-58],[-26,-86],[15,-53],[25,10],[65,-34],[27,74],[-28,35],[1,47],[44,12],[10,-35],[56,-8],[-6,-72],[74,6],[-5,-38],[48,-29],[-7,-65],[90,-10]],[[7985,23466],[-28,-75],[-50,-17],[17,-55],[-18,-73],[-157,-54],[-73,63],[-36,2],[-90,-268],[-45,19],[-31,-37],[-2,-21],[65,-41],[-1,-112],[-47,4],[-110,-56]],[[7379,22745],[-61,10],[-22,62],[-18,2],[-96,-121],[-59,-11],[-1,-47],[-39,-51],[41,-23],[-3,-21],[-71,-65],[-31,-106],[-26,32],[-38,6],[-14,-31],[-36,2],[-32,-55],[-21,13],[24,84],[16,-11],[32,34],[-76,180],[115,96],[-17,62],[-32,13],[-23,41],[-1,62],[-27,21]],[[6863,22923],[21,10],[10,70],[16,-4],[23,57],[-61,15],[7,41],[33,24],[67,5],[31,29],[13,55],[-71,49],[87,138],[46,5],[-40,43],[11,59],[34,-8],[1,79],[-64,16],[-15,41],[22,10],[7,34],[41,-21],[33,40],[32,0],[60,77]],[[14574,23802],[2,-112],[-44,-8],[-12,-38],[-15,7],[17,-72],[-19,-93],[89,-19],[-9,-35],[-56,-5],[-7,-69],[58,-57],[-34,-47],[6,-38],[-25,4],[-32,-60],[5,-36],[54,-27],[21,13],[16,-31],[-48,-63],[-3,-81],[-33,-8],[15,-64],[-33,-13],[-10,-53],[-43,-8],[-67,-53]],[[14367,22736],[-77,-16],[-9,-37],[-122,-104],[-105,64],[-13,43],[39,40],[-18,48],[-20,4],[6,27],[175,84],[-62,94],[53,21],[12,66],[-26,9],[1,22],[-48,4],[-1,-37],[-56,-28],[-3,-28],[-37,22],[-14,-33],[11,-74],[-55,-17],[-3,27],[-24,5],[34,45],[-12,96],[-96,72],[-51,-9],[-5,23],[-57,4],[-36,26],[-26,55],[18,75],[-47,28],[12,14],[-81,37],[13,54],[-19,10],[7,55],[-24,17],[-27,3],[-2,-49],[23,-4],[-19,-26],[-47,6],[-9,-54],[-85,-24],[-46,-36],[21,-125],[-33,-91],[-72,34],[-77,-30],[-4,85],[-42,30],[-9,34],[-9,-101],[-120,47],[-104,-13]],[[12940,23230],[-73,-6]],[[11979,22883],[-64,-163],[-26,-12],[-47,-110],[-32,8]],[[11810,22606],[-59,37],[-60,2]],[[11691,22645],[-92,-11],[-46,24],[-106,109],[-36,71],[-110,-10],[-60,-94],[-62,33],[-106,13],[-74,55],[-16,68],[-53,31],[-25,0],[-12,-48],[-100,37],[33,113],[-25,13],[-35,-16],[-1,-42],[-41,-12],[-11,-80],[-73,19],[-64,68],[-24,130],[-70,-3]],[[10482,23113],[-36,19],[33,64],[-20,-11],[-12,29],[26,28],[19,-10],[12,38],[37,2],[-2,22],[74,54],[2,77],[37,27],[-4,73],[34,17],[-20,104]],[[17715,23730],[-13,-25],[-53,-13],[-62,15],[-38,-111],[57,-39],[7,-64],[-60,29],[9,-71],[-27,-25],[29,-27],[-36,-51],[-97,33],[-14,-39],[-38,14],[-33,-25],[-4,-44],[-48,-80],[-34,2],[-30,-31],[-21,10],[-42,-65],[-77,14],[20,-21],[-28,-82],[99,-65],[-51,0],[7,-45],[-21,-6],[36,-96],[-38,-33],[27,-45],[-42,-15],[-8,24],[-36,12],[-2,43],[-81,14],[-29,-68],[-47,11],[-59,-35],[-36,-144],[-98,13]],[[16703,22599],[6,54],[29,7],[-25,69],[21,21],[25,182],[-26,1]],[[16733,22933],[4,49],[-153,227],[-68,1],[-78,51],[-14,56],[-41,21],[106,14],[47,75]],[[8333,23593],[19,-73],[157,-96],[42,-80],[150,-59],[44,29],[80,-10],[160,-65],[45,-155],[-43,-84],[-18,11],[-41,-30],[-49,-3],[12,-38],[-45,-38],[45,-12],[3,-22],[122,-1],[7,75],[24,27],[120,-7],[141,-192]],[[9308,22770],[-19,-32],[8,-52],[-40,-28],[-18,-141]],[[9239,22517],[-60,-25],[-31,35],[-28,-104],[9,-23],[-52,6],[-12,32],[-40,-51],[-74,50],[-30,45],[10,23],[-65,8],[-28,-48],[31,-128],[-19,-52],[-22,-20],[-83,-8],[-32,41],[1,36],[-22,4],[-13,-24],[-79,25],[-26,-16],[-29,21],[-7,38],[20,38],[29,-11],[-4,29],[-130,59],[-24,-74],[-33,-24],[-5,-99],[-31,-57],[-45,-9],[-47,-118],[-40,-10],[-7,-61],[-43,-76],[-16,-147]],[[8162,21822],[-35,-11],[-10,-93],[-26,-34],[-59,58],[13,70],[-42,82],[14,74],[-97,-20],[-9,49],[-19,10],[-25,-49],[-118,-97],[-77,173],[-87,-63],[-49,31]],[[7536,22002],[-58,104],[12,87],[-23,50],[87,79],[13,52],[-47,98],[-30,-12],[-60,20],[-104,69],[1,45],[61,74],[-18,28],[9,49]],[[7985,23466],[31,36],[-52,58],[65,28],[4,63],[23,-10],[21,17],[-23,39],[11,22],[20,2],[1,-28],[80,-17],[17,24],[24,-8],[11,-41],[76,-25],[-15,-41],[54,8]],[[15327,23483],[11,-39],[-33,-79],[65,-18],[-14,-49],[31,-40],[22,14],[-4,45],[54,6],[2,45],[35,20],[86,-69],[29,0],[5,17],[19,-17],[2,-93],[103,-12],[58,-59],[-15,-51],[-124,-27],[7,-19],[96,-32],[-10,-80],[43,1],[-9,-43],[-269,-127],[-162,10],[-70,-156],[-3,-28],[30,-30],[43,-7],[-15,-60],[13,-50],[34,1],[59,-50],[30,-1],[70,45],[41,-40],[123,-30],[0,-46],[-40,14],[-44,-45]],[[15626,22304],[-59,3],[-2,-74],[-58,-3],[-19,-33],[-57,-17],[-2,-25],[-59,23],[-100,103],[-37,-27],[-68,11],[-79,-121],[-65,42],[-8,81],[-93,-17],[-59,42],[-96,-32],[-21,59],[-50,41],[-14,-18],[-19,11],[-26,-60],[22,-31],[-34,-100],[-19,-1],[-88,238]],[[14516,22399],[10,22],[-19,34],[-64,37],[4,54],[29,21],[-57,48],[9,45],[-31,-20],[-30,96]],[[18069,23717],[-7,-233],[31,-146],[-242,-738],[-1,-74],[-160,-453]],[[17690,22073],[-50,19],[-8,77],[-54,68],[-24,1],[1,-68],[-18,10],[-23,-33],[-31,41],[-85,-35],[-86,73],[0,34],[-22,17],[-89,-27],[31,-47],[-16,-48],[-55,19],[-12,41],[-59,44],[-17,6],[-9,-70],[-30,21],[-50,-6],[-3,47],[-57,45],[-60,-13],[-33,14],[-7,26],[-37,-3]],[[16787,22326],[-13,57],[-78,129],[20,-4],[-13,91]],[[16733,22933],[-39,13],[-115,-29],[-8,-46],[57,-223],[-11,-26],[-23,-10],[-36,27],[-69,4],[-40,-48],[-68,8],[-6,-31],[-26,-1],[-94,23],[-6,-33],[-84,-20],[-11,23],[-81,21],[54,-136],[-23,-59],[40,-35],[16,-67],[-21,6],[-10,-21],[-92,12],[-15,-39],[-79,-17],[-9,-35],[-78,53],[-25,-49],[17,-36],[-56,-56]],[[15792,22106],[-128,84],[22,75],[-60,23],[0,16]],[[14516,22399],[-52,-63],[-23,-3],[-83,20],[-17,23],[13,37],[-68,1],[-24,-36]],[[14262,22378],[-71,19],[-30,59],[0,50],[-85,-61],[-50,-9],[-32,28],[15,22],[-38,17],[-45,-94],[-1,-53],[-124,-165],[0,-28],[56,-14],[-31,-195],[32,-15],[46,48],[7,-48],[-43,-59],[-102,-3],[-20,16],[22,76],[-32,24],[-74,-4],[-23,-9],[-10,-79],[-78,-24],[-27,70],[0,96],[43,12],[11,-37],[56,-22],[60,103],[67,-20],[-6,120],[-32,37],[-110,-1],[-41,71],[-28,111],[-36,19],[3,39],[-45,78],[76,101],[-9,23],[-85,45],[-74,-2],[27,31],[-9,15],[-90,-11],[30,52],[54,6],[39,48],[-47,43],[-28,-31],[-51,-10],[1,-41],[-102,-43],[-24,-2],[21,36],[-21,28]],[[13174,22841],[-139,-17],[10,49],[40,51],[3,130],[-61,26],[-9,42],[-34,34],[-36,4],[-8,70]],[[11691,22645],[-4,-158],[-101,-260],[-10,-102],[-20,-26],[-150,-15],[-32,-136],[-93,-24],[-82,-146],[-83,94],[-113,-163],[-18,-17],[-42,11],[-28,59],[46,160],[-127,31]],[[10834,21953],[5,55],[-74,27],[-7,116],[45,-22],[83,29],[8,44],[33,-1],[17,-43],[43,-13],[75,31],[31,51],[-7,61],[-29,9],[42,109],[-120,150],[-13,-24],[-142,-11],[-30,72],[-53,-7],[4,70],[-19,49],[-33,53],[-36,9],[-24,-40],[-100,-3],[-50,-100],[-65,-25],[-56,-132],[-164,105],[-55,94],[-62,10]],[[10081,22676],[-17,16],[-12,126],[75,-21],[64,17],[23,34],[-2,39],[18,8],[-20,2],[5,34],[-35,21],[25,7],[5,61],[40,-44],[37,21],[1,33],[-65,19],[-19,43],[-40,22],[-16,32],[18,25],[54,-21],[9,-29],[30,-13],[0,-45],[19,-2],[13,56],[8,-84],[19,11],[-9,-30],[56,8],[-2,-19],[33,-11],[-68,-9],[25,-88],[32,-2],[59,41],[0,41],[30,11],[-33,42],[41,85]],[[13174,22841],[-87,-44],[-41,-62],[3,-19],[25,2],[-5,-18],[-37,-17],[61,-67],[33,46],[29,-1],[18,-54],[-10,-42],[-64,-15],[-8,16],[-59,-1],[-11,-25],[-206,-72],[27,-59],[53,0],[33,-32],[-13,-52],[-50,-63],[6,-53],[-66,-28],[-32,30],[-30,-3],[-57,-15],[-47,-44],[-45,9],[43,-36],[46,9],[34,-83],[-3,-81],[-69,-131],[154,0],[59,-54],[77,-15],[-3,-55],[22,-14],[35,117],[44,29],[26,-18],[-1,-55],[23,-37],[126,-90],[29,-59],[94,40],[6,-86],[-15,-31],[-44,9],[-17,-67],[87,-66]],[[13347,21384],[-37,-28],[-67,2],[-12,147],[-161,-39],[22,68],[-32,90],[-64,-11],[-14,-40],[11,-120],[-125,50],[-30,-9],[-37,68],[-91,-5],[-11,-47],[-44,1],[-7,-78],[-71,-5],[30,115],[-127,-20],[10,-121],[33,-9],[70,-138],[-3,-72],[-21,0],[13,-33],[-16,-12],[73,-133],[-7,-39]],[[12632,20966],[-54,-45],[-56,-6],[-31,-46]],[[12491,20869],[-150,-49],[-57,11],[-34,37],[-47,-9],[-10,28],[-53,-83],[-80,29],[-60,-37],[-43,56],[-76,-65],[-6,63],[-65,-4],[-84,34],[-16,27],[17,62],[-32,23],[4,93],[69,22],[9,76],[73,59],[-1,73],[45,-32],[82,53],[-6,96],[-81,133],[81,85],[-87,143],[32,167],[66,85],[-18,74],[15,101],[-108,134],[-47,13],[-54,-28],[-58,11]],[[11711,22350],[99,256]],[[7536,22002],[-78,-61],[20,-30],[104,2],[52,-94],[-13,-106],[86,-24],[112,-179],[-8,-75],[-91,-116],[26,-95],[-25,-49],[7,-38],[-117,-66]],[[7611,21071],[-213,54],[-40,-31],[28,-19],[-1,-150],[-35,-141],[-36,-42],[-56,30],[-60,-93],[-84,-53],[-23,-176],[-68,-164],[3,-90],[-79,56],[-13,57],[-63,-10],[-67,-54]],[[6804,20245],[-66,113],[-131,20],[-195,75],[-96,-12],[-35,27],[-40,-12],[-52,31],[-57,-34],[-103,8],[-36,-22],[-88,41],[-124,-50],[-117,14],[-28,32],[-65,20],[48,107],[-42,67],[25,140],[37,43],[58,13],[64,-35],[58,17],[26,63],[83,-2],[29,72],[37,3],[56,146],[59,22],[42,91],[54,13],[17,35],[30,219],[28,30],[-16,62],[5,137],[34,141],[-39,47],[-84,-105],[-107,18],[141,127],[6,27],[-18,25],[-112,1],[-4,152],[-23,25],[-9,111],[54,95],[-2,115],[67,68],[-43,100],[3,43],[7,47],[274,82],[79,-23],[5,-93],[105,2],[42,29],[4,80],[50,-17],[10,-42],[70,12],[4,54],[-27,44],[21,38],[86,-19]],[[14262,22378],[-33,-158],[79,-32],[-13,-31],[48,-57],[-52,-134],[38,-73],[-12,-67],[-25,-15],[8,-49],[-35,-39],[4,-16],[24,16],[33,-24],[-27,-53],[-48,-37]],[[14251,21609],[4,18],[-87,33],[-67,7],[-23,-24],[-26,24],[-44,-6],[-99,40],[-73,-61],[-235,48],[-114,-27],[11,-35],[-30,-166]],[[13468,21460],[-47,-5],[-74,-71]],[[16787,22326],[35,-104],[141,-79],[29,-67],[-114,10],[38,-81],[-57,-92],[1,-73],[-60,-114],[127,-116],[-20,-81],[15,-5],[6,-127],[-44,-139],[12,-46],[-30,-50],[9,-40],[-121,48],[-60,-21],[4,64],[-91,17],[-10,61],[-55,-29],[-34,24],[-10,204],[-48,-6],[-13,36],[48,52],[-49,36],[29,36],[-143,49],[-13,56],[-88,-63],[-43,22],[-62,-86],[-6,-38],[36,-3],[37,-48],[18,34],[46,-27],[-76,-151],[-86,-8],[-62,50],[-49,-50],[0,-26],[17,15],[15,-14],[-15,-35],[78,-38],[-11,-60],[16,-29],[-29,1],[-9,-59]],[[16036,21136],[-87,7],[-80,-45],[-5,-22],[-49,-5],[-178,66],[-35,-10],[-11,-51],[-41,0],[-30,-44]],[[15520,21032],[-119,51],[-64,93]],[[15337,21176],[16,81],[81,26],[13,42],[-30,11],[30,54],[61,23],[24,36],[44,-10],[1,56],[-41,26],[12,18],[73,-23],[-9,82],[48,-12],[7,43],[90,-37],[12,51],[-30,39],[4,29],[77,26],[-19,26],[-5,100],[-25,1],[-18,44],[-51,5],[-2,21],[19,16],[49,-25],[10,29],[40,9],[-1,21],[34,24],[-4,60],[-32,0],[-23,38]],[[16772,21702],[-12,-45],[50,-45],[14,-77],[31,21],[9,49],[-75,109],[-17,-12]],[[9803,22574],[-26,-33],[16,-32],[-13,-57],[11,-72],[51,-87],[-37,-262],[28,-18],[-18,-156],[12,-13]],[[9827,21844],[73,-119],[36,-26]],[[9936,21699],[-27,-28],[-45,-1],[-45,-91],[-28,51],[5,35],[-87,42],[-7,-42],[-60,-6],[-3,-68],[-34,-5],[-25,-80],[64,-50],[40,-2],[79,-114],[-78,-70],[12,-68],[-28,-158],[-81,-2],[-63,-30],[-68,30],[-22,-49],[-24,-85],[135,-98],[-29,-103]],[[9517,20707],[-87,74],[-45,-30],[-89,70],[-105,-60]],[[9191,20761],[-38,1],[-35,82],[4,68],[-111,52],[-11,51],[-38,27],[52,22]],[[9014,21064],[52,-27],[44,106],[-41,45],[2,117],[-63,22],[-17,83],[-23,27],[71,97],[10,-20],[81,7],[-14,61],[-35,10],[18,59],[-38,63],[55,34],[15,50],[-13,54],[-55,57],[62,158],[-10,93],[21,4],[96,139],[-14,77],[21,137]],[[9308,22770],[71,-22],[63,-62],[51,-3],[125,-107],[185,-2]],[[10834,21953],[-44,-48],[-111,-5],[-38,-42],[-67,14],[-63,-49],[-30,40],[-162,42],[2,92],[-56,-75],[-24,17],[-47,-33],[-67,28],[-74,-22],[-39,-147],[-10,58],[-41,16],[-28,44],[-108,-39]],[[9803,22574],[65,42],[35,-28],[107,0],[29,-28],[30,40],[-5,62],[17,14]],[[11711,22350],[-71,-223],[-67,-133],[-42,-63],[-27,9],[-66,-76],[8,-118],[-23,5],[-63,-90],[46,-26],[0,-74],[-80,-185],[-36,-37],[-62,-20],[-2,-73],[-84,-273],[-30,-40],[-43,-10],[-69,-110],[-137,-67]],[[10863,20746],[-58,14],[24,31],[4,73],[-80,-85],[-31,13],[-31,-31],[-28,6],[3,84],[39,74],[-15,74],[-51,19],[-24,-29],[-20,30],[72,92],[30,-10],[27,87],[-148,66],[-76,141],[-50,5],[-58,40],[-80,2],[-52,44],[-24,-43],[-37,42],[-22,-3],[-32,-52],[14,-7],[-13,-67],[-113,23],[-16,-31],[-115,45],[93,167],[-38,76],[14,32],[-35,31]],[[9014,21064],[19,43],[-21,24],[10,39],[-18,4],[-47,-12],[-95,-72],[-9,27],[-62,11],[-5,-18],[-34,20],[-13,-14],[-54,89],[8,63],[-103,33],[-59,116],[-8,82],[17,73],[-25,46],[-74,20],[31,46],[-7,17],[-39,-2],[-47,-38],[-73,31],[-17,58],[-81,20],[-46,52]],[[15337,21176],[-94,22],[-13,22],[22,56],[-12,45],[-50,20],[-33,-29],[-21,-122],[-178,83],[-53,-6],[-70,34],[-56,-85],[-31,5],[-19,-41],[-47,-1],[-36,24],[21,102],[-34,22],[-4,-24],[-55,-24],[-48,44],[-51,2],[-10,103],[-27,-8],[-8,-26],[-20,26],[11,68],[-24,12],[-28,-47],[-29,48],[-17,-11]],[[14323,21490],[-25,-7],[-15,18],[11,36],[-43,72]],[[12491,20869],[56,-36],[5,-28],[-123,-121],[50,-46],[-38,-10],[-9,-27],[9,-25],[38,0],[4,-73],[-56,-6],[-7,-24],[-61,14],[-14,-18],[-34,54],[58,127],[-28,31],[-69,9],[-9,-113],[-46,-55],[90,-76],[37,-74],[-13,-30],[-36,23],[-43,-13],[-13,-146],[34,-96],[-2,-81],[24,-4],[26,138],[55,32],[33,-51],[-33,-42],[17,-38],[-20,-104],[95,-55],[-41,-106]],[[12427,19799],[-32,-62],[-37,54],[-75,-6],[-25,18],[-195,-266],[-81,15],[-78,45],[-106,-69],[-116,-25]],[[11682,19503],[-63,10],[-54,48],[-128,-62],[-82,23],[-52,-71],[-38,-19],[0,-30],[-87,4],[-5,-23]],[[11173,19383],[-64,15],[-24,27],[19,35],[9,150],[75,194],[33,157],[39,56],[-10,11],[51,51],[-34,50],[-42,-33],[-170,-60],[-29,-44],[-104,-20],[15,62],[-34,51],[-36,21],[-79,-7],[20,96],[28,13],[24,63],[-63,73]],[[10797,20344],[48,139],[57,-38],[45,50],[21,63],[-31,67],[-63,33],[10,57],[-21,31]],[[17690,22073],[-51,-384],[-73,-188],[-364,-418],[-236,-389]],[[16966,20694],[-79,10],[-42,-72],[-78,-10],[-18,-28],[-52,66],[-87,32],[-3,-83],[-47,22],[-60,-31],[-69,30],[-57,37],[-64,116],[-80,66],[17,5],[-15,43],[-41,46],[-20,69],[-41,0],[-94,124]],[[9191,20761],[-27,-55],[-39,-25],[-38,-98]],[[9087,20583],[-26,8],[-53,-45],[-57,-4],[-91,-80],[-4,31],[-51,-20],[-43,19],[-53,-36],[7,-33],[-91,-6],[-24,-27]],[[8601,20390],[-23,75],[13,51],[-15,86],[-42,41],[13,18],[-14,18],[-24,-3],[-40,-67],[-79,93],[-27,-13],[5,-38],[-17,-10],[0,25],[-28,15],[-21,-27],[-20,5],[-11,135],[-97,37],[-135,-28],[-98,-49],[-92,-7],[-17,25],[-74,28],[-22,58],[-115,140],[-10,73]],[[10797,20344],[-90,32],[-77,-78],[-54,-19],[-52,148],[-86,-67],[-172,-14],[-39,-166],[-70,-15],[-111,47],[32,104],[-121,60],[-15,37],[-106,-2],[-37,25],[-55,-49],[-7,24],[-32,-26],[-38,44],[-33,1],[16,57],[63,1],[46,85],[-86,28],[-22,-37],[-42,23],[-28,-20],[-38,17],[16,48],[-42,75]],[[14323,21490],[-27,-145],[36,-59],[-43,-90],[12,-36],[-85,-150],[28,-22],[5,-75],[67,-2],[49,-68],[28,-193],[-100,-57],[13,-25],[-27,-45],[30,-32],[-28,-29],[53,-4],[28,-176],[72,-63],[-34,-58]],[[14400,20161],[-19,-39],[-52,-34],[-56,18],[0,-57],[-87,9],[-78,-28],[-11,-44],[-35,9],[-28,-35],[-63,5],[-5,-76],[-165,8]],[[13801,19897],[-46,-61],[-110,14],[-28,24]],[[13617,19874],[45,105],[34,17],[-3,90],[-83,24],[1,25],[-42,22],[-16,35],[-43,16],[6,21],[-120,57],[16,90],[-24,16],[40,54],[22,-71],[53,0],[-17,31],[11,41],[-80,67],[14,17],[77,-17],[6,28],[-55,20],[103,96],[-32,39],[14,119],[76,21],[30,59],[55,16],[-28,67],[52,5],[19,58],[-170,26],[-23,-34],[-55,-4],[1,71],[-60,13],[-18,34],[-85,18],[104,33],[27,-36],[53,19],[-30,78],[-35,29],[12,24],[43,-21],[31,22],[21,55],[-27,66],[-69,25]],[[13617,19874],[-51,-19],[-26,12],[-22,-20],[10,-27],[-28,-58],[-85,23],[-26,35],[-39,-5],[-49,-110],[-61,-5],[-16,-85],[-115,69],[-36,-28],[-16,-64]],[[13057,19592],[-48,-34],[-57,38],[-26,-34],[-50,25],[-11,30],[-64,4],[9,37],[-19,26],[16,15],[34,-24],[47,117],[-34,60]],[[12854,19852],[47,99],[-63,41],[28,92],[70,-34],[19,76],[58,12],[16,-18],[-8,38],[21,11],[-14,76],[35,-12],[23,47],[-59,13],[-12,41],[-13,-4],[-1,18],[21,0],[-22,16],[7,31],[-41,14],[41,5],[-6,29],[15,13],[45,4],[-21,50],[36,-14],[27,24],[-71,24],[-16,45],[6,18],[29,-2],[6,38],[-36,28],[12,71],[-82,65],[11,49],[-89,37],[-27,-9],[-5,-25],[-31,38],[-35,7],[-4,-49],[-78,0],[-61,111]],[[15520,21032],[13,-49],[60,9],[43,-25],[-17,-38],[-63,9],[-22,-41],[-6,-34],[36,-52],[-52,-12],[-7,-39],[-175,45],[-3,-40],[-37,-46],[5,-64],[-54,-22],[-39,-50],[-24,-187],[49,-8],[-30,-150],[19,-24],[40,-10],[24,51],[39,2],[33,-55],[92,9],[28,64],[46,17],[36,-121]],[[15554,20171],[-42,-28],[-41,-78],[-79,-8],[-30,-26],[14,-101],[-28,-14],[6,-38],[-58,-130],[-136,30],[-13,-17],[-55,3],[-15,-79]],[[15077,19685],[-55,11],[24,98],[-45,28],[2,44],[-109,12],[3,22],[-19,4],[-37,-25],[-34,34],[-19,-5],[-20,142],[45,51],[-34,55],[-43,-2],[-48,41],[-32,-51],[-58,-2],[-5,22],[6,43],[-19,5],[-12,-57],[-52,26],[-46,-33],[-70,13]],[[8601,20390],[-28,-24],[-116,-17]],[[8457,20349],[-83,77],[-99,-35],[-41,30],[-39,-53],[-27,13],[-45,-20],[-90,-115],[-30,-101],[-123,-22],[-62,20],[-86,-63],[20,-116],[-27,-59],[-56,-5],[-8,39],[-40,-62],[7,-20],[108,-12],[101,-107],[51,35],[84,5],[29,36],[123,-87],[-134,-187],[-37,21],[-2,24],[-38,-24],[-22,10],[-2,-21],[-23,7],[-77,-140],[21,-44],[-47,-34],[-5,24],[-18,-3],[4,-27],[48,-29],[-6,-18],[-73,11],[-49,-66],[-36,-225],[24,-36]],[[7652,18970],[-132,0],[-45,37],[-55,22],[-43,-7],[-28,25],[-77,-54],[-11,-52],[-181,73],[-203,4],[-53,90],[-46,17],[-12,43],[-209,8],[-70,50]],[[6487,19226],[-4,70],[154,347],[84,130],[126,87],[55,134],[38,28],[-11,41],[-103,81],[-22,101]],[[16966,20694],[-587,-1018],[-108,45],[-5,-13]],[[16266,19708],[21,172],[-10,173],[22,9],[35,201],[-97,40],[-12,-17],[-29,16],[-33,-53],[-87,48],[-70,-17],[-70,79],[-26,29],[-36,4],[-36,-38],[-122,14],[-31,-39],[-47,12],[-41,-91],[13,-43],[-32,-51],[-24,15]],[[12854,19852],[-24,16],[-29,-51],[-73,-7],[-8,-46],[34,-40],[-37,0],[-35,-80],[-135,66],[-4,39],[44,33],[-160,17]],[[11173,19383],[-30,-80],[11,-83],[-18,4],[-20,-61],[88,-97],[-57,-57],[-13,-53],[-65,-17],[-17,50],[-137,-45],[-36,-52],[-77,22],[-2,-69],[-30,-17]],[[10770,18828],[-89,-116],[-47,-121],[-111,-21],[-146,-71],[-80,50],[-44,-20],[-174,31],[-23,30],[-89,32],[-38,49],[-35,110],[38,32],[-121,57],[-51,-33],[-95,-225],[-136,-174],[-25,0],[-75,-84],[-32,9],[-42,25],[71,69],[99,183],[-18,29],[21,29],[-16,13],[16,1],[19,80],[52,75],[2,45]],[[9601,18912],[87,4],[91,61],[59,-9],[136,218],[53,-44],[70,76],[18,56],[-46,62],[-23,-37],[-19,44],[-63,31],[-11,36],[-67,-41],[-45,33],[12,67],[76,28],[1,67],[34,12],[-23,25],[-53,8],[19,96],[42,51],[-8,33],[-56,32],[-39,-43],[-74,-19],[-48,-64],[-45,75],[27,109],[-73,2],[-9,39],[-24,12],[-27,-27],[-26,23],[26,80],[36,26],[-82,38],[-91,-68],[-40,2],[13,26],[-29,24],[6,100],[-116,9],[-32,34],[18,38],[-16,29],[-55,21],[-26,63],[51,83],[5,41],[-23,7],[11,61],[-46,34],[-70,7]],[[9601,18912],[-64,25],[32,73],[-15,25],[-77,-83],[-22,19],[-122,-95],[83,86],[-14,28],[37,74],[-13,35],[-43,28],[-122,-90],[3,-38],[-92,-43],[-14,7],[48,70],[0,50],[38,4],[22,25],[-13,14],[-61,-2],[-77,-101],[17,82],[45,55],[-78,6],[-5,-31],[-86,-76]],[[9008,19059],[62,96],[11,59],[-32,95],[-45,51],[-425,-61],[-98,-34]],[[8481,19265],[-15,65],[51,69],[120,6],[-57,83],[84,140],[61,-22],[87,43],[0,17],[-42,3],[-8,21],[33,44],[-62,25],[-24,-19],[-53,152],[-49,14],[7,61],[57,11],[49,116],[89,-30],[19,38],[12,-26],[33,-4],[15,64],[-142,83],[-38,-46],[-48,34],[-13,-39],[-52,0],[-52,-88],[-51,7],[-35,29],[-43,101],[43,132]],[[8481,19265],[-82,-21],[-120,-92],[-57,4]],[[8222,19156],[-119,-14],[-35,-70],[-72,3],[-58,-61],[-82,-32],[-8,-30],[-101,21],[-34,-30],[-61,27]],[[15230,19318],[40,-12],[6,-54]],[[15276,19252],[-57,36],[-28,-38],[-57,13],[-23,47]],[[15111,19310],[17,35],[32,-3],[40,-41],[30,17]],[[16266,19708],[-37,-178],[74,-32],[-82,-252],[-40,8],[-7,5],[-30,54],[-14,42],[-27,0],[-33,-71],[-9,-52],[-83,33],[-68,-79],[-44,-1],[6,-75],[-28,-13],[6,-27],[-27,-3],[-5,47],[-21,176],[-90,32],[-4,31],[13,40],[73,-39],[24,34],[55,23],[9,67],[-28,7],[-38,18],[-64,-72],[-58,-3],[-21,-39],[-16,8],[-14,-53],[30,-23],[-4,-17],[-52,-3],[-15,-21],[-16,-1],[-22,-56],[25,-48],[63,-43],[-15,55],[8,28],[50,-24],[-15,-79],[77,-85],[28,-32],[-43,-11],[-3,-57],[-35,0],[6,-15],[-33,21],[-25,-11],[-27,16],[17,47],[-11,50],[51,-1],[3,28],[-63,1],[-37,0],[-4,-121],[-37,-1],[-2,-28],[-58,13],[0,-54],[50,2]],[[15529,18874],[21,-1],[-2,-83],[24,-23],[1,-77],[35,-58],[-78,2],[25,-60],[-26,0],[-4,-39]],[[15525,18535],[-20,9],[-17,-1],[-5,-38]],[[15483,18505],[-43,19],[-112,-59],[-76,70],[-33,62],[-56,20],[-58,60],[-61,6]],[[15044,18683],[-1,43],[42,-16],[71,19],[7,8],[-14,9],[-2,15],[10,19]],[[15157,18780],[-2,-21],[47,24],[32,0],[-1,37],[42,-2],[-8,-77],[91,-21],[49,13],[22,73],[-64,16],[-1,49],[-35,1],[3,30],[-29,10],[-1,-38],[-17,1],[-17,38]],[[15268,18913],[21,52],[-38,10],[12,23]],[[15263,18998],[18,-22],[48,3],[2,27],[67,2],[1,24],[57,28],[7,84],[-43,8],[-10,37],[-25,18],[-5,-23],[-18,5],[-23,-12],[-2,59],[22,-3],[5,69],[-54,52],[17,74],[-18,17],[28,16],[41,114],[-106,47],[6,-65],[-37,-22],[1,-20]],[[15242,19515],[-45,12],[-102,81],[11,23],[-29,54]],[[15564,19639],[-39,-67],[-34,-1],[-19,-59],[-49,13],[-20,-103],[25,-10],[51,28],[31,-58],[21,41],[154,2],[-76,94],[9,104],[-44,18],[-10,-2]],[[15360,18691],[-29,-99],[24,-39],[112,-7],[0,43],[-53,29],[10,49],[-36,17],[-28,7]],[[15528,19331],[-36,-25],[-66,5],[-9,-53],[-28,11],[4,-36],[83,-27],[51,27],[9,98],[-8,0]],[[16039,19548],[31,38],[-49,7],[-23,9],[-4,-42],[45,-12]],[[15242,19515],[-10,-44],[33,-5],[-12,-55],[-29,2],[32,-39],[1,-29],[-27,-27]],[[15111,19310],[-63,-2],[-21,27],[-70,-73],[-41,2],[-5,27],[-117,6],[-40,44],[-101,0],[-4,-28],[9,-53],[31,7],[-1,-21],[-69,10],[0,-49],[-34,-49],[-33,91],[-27,-13],[-1,-39],[-37,1],[-7,40],[-211,-31],[-15,-74],[-54,17],[-26,-106]],[[14174,19044],[-108,19],[-34,37],[-21,119],[10,32],[58,2],[0,98],[-27,31],[-4,44],[28,35],[-22,0],[-7,65],[32,33],[3,78],[-153,-9],[-16,42],[-37,6],[17,12],[5,92],[-16,6],[-53,-47],[-15,-41],[-38,5],[-11,57],[36,137]],[[14174,19044],[155,-104]],[[14329,18940],[-17,-60],[10,-33],[64,-56],[4,-25],[-54,36],[-4,-23],[-52,-20],[-26,93],[-82,-28],[-5,-30],[32,-7],[6,-33],[-25,-29],[33,-48],[-19,-80],[-76,0],[-5,93],[-57,46],[6,37],[-52,50],[-19,-13],[-15,-74],[-33,5],[-10,-31],[-90,87],[-11,35],[-18,-3],[-65,-29],[-6,-34],[-49,-26],[-45,-74],[-31,51],[-79,-7],[-25,27],[0,58],[21,31]],[[13535,18826],[24,4],[-130,20],[-6,93],[27,43],[-45,43],[22,30],[8,62],[-24,33],[32,41],[-2,44],[-70,-13],[-11,-29],[-35,5],[-41,40],[9,32],[-21,59],[-65,-39],[-86,-3],[-90,15],[-36,40],[-4,88],[43,49],[-15,37],[69,22],[-31,50]],[[13535,18826],[-48,14],[-34,-79],[-146,-52],[-50,33],[-84,-16],[-57,56],[-36,-9],[-3,34],[-16,-2],[-49,-67],[38,-4],[21,-155],[-37,-57],[-31,-12]],[[13003,18510],[-16,-14],[-102,-49],[-43,-43],[-45,27],[-97,-106],[-3,-38],[-38,-20],[-5,25],[-39,11],[-35,-64],[-52,110]],[[12528,18349],[22,66],[-11,70],[-182,58],[-1,108],[49,87],[-25,36],[4,44],[33,83],[-63,74],[-2,37],[-22,11],[-92,-109],[-19,59],[12,74],[-58,25],[11,56],[-19,25],[3,92],[-16,22],[-98,-46],[-39,50],[-43,10],[-190,-27],[-14,25],[39,61],[-7,44],[31,18],[-149,101]],[[12528,18349],[-60,-100],[-69,20],[-19,57],[-73,41],[-85,-22],[22,-67],[-50,-47],[-71,17],[-46,44],[-16,-26],[-40,26],[-54,-56],[-28,-79],[6,-124],[-35,-18],[6,-39],[-37,-10],[-166,28],[11,-82],[-30,-65],[-37,1],[-95,61]],[[11562,17909],[-102,81],[-144,-52],[-55,1],[-83,-42],[-39,28],[-76,-1],[-45,-35],[-22,-56],[1,-20],[23,2],[-20,-13],[7,-105],[-82,18]],[[10925,17715],[-16,3],[10,68],[-67,-6],[19,47],[13,223],[-66,38],[0,87],[23,67],[-14,53]],[[10827,18295],[102,77],[13,82],[113,39],[19,231],[-59,33],[-104,-4],[-26,47],[-89,-7],[-26,35]],[[9008,19059],[-126,-184],[18,-19],[-22,-38],[-48,-6],[-16,47],[-82,46],[5,29],[-26,15],[-45,-54],[-24,-127],[58,-78],[-21,-32],[-55,47],[-36,-3],[-16,-53],[49,-69],[-60,-18],[-33,-46],[-1,-32],[41,-59],[71,-28],[25,-31],[0,-121],[-52,-54]],[[8612,18191],[-80,-91],[-73,11],[-31,26],[-117,-34],[-57,25],[-3,-22],[-54,2],[-44,-31],[-37,54],[-12,-96],[-82,37],[-68,-62]],[[7954,18010],[-55,6],[-25,-28],[5,-35],[-29,-4],[-43,-77],[-30,17],[-23,-24],[-46,33],[-45,-16],[-18,58],[-36,19],[-35,-53],[-15,21],[-37,-7]],[[7522,17920],[-25,40],[18,123],[38,26],[95,-20],[51,28],[-51,64],[38,-1],[16,26],[3,19],[-53,50],[51,56],[1,42]],[[7704,18373],[35,-3],[3,24],[58,-22],[16,-85],[21,35],[104,-48],[93,56],[12,20],[-70,38],[-7,111],[17,38],[-33,-9],[7,33],[-57,40],[14,57],[-28,15],[16,40],[-43,28],[40,41],[-34,64],[22,22],[-7,18],[-21,-9],[-9,47],[224,91],[124,95],[21,46]],[[6487,19226],[22,-136],[-6,-119],[27,-53],[1,-60],[-106,2],[3,-128],[-72,-165],[28,-32],[39,6],[22,52],[113,-31],[38,-36],[48,-1],[-2,-64],[54,-13],[-63,-142],[-56,-227],[-22,-13],[19,-60],[-22,-59]],[[6552,17947],[-66,-90],[-83,18],[-19,-20],[-19,-117],[92,-77],[-58,-95],[-35,16],[-35,-21],[-72,8],[-65,-77],[6,-151],[36,-17],[-85,-198],[22,-49],[-67,-98],[-91,-36],[-36,-78],[-23,1],[-2,-19],[28,-4],[26,-48],[41,3],[77,-42],[-32,-16],[-13,-71],[-32,23],[-162,25],[-57,103],[-35,9],[-52,-39],[-12,-127],[53,-135]],[[5782,16528],[-24,6],[-60,6],[6,-24],[-26,-12]],[[5678,16504],[-6,-26],[-60,27],[0,28],[-61,-12],[-26,66],[-26,19],[99,-21],[-41,33],[19,71],[-20,-6],[-6,32],[54,24],[-1,32],[-38,29],[-40,-8],[-10,68],[20,37],[24,8],[17,-30],[31,20],[-16,54],[32,55],[-21,13],[-70,-58],[-42,0],[-22,-41],[-35,-3],[-38,-48],[-73,8],[-37,-30],[-29,42],[-80,-34],[-67,9],[-86,52],[-1,44],[13,55],[25,15],[-12,13],[28,23],[5,-70],[68,24],[0,108]],[[5149,17126],[61,-40],[63,-9],[64,75],[32,8],[52,132],[55,-17],[10,26],[16,229],[-70,104],[-9,81],[64,83],[-57,52],[-16,128],[28,66],[-11,22],[-20,-14],[-6,57],[-19,16],[-39,-16],[-16,43],[46,99],[-8,27]],[[5369,18278],[30,86],[38,26],[-8,27],[42,36],[19,120],[56,133],[-30,81],[27,54],[-24,34],[5,94],[54,-4],[16,-44],[16,15],[25,-30],[-15,61],[34,44],[19,175],[195,-57],[20,29],[70,17],[78,-25],[82,18],[44,-12],[16,21],[146,30],[57,34],[24,-25],[82,10]],[[7704,18373],[-45,69],[-69,9],[-17,31],[-16,-25],[-60,3],[-24,-77],[-46,6],[-11,39],[-54,44],[-27,-63],[14,-22],[-69,-91],[-162,-58],[-45,13],[22,47],[-58,-3],[-61,-144],[-12,-127],[-28,-66]],[[6936,17958],[-22,3],[-98,-187],[-14,-24],[-52,16],[-44,-40],[-40,-2],[3,-36],[-45,-37],[-27,1],[-48,86],[38,206],[-35,3]],[[15276,19252],[-1,-60],[-43,-9],[-5,-36],[3,-49],[44,-33],[-11,-67]],[[15268,18913],[-26,8],[-59,-68],[-39,31],[13,-104]],[[15044,18683],[-57,-12],[-164,86],[-84,2],[-185,70],[-59,-4]],[[14495,18825],[-75,18],[-91,97]],[[10827,18295],[-60,40],[-26,-81],[-74,13],[-10,-18],[-43,0],[-40,-148],[-35,12],[-53,-28],[-33,31],[-14,-24],[-43,1],[-33,36],[4,47],[-32,-54],[-88,20],[0,52],[30,-22],[27,31],[-24,25],[49,66],[-89,34],[-153,-48],[-85,-87],[-1,29],[-85,-15],[-6,-72],[-38,-5],[-36,-63],[-22,9],[-2,-54],[-19,-15],[44,-13],[35,37],[9,-41],[38,-17],[-26,-68],[-19,-3],[5,21],[-15,4],[-38,-28],[36,-64],[-25,-54],[-13,-111],[41,-6],[-29,-23],[31,-3],[-45,-85],[5,-20],[31,5],[37,-81]],[[9895,17457],[-212,-44],[-14,-56],[-31,11],[-6,55],[-81,-147],[-59,-61],[8,-24],[-75,-52],[-10,26],[-73,23],[59,7],[4,59],[24,20],[-100,31],[14,51],[34,-8],[6,25],[-42,47]],[[9341,17420],[13,43],[24,11],[0,37],[-26,89],[-70,62],[-90,19],[-24,-45],[-83,-39],[28,52],[-5,31],[-77,-40],[-91,11],[17,75]],[[8957,17726],[20,8],[-23,20],[-65,-25],[-9,62]],[[8880,17791],[13,54],[-70,30],[32,30],[6,68]],[[8861,17973],[54,80],[-43,6],[-3,39],[-85,-64],[9,43],[-44,-2],[-4,48],[-33,41],[-100,27]],[[14495,18825],[-18,-110],[95,-9],[-16,-14],[8,-47],[42,13],[5,-40],[-20,-30],[25,-57],[-20,-31],[-24,1],[-10,-31],[-26,5],[5,34],[-104,12],[-16,-104],[-37,-53],[21,-14],[4,-36],[46,-21],[30,28],[49,-10]],[[14534,18311],[-5,-123],[-26,-26],[-80,-5],[-49,-29],[40,-63],[-12,-73],[12,-58],[20,-13],[11,-114],[-56,0]],[[14389,17807],[-59,9],[0,18],[-106,29],[1,14],[-81,-5],[-70,-32],[2,-57],[-14,-7],[-118,7],[-29,-66],[-25,4],[-10,-32],[-31,8],[-14,-54],[-54,20],[-19,50],[-58,12],[-37,-27],[-101,43],[-59,-115],[-89,48],[-27,-27],[11,-67],[-80,-89]],[[13322,17491],[-60,40],[43,43],[9,44],[-3,57],[-63,21],[19,68],[-139,60],[32,20],[39,129],[-74,22],[-95,-17],[-12,35],[-1,29],[45,59],[33,131],[-52,50],[-34,-11],[12,81],[-36,18],[-5,44],[23,96]],[[15639,18887],[-5,-72],[51,-80],[6,47],[58,15],[36,-13],[5,-71],[40,-1],[23,98],[2,40],[57,-8],[3,-65],[-39,-65],[18,-39],[44,-10],[26,86],[85,-2],[32,-43],[0,-51],[-3,-15],[-39,26],[-21,-31],[31,-9],[-14,-30],[-8,20],[-70,16],[-32,-45],[-24,0],[-15,55],[-120,45],[2,-30],[-39,1],[28,-138],[-50,6],[-8,-69],[-40,-1],[-7,-24],[34,-33],[158,-48],[49,83],[21,-12],[6,-36],[38,-5],[18,31],[52,-10],[-85,-424]],[[15943,17976],[-8,26],[-31,-17],[-2,17],[-75,24],[11,46],[-33,0],[14,40],[-67,25],[21,43],[-50,9],[-24,31],[4,45],[-54,8],[-15,20],[-109,8]],[[15525,18301],[12,127],[-23,29]],[[15514,18457],[39,42],[-28,36]],[[15529,18874],[-1,25],[102,15],[9,-27]],[[15563,18584],[-3,-42],[48,-3],[-10,41],[-35,4]],[[15594,18841],[-16,-69],[14,4],[4,62],[-2,3]],[[16003,18954],[27,14],[1,-25],[-52,-159],[-30,2],[6,73],[-31,-11],[-5,134],[44,0],[40,-28]],[[5149,17126],[-58,5],[19,162],[-21,21],[-28,-19],[-71,-158],[-36,43],[-16,-8],[-66,-95],[-15,-67],[-86,68],[-16,-80],[26,-54],[-68,-1],[-9,-48],[48,-78],[32,-12],[-1,-102],[-40,4],[-20,-64],[-57,1],[-35,-28],[-58,43],[-27,-100],[49,-5],[-42,-72],[9,-38],[-123,36],[-37,-22],[-23,20],[-67,-148],[-58,-45],[35,-85]],[[4289,16200],[-38,1],[-19,-48],[38,-51],[-2,-41],[-67,16],[-43,79],[-74,18]],[[4084,16174],[-55,87],[17,43],[-16,19],[4,43],[-78,27],[-13,127],[-84,-15],[7,-22],[-21,-10],[13,-17],[-46,-29],[-25,20],[-23,-28],[0,81],[-113,1],[-58,-88],[-41,14],[9,-71],[-53,-23],[-117,67],[-27,4],[-3,-24],[-42,40],[-64,-26]],[[3255,16394],[52,78],[32,-1],[23,27],[-20,68],[28,122],[69,1],[8,-32],[36,-1],[18,43],[2,47],[-67,125],[-29,19],[24,158],[39,5],[43,59],[-38,-8],[14,24],[-19,40],[10,42],[-64,4],[-47,49],[-33,-10],[-8,57],[-130,38],[-19,30],[-40,-25],[-51,21],[-18,-73],[-37,82],[-81,-40],[-73,42],[-91,-18],[-33,34]],[[2755,17401],[2,55]],[[2757,17456],[44,21],[7,73],[-34,10],[7,28],[-41,25],[10,35],[-42,19],[9,21],[-19,35],[54,125],[32,91],[49,64],[-4,28],[115,112],[35,209],[50,97],[158,-38],[51,21],[72,-76],[62,121],[-7,51],[55,-10],[84,27],[5,-42],[13,23],[59,-31],[12,-42],[27,-11],[-44,-96],[28,-24],[49,87],[90,7],[19,-43],[-61,-53],[116,-146],[-8,-19],[110,-16],[57,-58],[-1,54],[-40,102],[18,20],[-7,84],[121,-5],[42,46],[157,23],[30,28],[224,13],[47,46],[4,45],[172,-62],[26,42],[186,-187],[114,41],[19,54],[25,-19],[105,6],[129,-76],[1,-53],[21,-5]],[[15483,18505],[31,-48]],[[15525,18301],[3,-98],[-35,-29],[-58,-3],[-3,-46],[-37,57],[-148,0],[-54,35],[-26,-53],[-50,-34]],[[15117,18130],[-39,-3],[-41,27],[-12,47],[-77,-35],[4,99],[-38,19],[-42,-33],[-77,-16],[-9,74],[-43,34],[-37,-42],[-42,38],[-100,28],[-30,-56]],[[7522,17920],[-24,-39],[14,-50],[54,-10],[4,-48],[19,-1],[15,46],[83,-14],[-4,-203],[46,-24],[-5,-74],[35,-71],[-70,-114],[-42,4],[-7,36],[-33,-1],[-22,-48],[52,-47],[-28,2],[-16,-40],[-26,-1],[-6,-54],[-53,-64],[-73,-16],[-214,49],[-12,22],[45,35],[25,93],[-162,-17],[-36,35],[3,99],[-26,-11],[-194,39],[-27,-53],[-34,-17],[58,-18],[-44,-88],[-38,-4],[10,45]],[[6789,17298],[14,35],[-46,156],[114,229],[65,240]],[[13322,17491],[-9,-46],[-40,-34],[-122,60],[-29,-3],[-11,-40],[-54,-3],[-9,25],[-77,26],[7,32],[-23,38],[-31,8],[-15,-21],[-21,17],[2,35],[-33,11],[-32,54],[-27,-23],[-48,3],[8,-46],[-17,-48],[52,-16],[2,-45]],[[12795,17475],[-42,-1],[-16,-30],[-69,-35],[-27,8],[30,41],[-74,12],[-68,44],[-28,-21],[30,-48],[-65,-91],[-41,4],[-66,-38],[-42,34],[-212,-36],[-39,-147],[7,-45],[-55,-119],[-117,27],[-6,-13]],[[11895,17021],[-30,50],[-124,29]],[[11741,17100],[-38,35],[4,46],[-90,20],[2,86],[59,83],[-56,61],[-184,76],[4,39],[43,2],[14,75],[-14,59],[-57,-22],[86,74],[9,32],[48,13],[-9,130]],[[10925,17715],[-62,-50],[-3,-156],[68,-108],[-35,-23],[-4,-50],[-46,-58],[-74,-242],[-108,58],[-133,-35],[-2,-41],[49,-14],[-23,-13],[19,-47],[47,2],[9,-29],[42,-4],[26,34],[40,-6],[-80,-133],[-31,-2],[26,72],[-13,6],[-51,-15],[-26,-33],[-17,17],[-72,-62],[-58,-9],[34,54],[-19,65],[-78,-11],[-57,-43],[-70,44],[-63,-17],[-12,17],[34,63],[-52,-40],[-35,27],[6,59],[-62,5]],[[10039,16997],[38,100],[-14,33],[-39,-1],[-8,26],[30,16],[-55,23],[28,95],[-53,20],[13,157],[-84,-9]],[[2318,17556],[-5,-62],[-55,14],[-34,-24],[-32,9],[-70,-95],[9,-39],[-76,-12],[-11,-93],[23,-64],[58,-43],[0,-96],[-83,-91],[-10,-84],[-71,-18],[-63,-49],[-21,-62],[21,-70],[-113,-23],[-31,71],[-67,72],[-46,-135],[-29,11],[-15,-45],[-252,-276],[-71,-16]],[[1274,16336],[-248,90],[-210,173],[16,96],[-94,-34],[-121,96],[-130,67],[-75,-72],[-91,73],[-52,-12],[-15,20],[17,17],[-44,49],[-40,-30],[-50,20],[-77,-62],[15,171],[-11,68],[-47,54],[56,0],[5,52],[-31,25],[0,56],[-47,71],[139,125],[42,0],[20,35],[33,-52],[44,2],[29,-97],[36,30],[25,-3],[24,48],[66,47],[20,-43],[65,11],[103,62],[46,138],[84,22],[117,-12],[51,77],[-36,33],[-22,63],[123,-10],[110,108],[-5,31],[35,-4],[44,28],[56,38],[123,-77],[56,-85],[-9,-36],[54,-160],[-6,-51],[68,-16],[7,-24],[70,21],[24,-40],[74,-13],[70,30],[143,9],[395,-3]],[[15117,18130],[4,-23],[42,-12],[25,-79],[74,9],[83,-43],[13,-99],[201,-47],[-14,-17],[-66,3],[-21,-101],[-59,-40],[-87,-2],[-20,25],[-30,-2],[-18,-48],[17,-105],[-75,2],[0,-25],[33,-32],[-21,-39],[-18,12],[-7,-25],[-74,-10],[-39,-36],[-40,17],[-73,-16],[-31,-88],[-113,-24]],[[14803,17285],[-45,35],[-84,-1],[-3,30],[-52,-19],[-64,47],[6,53],[-80,-16],[-17,46],[-31,-4],[-4,20],[-17,16]],[[14412,17492],[9,41],[73,48],[70,-4],[-1,31],[-77,19],[-97,180]],[[8861,17973],[-64,13],[-15,-35],[-47,4],[-20,75],[-26,-7],[5,40],[-20,16],[-30,-7],[2,-74],[-82,-38],[-27,42],[7,28],[-43,4],[-12,-32],[-55,-16],[-32,-34],[4,-111],[-49,-32],[9,-22]],[[8366,17787],[-14,-67],[-42,-17],[-9,30],[26,13],[-33,8],[-17,55],[-30,-7],[7,38],[-39,21],[-39,-15],[-13,86],[-36,-3]],[[8127,17929],[-32,33],[-25,-10],[8,15],[-19,10],[-72,-47],[-34,48],[1,32]],[[15943,17976],[-73,-387],[-16,-272]],[[15854,17317],[-56,-1],[-61,31],[-23,-35],[-69,-11],[-31,-78],[-71,-27],[-87,9],[16,-16],[-9,-20],[21,-3],[-56,-115],[-24,-8]],[[15404,17043],[-98,-41],[-30,113],[-67,-21],[-12,-36],[-48,29],[-11,-83],[-43,-4],[-1,18],[-57,9],[0,-30],[-106,-1],[-31,-65],[-51,-8],[-51,29],[-17,35],[43,52],[10,70],[18,-5],[-5,49],[27,26],[-26,42],[-53,18],[8,46]],[[8880,17791],[-51,-16],[-24,28],[-149,-34],[-42,-37],[-128,-11],[-40,47]],[[8446,17768],[-24,40],[-56,-21]],[[8127,17929],[-28,-9],[14,-8],[-31,-137],[-41,-13],[-27,31],[-15,-49],[-29,-23],[97,-99],[8,-41],[-49,-66],[-84,18],[-12,-44],[12,-51],[69,-26],[-38,-150],[64,-19],[-6,-116]],[[8031,17127],[-57,-22],[-125,22],[-21,-71],[15,-71],[-21,-159],[-76,5],[-28,25],[-33,-70],[-58,-11],[-26,17],[5,-49],[-24,3],[-16,32],[-8,-74],[-16,-7],[3,-99],[-19,15],[-31,-29],[-44,1],[1,23],[-44,-5],[-24,-50],[-46,20],[-4,31],[-48,-43],[-3,36],[-21,-6],[12,68],[-15,9]],[[7259,16668],[-123,47],[67,57],[-22,64],[-97,-7],[34,-6],[-6,-50],[-39,8],[-9,-54],[-89,13],[32,76],[-30,58],[-52,24],[-33,-18],[-24,-139],[-82,-26],[-48,-5],[-54,43],[-48,-21],[15,73],[-13,8],[-13,-23],[-43,17]],[[6582,16807],[26,90],[131,137],[3,38],[-38,89],[85,137]],[[6582,16807],[-58,-182]],[[6524,16625],[-47,119],[-124,37],[-29,-108],[25,-166],[-18,-32]],[[6331,16475],[-86,1],[-28,39],[-52,-25],[-44,31],[-30,-8],[-18,-63],[-35,-3],[-121,-89],[-131,74],[-4,96]],[[8446,17768],[-34,4],[17,-24],[-47,-7],[-8,-75],[85,-80],[23,55],[31,21],[44,-101],[87,39],[10,36],[82,-3],[9,-35],[60,7],[25,27],[9,59],[118,35]],[[9341,17420],[-171,-46],[-34,-58],[57,-6],[-59,-33],[-93,-30],[-18,23],[-137,37],[-34,-61],[-92,-10],[-19,-11],[6,-19],[-55,17],[-26,-47],[-61,-1],[-37,27],[-30,-29],[-66,12],[-31,76],[-20,7],[-64,-54],[-22,-2],[-13,40],[-29,-57],[3,-70],[-18,-31]],[[8278,17094],[-18,7],[4,24],[-14,-29],[-26,1],[-14,-38],[-14,36],[-7,-43],[-83,42],[-3,34],[-72,-1]],[[11741,17100],[-42,-83],[-106,6],[-3,-125],[-51,0],[-9,-105],[-29,-20],[-3,-17],[134,-68],[-3,-37],[20,-24],[-75,-129],[-21,3],[-11,-83],[-28,23],[-17,-15],[-147,247],[-58,31],[-9,30],[-172,33],[-103,-131],[-131,-39],[-4,-67],[28,-35],[7,-103],[24,-32]],[[10932,16360],[-96,-154],[-81,-36],[-87,12],[-52,-52],[-50,9],[-20,-65],[-74,-1],[-31,8],[-6,34],[15,12],[-8,151],[-52,57],[-87,10],[-39,70],[-48,-29],[25,83],[-61,61],[-46,-7]],[[10134,16523],[8,33],[-23,-2],[-11,-35],[-92,-11],[-151,-89],[88,81],[-14,28],[25,105]],[[9964,16633],[40,46],[-55,6],[-35,119],[-20,-5],[-30,51],[31,14],[6,116],[24,-21],[84,37],[15,-35],[15,36]],[[2755,17401],[-63,-65],[148,-146],[-8,-93],[29,-47],[-53,-104],[-85,-76],[-30,-80],[-73,-51],[-38,-199],[-68,-40],[-83,9],[-83,-20],[9,-31],[-73,-44],[10,-65],[55,-60],[-35,-46],[-2,-43],[52,-47],[-28,-4],[-17,-28],[-58,16],[-7,72],[-66,106],[-131,-62],[-1,-177],[38,-100],[-16,-65],[48,-28],[-45,-35],[-87,27],[24,-51],[79,-45]],[[2097,15779],[-1,-55],[31,-40]],[[2127,15684],[-40,7],[-58,-28],[-32,-63],[-219,-134],[-129,60],[-299,-47],[-81,37],[-26,36],[-51,0],[-120,-13],[5,-69],[-67,-36],[-29,58],[-60,-1],[18,24],[29,8],[4,37],[14,131],[310,161],[18,82],[88,63],[-30,19],[-9,48],[58,84],[-10,138],[-171,-20],[34,70]],[[2318,17556],[36,18],[272,-69],[25,16],[106,-65]],[[14412,17492],[-8,-27],[47,-45],[-15,-139],[28,-9],[-26,-33],[-44,31],[-46,-7],[-6,-39],[-43,4],[9,-143],[-105,82],[-91,-21],[-8,-52],[19,-5],[6,-52],[-35,-98],[-30,10],[-2,37],[-31,15],[16,69],[-24,-14],[-3,26],[-23,7],[0,-91],[-30,-6],[-6,-194]],[[13961,16798],[-25,-6],[-40,-70],[22,-2],[10,-27],[12,18],[56,-13],[4,-29],[75,5],[47,-49],[0,-62]],[[14122,16563],[-44,17],[-72,-14],[-144,14]],[[13862,16580],[-30,98],[-93,73],[27,38],[-41,96],[-213,-21],[-36,-20],[12,63],[-17,60],[-66,22],[-82,-38],[-53,41],[-18,-33],[-30,-2],[-33,-73],[-48,-5],[-29,-43],[-109,41],[27,93],[-117,102],[-14,60],[-45,21],[-80,-32],[-4,37],[-52,3],[-17,41],[3,26],[37,15],[26,87],[33,18],[-5,127]],[[3255,16394],[-46,-24],[-59,1],[-25,-41],[29,12],[14,-22],[52,-2],[-56,-11],[-20,-32],[-1,29],[-132,-59],[-14,35],[14,22],[-63,16],[7,-21],[-30,-48],[-32,35],[-16,-34],[-28,16],[-20,-19],[28,-31],[-37,12],[-32,-34],[-18,16],[-6,-45],[29,-8],[-16,-28],[43,-16],[-28,-30],[22,-22],[2,-48],[-28,10],[2,-49],[-52,-44],[-57,30],[-54,-17],[-49,45],[-42,-17],[-33,-82],[-96,52],[-18,-28],[22,-33],[-10,-67],[-65,-44],[10,-21],[-64,7],[-19,-37],[-142,96],[-24,-35]],[[9964,16633],[-138,-46],[-14,21],[-32,-2],[11,27],[-33,0],[-4,84],[-36,6],[-38,-33],[-75,32],[-34,-53],[-47,-24],[-25,12],[-35,-41],[27,-45],[-18,-19],[-65,-4],[-117,95],[80,115],[-14,58],[30,76],[-1,19],[-69,-25],[-16,23],[-207,-30],[-77,-69],[-14,-38],[15,-57],[-40,-24],[-26,-54],[44,-18],[47,-165],[-75,-50],[-15,9]],[[8953,16413],[39,46],[-44,1],[-25,22],[-49,-13],[14,41],[-30,42],[-32,1],[7,47],[-42,6],[-73,-65],[15,64],[-14,13],[-41,-19],[4,31],[-41,4],[-4,-50],[-52,20],[15,-50],[-31,1],[-15,26],[3,-48],[-74,3],[23,34],[-81,11]],[[8425,16581],[25,59],[20,4],[0,84],[-45,79],[-55,-5],[-30,-82],[-20,-7],[-73,35],[-27,35],[5,24],[-39,10],[-10,109],[41,-18],[13,27],[15,-29],[60,26],[15,50],[-35,4],[-25,39],[18,69]],[[5678,16504],[9,-139],[34,-27],[-8,-51],[-105,-13],[-13,-79],[-50,-50],[-171,-3],[-11,-70],[-33,-34],[-144,64],[-27,58],[-68,33],[-15,-11],[21,-59],[-14,-46]],[[5083,16077],[-136,-2],[5,-53],[46,-27],[16,-62],[-31,-103],[-30,-20],[8,-29],[-14,0]],[[4947,15781],[-67,14],[-102,61],[52,12],[29,32],[-86,23],[-38,32],[26,189],[-17,47],[-3,-33],[-27,4],[-126,-120],[-15,18],[20,31],[-18,50],[-16,-4],[3,-22],[-43,-13],[15,-84],[-101,-7],[-9,-29],[-27,-1],[-40,20],[9,40],[62,-20],[38,58],[45,-17],[-9,84],[-58,45],[60,54],[-76,6],[-97,-67],[-42,16]],[[13862,16580],[-98,-32],[-12,-50],[29,-105],[-50,-4]],[[13731,16389],[-53,1],[-3,28],[-65,12],[-30,-63],[-48,-30],[-15,95],[-53,16],[-229,-88],[-60,37],[-85,12],[-67,51],[-97,37],[-100,-25],[-144,30],[-93,-45],[-99,21],[-54,45],[-70,-24]],[[12366,16499],[-98,20],[-18,46],[-35,19],[-21,53],[-144,172],[-17,56],[-108,103],[-30,53]],[[15404,17043],[-1,-61],[38,-20],[-12,-51],[-17,-4],[-7,-68],[-19,0],[2,-48],[-44,-26],[5,-21],[25,22],[80,-4],[15,-22],[7,-33],[-31,-5],[-22,-38],[6,-22],[33,-1],[-13,-58],[23,-52],[0,-100],[-38,-71],[-115,12]],[[15319,16372],[-75,-15],[-2,-28],[32,-33],[-288,-32],[-12,62],[-110,-23],[-29,110],[22,71],[-21,90],[8,74],[-104,-12],[-76,21],[-153,-63],[-9,-26],[-56,20],[-56,53],[-133,25],[-67,51],[-53,7],[-38,41],[-71,-18],[-67,51]],[[15854,17317],[8,-111],[43,-149],[44,-39],[1,-34],[123,-257],[32,-120]],[[16105,16607],[-44,-213],[-54,-42],[-122,46],[-33,-45],[10,-101],[-151,-31],[-128,-122]],[[15583,16099],[-21,61],[-19,-1],[12,72],[-69,-2],[-7,-36],[-19,0],[11,-18],[-57,29],[-31,-27],[-23,15],[-30,-14],[-28,-55],[-11,46],[38,87],[-25,8],[0,51],[33,27],[-18,30]],[[8425,16581],[-38,-92]],[[8387,16489],[-42,1],[-46,31],[-30,-58],[-71,-11],[-77,82],[-66,23],[-4,-29],[-43,-14],[-108,40],[-3,-16],[-47,-150],[139,-43],[8,-30],[-67,-120],[-45,-25],[15,-88],[-22,-106],[-189,42],[-227,1],[-28,-79],[-48,-49],[-20,-116],[-42,-50]],[[7324,15725],[-103,76],[-128,22],[-87,132]],[[7006,15955],[101,103],[0,106],[-51,9],[-37,74],[20,27],[67,18],[7,45],[94,34],[56,121],[-21,41],[17,135]],[[12366,16499],[-36,-16],[35,-15],[-1,-87],[43,1],[17,-73],[21,-13],[-30,-96],[-116,1],[-8,-40],[-60,-10],[5,-55],[-39,-17],[-14,-43],[-43,-2],[-67,-80],[8,-46],[29,0],[10,-41],[68,-9],[1,-136],[-90,-29],[18,-10],[-5,-57],[41,-20],[24,-48],[-11,-100],[30,-26],[-44,-38],[1,-37],[-64,-24],[-24,-43],[-54,40],[-259,42],[-3,-72],[-23,-38],[16,-153],[26,-49],[-1,-109]],[[11767,14951],[-48,-69],[-138,21]],[[11581,14903],[-9,46],[22,110],[-92,23],[-59,-17],[-3,22],[-78,25],[-107,-85],[12,-83],[34,-28],[-3,-19],[-9,-19],[-102,-7],[-11,-92]],[[11176,14779],[-32,5],[-4,28],[-39,32],[-12,116],[-51,110],[0,74],[-27,6],[-2,85],[-27,82],[-101,-2],[-4,23],[54,32],[57,102],[103,-20],[62,107],[-17,74],[-27,5],[48,56],[-15,45],[31,47],[45,14],[13,57],[47,10],[53,56],[-61,42],[-63,136],[-59,-29],[-25,45],[-89,-14],[-13,23],[-33,2],[-49,-50],[-28,5],[15,57],[-28,18],[-73,-36],[-24,48],[72,26],[4,22],[27,7],[14,56],[58,10],[6,40],[70,61],[-120,-32]],[[7006,15955],[-58,93]],[[6948,16048],[-101,135]],[[6847,16183],[-22,77],[-40,55],[-104,60],[-67,87]],[[6614,16462],[-87,112],[-3,51]],[[10134,16523],[-31,-97],[-43,-10],[-25,-45],[-38,-107],[6,-76],[-46,24],[3,-63],[37,2],[43,-101],[-54,-65],[-28,-119],[-42,-36],[8,-42],[-85,-184],[4,-47],[-34,-21]],[[9809,15536],[-13,-49],[-134,-53],[27,-51],[-41,-2],[14,-185],[-20,-25],[-139,21],[5,-77],[-17,-54],[-72,-45],[-9,-31],[61,-11],[12,-24],[-20,-31],[18,0],[48,-75],[53,-21],[-12,-80],[-46,1],[-28,-114],[-66,22],[-30,146],[-127,60],[-22,29],[-75,1],[-33,-36],[-45,22],[-31,89],[-81,11]],[[8986,14974],[-11,27],[-27,-4],[-49,40],[7,63],[-65,26],[8,33],[-56,34],[44,109],[-11,29],[-56,34],[22,80],[-20,65],[8,50],[42,37],[93,31],[-30,60],[-9,73],[28,51],[-8,35],[20,17],[18,116],[-39,62],[40,72],[115,70],[24,61],[-60,11],[-54,59],[-7,98]],[[6614,16462],[-38,-21],[0,-25],[-45,-8],[21,-17],[65,-43],[-21,-37],[46,-50],[-17,-39],[-104,-34],[4,-38],[-17,-13],[48,-6],[8,-39],[66,3],[217,88]],[[6948,16048],[-23,-16],[13,-37],[-50,69],[2,25],[-44,22],[-12,-28],[-85,-8],[-4,-33],[-28,-15],[-14,-75],[-53,1],[-92,-36],[-21,-23],[-21,-122],[-16,47],[-18,-1],[-29,-82],[41,-76],[48,12],[4,-89],[-30,-26],[-27,25],[-83,1],[-12,-45],[-35,-24],[-17,-67]],[[6342,15447],[-105,11],[-11,56],[-65,44]],[[6161,15558],[6,41],[-41,113],[44,67],[5,75],[47,30],[-15,15],[25,146],[36,67],[-14,16],[46,59],[-55,125],[86,163]],[[4084,16174],[-70,16],[-97,-14],[-31,-91],[-18,-1],[-17,51],[15,33],[-42,7],[-15,39],[-41,-37],[-28,-64],[16,-46],[-24,-18],[-42,57],[-38,-2],[-2,-97],[33,-16],[-28,-72],[-107,-60],[-10,-59],[-42,26],[-17,-11],[38,-121],[-32,-47],[44,-99],[-41,-7],[-20,-76]],[[3468,15465],[-67,34],[-53,-36],[-5,-221],[-42,11],[-59,96],[-41,-24],[-13,-47],[29,-83],[-3,-50],[-71,-45],[-103,-9],[5,49],[56,47],[-27,16],[42,51],[-26,41],[-48,25],[16,146],[-67,25],[-31,-39],[-49,-2],[-18,-40],[-37,9],[-28,-33],[-72,26],[2,-22],[-35,1],[-28,-106],[86,-27],[-15,-17],[-65,-22],[-35,23],[-33,-25],[-143,-24],[7,-57],[-65,-2],[-20,20],[-101,-67]],[[2311,15087],[-5,99],[-32,-29],[-22,22],[-27,-29],[-48,85],[-41,0],[16,-26],[-30,-2],[-72,86],[14,65],[38,21],[-6,25],[31,-10],[16,44],[34,-9],[22,26],[26,-2],[-29,59],[44,61],[-29,17],[0,33],[-20,-4],[-64,65]],[[15583,16099],[-88,-67],[-96,-24],[-42,-41],[-18,-71],[30,-93],[-6,-55]],[[15363,15748],[-65,-21],[-46,42],[-32,2],[-62,-168],[-178,-63],[-162,-125]],[[14818,15415],[-121,-40],[-187,-125]],[[14510,15250],[-12,27],[36,73],[38,33],[42,2],[84,125],[45,125],[-68,101],[-1,50],[40,-4],[6,34],[-18,40],[2,91],[-29,61],[15,52],[-48,14],[-62,-14],[-48,22],[-64,83],[-51,-7],[-29,55],[25,22],[3,40],[-40,0],[-10,42],[-10,-25],[-70,21],[-14,-54],[-23,-20],[-23,17],[-7,66],[-20,10],[22,42],[-19,54],[19,68],[-64,43],[-10,-44],[35,2],[-6,-24],[-49,7],[21,63],[-26,20]],[[6161,15558],[-37,-22],[-115,-10],[-9,-96],[38,-92],[-4,-45],[-77,10],[-13,-26],[-34,68],[-60,-2],[-13,-27],[-37,5],[-41,-30],[-1,-31],[-22,8],[-9,-56],[-38,13],[-22,-23],[39,-59],[-6,-100],[-66,42],[-70,7],[-24,-20],[-51,27]],[[5489,15099],[-123,47],[-109,-37]],[[5257,15109],[-46,-16],[-66,39],[-3,43]],[[5142,15175],[88,3],[-24,112],[45,-8],[21,211],[-93,35],[-23,77],[-27,9],[-3,68],[41,7],[16,87],[19,4],[-59,189],[-59,32],[-1,76]],[[8986,14974],[-9,-47],[35,-97],[-35,-56],[-33,14],[-8,46],[-70,16],[-13,24],[-25,-52],[-61,30],[-85,-107],[3,-20],[79,-16],[68,19],[11,-81],[-20,-35],[-133,-48]],[[8690,14564],[-78,117],[-160,138]],[[8452,14819],[7,47],[37,5],[11,21],[-18,144],[50,46],[-2,41],[-67,32],[27,20],[-6,95],[19,43],[56,18],[6,22],[-26,32],[-64,-1],[-10,-48],[-34,35],[-75,12],[-11,-128],[-55,-10],[-12,-34],[-70,-13],[-50,26],[-7,99],[-16,12],[65,58],[16,152],[-27,32],[-13,82],[-47,9],[4,144],[-20,39],[77,108],[61,-27],[20,29],[21,-7],[-2,-42],[17,-14],[156,-38],[74,77],[-16,11],[27,29],[-21,61],[-116,51],[3,42],[-87,20],[-47,40],[28,109],[40,51],[32,138]],[[8452,14819],[-44,51],[-57,22],[-132,-10]],[[8219,14882],[-34,-13],[-23,24],[-120,74],[-122,17],[-188,-149],[-35,-7],[-51,23]],[[7646,14851],[-130,15],[-50,23],[-24,45],[-28,192],[15,135],[-21,49],[-66,61],[-19,55],[42,148],[-41,151]],[[11176,14779],[2,-81],[-34,-10],[-2,-27],[-98,0],[-76,96],[-64,12],[19,115],[-19,50],[-34,4],[-107,-19],[-147,-86],[-53,26],[-24,-39],[-21,1],[14,-48],[-36,-5],[-25,27],[-5,-20],[-59,-24],[-26,53],[-19,-50],[-106,17]],[[10256,14771],[3,47],[-104,9],[5,71],[-22,50],[13,34],[-33,102],[-11,130],[0,54],[27,10],[-12,111],[-58,11],[7,37],[-36,-5],[-5,17],[-87,-79],[-55,23],[13,45],[-19,81],[-14,13],[-37,-29],[-22,33]],[[14510,15250],[-125,-149],[-78,-191],[-93,-92]],[[14214,14818],[-211,-107]],[[14003,14711],[-40,65],[4,65],[-89,12],[-10,156],[-23,49],[-29,-6],[-19,54],[61,75],[5,58],[-23,12],[-9,63],[-43,-9],[-24,-36],[-14,29],[-115,59]],[[13635,15357],[1,69],[25,7],[8,67],[73,10],[-3,26],[42,26],[-38,63],[11,86],[-60,21],[-47,63],[-12,137],[-35,-4],[-19,43],[-21,-20],[-5,89],[60,64],[-3,52],[36,-11],[-10,63],[92,6],[16,18],[1,53],[-32,15],[-16,39],[32,50]],[[16105,16607],[45,-220],[61,-106],[-20,-9],[49,-27],[-32,-97],[-3,-102],[90,-622]],[[16295,15424],[-64,-5],[-15,-28],[-43,-12],[8,-45],[-116,-10],[-15,-81],[-221,9],[-18,-25],[-12,33],[-28,-30],[-124,-21],[-80,-67]],[[15567,15142],[12,150],[50,-28],[59,40],[0,19],[-31,12],[-10,38],[-73,-49],[-11,27],[27,29],[-14,17],[-71,-80],[-22,7],[-7,89],[-19,4],[-17,81],[39,91],[-35,-6],[-12,41],[26,-2],[-70,51],[26,55],[-51,20]],[[13635,15357],[-106,-30],[-51,61],[-35,4],[4,-31],[37,-5],[-24,-27],[27,-16],[-27,-29],[27,-3],[-9,-11],[-44,23],[-11,52],[-79,-30],[-41,-57],[-28,12],[28,118],[-115,1],[-67,28],[-8,28],[116,67],[22,84],[54,23],[3,33],[-18,6],[-36,7],[-8,24],[-87,7],[-1,64],[-30,3],[-64,75],[-33,-41],[-29,5],[-4,-60],[-56,-21],[10,-68],[-56,-2],[-22,-156],[-128,29],[-1,-79],[49,0],[2,-32],[-32,-31],[15,-93],[-54,-26],[-2,-57],[-14,4],[-10,-39],[37,-19],[18,-116],[-63,-101],[-101,-14],[-25,-80],[-37,-9],[9,-19],[-48,-6],[-12,-24]],[[12477,14783],[-23,22],[-15,74],[-60,16],[-2,47],[-51,31],[-162,0],[-43,-23],[-52,37],[-128,22],[-64,-27],[-1,-54],[-37,5],[-12,24],[-60,-6]],[[4947,15781],[9,-166],[-61,-80],[7,-70],[-27,-27],[-16,-61],[-31,-7],[1,-29],[28,10],[12,-30],[-28,-79],[-89,-35],[6,-46],[-17,-16],[37,-101]],[[4778,15044],[-115,-16]],[[4663,15028],[-116,155],[-38,5],[-16,-49],[-40,-17],[-132,117],[-20,5],[-36,-64],[-32,13],[17,34],[-16,44],[47,25],[-48,35],[-61,2],[-17,148],[-15,13],[-63,-20],[-68,17],[-28,-15],[-57,-114],[-36,-20],[77,-77],[28,-141],[77,22],[-23,-88],[-94,4],[11,-18],[-70,-23]],[[3894,15021],[-49,57],[-39,-22],[-22,11],[8,34],[-103,23],[-18,81],[-56,79],[-47,6],[-69,72],[-22,-2],[-9,105]],[[5142,15175],[-113,33],[17,-47],[-27,-13],[-107,11],[-18,-10],[13,-38],[-63,-11],[12,-72]],[[4856,15028],[-78,16]],[[7646,14851],[-62,-116],[-56,-5],[-31,-57],[-55,-11],[-55,-42],[-94,38],[-15,75],[-93,7],[-10,73],[-48,39],[-38,0],[-21,-36],[-49,22],[-63,-23],[-9,-44]],[[6947,14771],[-175,149],[-23,-1],[-18,-31],[-85,4],[-43,66],[-173,48],[-25,26],[-13,33],[18,44],[-37,102],[9,62],[-31,24],[28,79],[-37,71]],[[14003,14711],[-157,-117]],[[13846,14594],[-10,12],[-81,-33],[-79,-85],[7,-15],[-28,-38],[-254,-225],[-33,-2],[-8,44],[-110,-47],[-164,4],[-59,-35]],[[13027,14174],[-85,-42],[-107,10],[-32,-15],[-46,-56],[-23,-68],[-64,-54],[-69,-9],[-134,37]],[[12467,13977],[-12,140],[-63,31],[-30,-38],[-26,99],[-139,83],[52,68],[121,-28],[-22,45],[36,17],[4,117],[29,-12],[83,53],[-23,231]],[[3894,15021],[-12,-43],[-60,-58],[-104,-37],[4,-188],[-50,-19],[5,-42]],[[3677,14634],[-72,1],[-25,100],[-96,-5]],[[3484,14730],[-22,64],[-90,-33],[-164,10],[19,-86],[-144,-24],[-7,27],[-38,-29],[-41,51],[-26,3],[-8,-32],[-131,47]],[[2832,14728],[5,45],[-79,-16],[-66,29],[-144,-9]],[[2548,14777],[-19,6],[-32,-52],[-52,-18],[-54,17],[-21,35],[-74,21],[-13,80],[61,29],[-15,70],[-21,-3],[-36,57],[30,22],[9,46]],[[4663,15028],[-82,4],[-44,-20],[-11,-152],[-18,-24],[-279,-81],[-36,37],[6,36],[-93,-70],[-5,-64],[34,-18],[72,-136],[-56,-60],[98,-252],[11,-97],[90,-12],[25,-62],[55,-19],[49,24],[128,-73],[39,-184],[96,-37]],[[4742,13768],[9,-96],[40,-87],[-94,-59],[-10,-56],[19,-14]],[[4706,13456],[-211,-64],[-113,71],[27,69],[-50,-10],[-90,-20],[-67,9]],[[4202,13511],[11,54],[-30,104],[-27,24],[0,56],[-40,9],[-9,75],[-77,12],[-31,33],[-12,66],[-30,-3],[-12,14],[-44,-34],[-85,16],[-50,-51],[-11,20],[-129,-13]],[[3626,13893],[37,71],[35,9],[-12,35],[31,10],[42,131],[-38,89],[-40,39],[-23,-10],[-45,159]],[[3613,14426],[76,20],[32,65],[-44,123]],[[6947,14771],[18,-15],[2,-59],[43,-29],[-10,-70],[-39,-105],[-100,-70],[-5,-23],[-30,10],[-4,-23],[12,-53],[71,4],[8,-26],[-43,-283],[49,-52],[23,-120]],[[6942,13857],[-98,-17],[-59,19],[-38,53],[-36,-11],[-48,32],[-63,5],[-33,-13],[-37,23],[-8,-139],[-27,-18],[-38,-6],[-64,58],[-162,-21],[-39,47],[-33,16],[-19,-12],[-38,29],[-12,133],[-25,9],[-34,-7],[-28,-46],[32,-57],[6,-101],[-70,-3],[-21,-51],[-42,69],[-36,-24],[-88,-10],[-17,81],[-129,29],[-3,90],[-137,-15],[-19,-32],[-65,-9],[-23,90],[-50,19]],[[5341,14067],[-32,58],[17,16],[125,84],[136,48],[-13,41],[14,67],[56,73],[0,76],[59,38],[-11,141],[-104,18],[8,60],[-41,1],[1,165],[-68,15],[1,131]],[[15567,15142],[3,-139],[32,-1],[-17,-27],[70,-2],[-7,-37],[-85,2],[11,-48],[-58,-75],[-8,26],[-15,-20],[-110,14],[-15,-53],[-13,29],[-120,4],[-20,26],[-106,-29],[-43,42],[-14,-1],[3,-45],[-25,-10],[-36,19],[-61,-11],[-18,72]],[[14915,14878],[17,42],[-51,3],[33,99],[-30,1],[0,-46],[-13,1],[-3,69],[35,19],[-7,18],[27,-12],[3,76],[46,11],[52,79],[-28,5],[-4,30],[-35,-3],[-4,42],[-78,-2],[-7,89],[-31,-13],[-19,29]],[[10256,14771],[-21,-35],[-154,-30],[5,-30],[37,-22],[-39,-16],[-5,-22],[2,-34],[32,-28],[-35,-63],[14,-40],[110,-28],[58,30],[48,66],[51,10],[52,-48],[-6,-83],[-236,-36],[28,-29],[-43,-139],[15,-6],[-28,-16],[-27,-96]],[[10114,14076],[-74,27]],[[10040,14103],[-251,187],[-125,21],[-331,-8]],[[9333,14303],[-267,41],[-184,-49],[-66,35]],[[8816,14330],[-105,154],[-21,80]],[[5257,15109],[6,-68],[74,-23],[68,-54],[-18,-82],[-55,-37],[-69,30],[7,33],[-34,42],[-54,-19],[-48,22],[-25,-47],[-54,-9],[-134,23],[15,78],[-80,30]],[[14915,14878],[-53,-25],[-27,-70],[-37,-11],[-52,-59],[3,-73],[82,-4],[8,-22],[2,-41],[-32,12],[-6,-40],[83,0],[-4,-21],[28,-17],[-110,-17],[5,-43],[-56,-2],[-15,-26],[23,-3],[7,-58]],[[14764,14358],[16,-122],[-19,-23],[-59,0],[-7,-44],[-69,-58],[41,-22],[-4,-53],[62,-9],[-1,-52],[-80,-20],[-20,-52],[8,-49],[-36,-9],[-8,26],[-18,0],[-32,-17],[7,-22],[-43,-5],[-101,65],[-80,25],[-1,22],[-18,-13],[-29,46],[-21,-1]],[[14252,13971],[7,46],[52,-23],[11,87],[-14,37],[24,8],[1,40],[-33,16],[6,43],[-18,36],[91,34],[47,72],[65,35],[-12,16],[-53,-13],[-35,-54],[-43,-25],[-16,19],[-61,-5],[1,48],[-25,-8],[0,27],[32,16],[24,55],[6,103],[15,9],[-8,17],[-34,-20],[-22,16],[62,39],[-9,62],[20,54],[-40,53],[-62,-52],[-15,17],[-2,42]],[[5341,14067],[-118,-45],[-93,-4],[12,-109],[-138,-58],[-57,4],[-70,-58],[-85,3],[-57,-18],[7,-14]],[[16295,15424],[14,-279],[-18,-725],[-14,55],[-53,8],[3,31],[-88,-20],[-24,28],[-10,-23],[-40,-7],[0,-53],[-29,-22],[-51,35],[12,11],[-13,27],[-88,0],[-49,32],[-40,-6],[6,-31]],[[15813,14485],[-75,-9],[-8,20],[-38,2],[-21,47],[-44,-9],[-26,43],[-134,10],[-130,-36],[-8,-49],[-30,1],[-6,-96],[-129,7],[18,-33],[-16,4],[-5,-24],[-81,57],[-36,-4],[-13,-58],[-50,30],[-31,-10],[-13,-36],[-92,3],[-3,-35],[-19,-8],[7,48],[-66,8]],[[11581,14903],[8,-118],[25,-27],[-38,-110],[4,-41],[24,-21],[-45,-19],[-38,-73],[-10,-165],[-65,-74],[1,-103],[-8,-16],[-80,2],[39,-77],[-40,8],[-8,-50],[-6,20],[-35,-25],[-85,60],[11,-100],[-23,-3],[11,-41],[-30,-8],[48,-18],[-85,-33],[3,-62]],[[11159,13809],[-122,48],[-3,23],[-47,20],[-167,25],[-5,-41],[-270,62],[-253,102],[-178,28]],[[8219,14882],[-4,-109],[-73,-63],[-24,-63],[-100,-3],[-31,-316],[31,-56],[46,-25]],[[8064,14247],[-8,-52],[-47,12],[-48,-24],[3,-30],[-68,-82],[16,-55],[-15,-77],[68,-83],[7,-75],[97,-3],[-26,-68],[-37,-21],[31,-35],[37,1],[46,-32],[17,-109],[27,17],[24,-25],[-10,-60],[23,-43],[-7,-29]],[[8194,13374],[-52,33],[-47,-19],[2,30],[-24,4],[-6,-30],[-20,8],[12,-21],[-119,5],[-16,-62],[-52,-12],[-193,43],[-38,-83],[-4,-74],[96,34],[198,-1],[10,-69],[57,6],[-10,-36],[27,-16],[-27,-43],[-17,-177],[-58,-21],[-100,7],[37,-166],[-120,1],[-8,20],[-164,23],[-21,44],[-26,-44],[-28,6],[-4,-19],[-68,19],[-39,-86]],[[7372,12678],[-112,34],[-55,-29],[-33,6],[-68,72],[23,156],[-20,-14],[-22,18]],[[7085,12921],[8,93],[65,78],[-16,89],[25,83],[-63,42],[-70,-30],[-118,73],[30,114],[72,2],[22,77],[90,-44],[42,2],[3,-29],[35,-8],[-1,-17],[85,-14],[73,-61],[7,20],[88,-10],[-2,92],[-48,-16],[-40,28],[-7,31],[22,38],[-11,135],[-51,59],[-25,8],[-45,-60],[-43,-10],[-73,114],[-57,1],[-53,39],[-6,67],[-32,32],[-16,-61],[-33,-21]],[[2832,14728],[-22,-81],[71,-1],[-35,-7],[-21,-33],[84,-117],[21,42],[68,2],[34,-22],[24,19],[11,-8],[-18,-24],[28,-4],[27,36],[74,-9],[16,52],[55,-3]],[[3249,14570],[24,-109],[68,-36],[-60,-44]],[[3281,14381],[-18,-31],[26,-50],[0,-116],[-34,-35],[-143,25],[-23,-78],[-14,40],[-28,3],[28,53],[-12,173],[-217,29],[-67,-19],[11,-151],[23,-15],[7,-54],[-47,-42],[-12,-43],[-51,9],[-25,-145],[-70,-13],[-12,-29]],[[2603,13892],[-92,27],[-44,45],[-62,-17],[-61,36],[-62,-24],[-114,85],[-93,14],[-161,101],[-15,42],[39,23],[11,127],[85,104],[38,161],[70,57],[4,24],[122,3],[126,-50],[116,41],[38,86]],[[3484,14730],[5,-35],[-61,21],[5,-40],[-29,-31],[3,-31]],[[3407,14614],[-85,42],[-77,4],[-20,-27],[50,-31],[-26,-32]],[[12467,13977],[-195,-28],[-1,33],[-93,-36],[-5,-56],[-67,-47],[-481,-153]],[[11625,13690],[-4,40],[-67,17],[-395,62]],[[3613,14426],[-247,-62]],[[3366,14364],[-17,33],[55,4],[14,38],[-31,11],[-2,31],[29,0],[8,-27],[45,28],[-58,95],[-2,37]],[[8816,14330],[-100,-39],[-3,-31],[-17,24],[-6,-24],[-35,-10],[-46,34],[6,50],[-23,27],[-6,52],[-27,20],[-14,-45],[-29,-18],[-120,-20],[-27,-27],[39,-4],[16,-28],[-40,-11],[9,-31],[77,-25],[-11,-33],[-39,-20],[17,-39],[-23,-66],[5,-55],[-145,-31],[-21,75],[-67,-3],[-13,26],[9,150],[-53,27],[-65,-8]],[[3366,14364],[-85,17]],[[14252,13971],[-38,16],[-110,-9],[5,16],[-39,3],[-68,62],[-80,30],[15,26],[-34,14]],[[13903,14129],[122,-16],[-1,51],[-62,-2],[-27,31],[96,19],[18,22],[-23,9],[36,72],[-24,31],[34,9],[-4,39],[-22,29],[-50,-16],[-21,-28],[-14,20],[-43,0],[12,49],[-22,21],[7,44],[-30,2],[-39,79]],[[3626,13893],[-35,-76],[-28,-14],[20,-47],[10,-174],[33,-19],[16,-66],[-25,-42],[-36,-5],[-18,21],[-9,-27],[-33,21],[-85,4],[-183,-100],[-58,92],[-132,-60],[-15,-35],[-32,8]],[[3016,13374],[13,34],[-32,145],[-128,1],[-37,47],[-58,4],[-26,34],[37,42],[-24,78],[-65,49],[-23,65],[-70,19]],[[13903,14129],[-158,57],[13,-63],[-24,-35],[21,-29],[-40,2],[6,-22],[-59,-112],[4,-52],[69,-21],[21,-29],[5,-92],[-21,-59],[36,-1],[32,-42],[82,-26],[22,-16],[-4,-29],[29,22],[27,-23],[55,8],[30,-27],[58,10],[17,-30]],[[14124,13520],[-14,-28],[-97,-2],[14,-23],[-28,-51],[2,-72],[72,-6],[-2,-64],[-34,-23],[-16,13],[-22,-22],[18,-12],[-32,-18],[-95,-12],[-36,17],[-7,30],[-46,-42]],[[13801,13205],[-32,-30],[-53,17],[-31,19],[4,60],[-25,27],[-31,-4],[-2,-31],[-17,-5],[9,-87],[-20,-70],[-90,37],[-33,54],[-56,18],[-1,67],[-53,-2],[-47,91]],[[13323,13366],[8,39],[36,-4],[-41,18],[15,60],[-27,-10],[-6,55],[24,37],[-43,-29],[-26,6]],[[13263,13538],[-16,29],[9,47],[33,7],[-8,29],[-41,-8],[-18,28],[37,0],[14,63],[25,-15],[59,13],[-9,33],[-26,-16],[-27,16],[31,18],[-66,-1],[-13,22],[54,34],[-84,57],[15,10],[-22,4],[-35,113],[-79,-63],[-4,57],[23,30],[-17,34],[16,17],[-30,45],[-57,33]],[[9333,14303],[-1,-39],[21,-38],[21,-3],[-5,-60],[19,-25],[-38,-106],[4,-46],[-63,-46],[-95,10],[-28,-278],[17,-40],[-11,-19],[25,2],[21,-31],[31,16],[1,-40],[98,-7],[-30,-122],[21,-88],[-22,-47],[-93,-24],[-7,-29]],[[9219,13243],[-88,-646],[-32,-70],[21,-20],[8,-91],[41,-43],[-18,-90],[-64,-78],[-61,-39],[-11,15],[22,44],[-68,7],[-46,-10],[-10,-44],[-128,-15]],[[8785,12163],[16,53],[46,38],[-39,28],[-3,26],[-47,9],[-43,-25],[-44,40],[-96,7],[-30,56],[29,130],[122,60],[-31,139],[16,40],[-80,1],[1,137],[37,151],[8,106],[-15,60],[70,166],[12,123],[69,99],[-24,6],[27,62],[-26,-4],[-6,-48],[-16,64],[-12,-16],[-66,6],[-2,-30],[-27,-5],[-15,-108],[-196,5],[-39,-79],[18,-50],[-11,-62],[-125,48],[-18,-49],[-43,-16],[-8,43]],[[10040,14103],[-7,-19],[57,-30],[-37,-113],[41,-19],[67,54],[77,-42],[167,-28],[57,-54],[-3,-24],[88,-57],[4,-44],[-17,5],[-15,-51],[64,-14],[-1,-34],[-44,-80],[-97,26],[-44,-95],[61,-38],[-9,-32],[34,7],[24,-21],[-29,-74],[28,-76],[-19,-64],[-59,-59],[-33,6],[-56,-56],[-66,-25],[-16,-63],[-118,20],[-12,21],[-110,3],[-2,-55],[-24,-31],[-98,-10],[-46,-63],[-69,9],[-28,34],[17,68],[-32,-22]],[[9735,12963],[-105,145],[19,37],[-150,-26],[-15,-68],[-45,10],[-18,-18],[-40,9],[-12,-24],[-105,-4],[-16,53],[13,45],[-42,121]],[[7085,12921],[-81,20],[-107,-27],[-4,-23],[-57,-36],[8,-78],[-48,-73],[-61,-34],[-48,4],[12,48],[-41,3],[-65,101],[45,120],[-9,114],[-25,121],[-53,6],[-112,-92],[-42,-213],[-82,-22],[-183,37],[-49,36],[-26,-21],[-41,-109],[-101,-93],[-26,-141],[-155,-15],[-2,33],[37,0],[-42,69],[-10,74],[-98,37],[-36,-34],[-40,9],[-55,-23],[-33,-51],[-64,8],[-65,-29]],[[5326,12647],[-77,83],[-11,58],[-148,-7],[-16,114],[-40,84],[-145,-30],[-3,15]],[[4886,12964],[-27,301],[-59,5],[-11,127],[-83,59]],[[4202,13511],[-47,-27],[7,-78],[-29,3],[13,-35],[-15,-36],[-43,13],[-27,-65],[-19,-6],[30,-109],[-272,-23],[-33,-69],[25,-128],[-44,-4],[22,-27],[14,-76],[-31,-12],[-55,-82],[-38,68],[-98,-14],[-19,-85],[-130,50],[-26,-18],[10,112],[16,11],[-45,16],[12,-28],[-14,-7],[-43,29],[-26,-13],[-17,23],[-6,-46],[24,-47],[-17,-37],[-29,-7],[-7,-21],[17,-7]],[[3262,12729],[-60,-21],[-50,27],[-44,64],[-126,-6],[-25,2],[-57,79]],[[2900,12874],[-3,26],[-47,15],[-5,28],[23,36],[-16,13],[66,110],[36,-2],[13,24],[-21,62],[71,139],[-1,49]],[[11625,13690],[-89,10],[-97,-30]],[[11439,13670],[-102,37],[-171,-6],[-40,3]],[[11126,13704],[-1,17],[-54,13],[-46,43],[-11,-79]],[[11014,13698],[-30,-17],[-12,47],[-32,3],[-84,-52],[81,-42],[-3,-117],[-25,-61],[66,-21],[27,-88],[66,-23],[-11,-144]],[[11057,13183],[-12,-31],[36,-117],[-14,-67],[-48,-13],[-8,-89],[-61,13],[-19,-90],[-48,24],[20,64],[-23,48],[28,116],[-50,-7],[-43,21],[-45,-18],[-27,-140],[-25,29],[-30,-2],[-80,-109],[-56,24],[-60,-16],[12,101],[-78,28],[-31,-58],[-47,6],[-13,-25],[-20,17],[-38,-28],[8,-95],[44,-32],[-9,-73],[-203,48],[-62,-54],[-15,-53],[-30,-1],[3,-37],[-53,-16],[6,-31],[17,-1],[0,-47],[30,-5],[-9,-53]],[[10004,12414],[-71,62],[-39,79],[-38,0],[35,64],[-18,67],[23,65],[-44,80],[-11,-69],[-49,-66],[-75,-27],[-28,53],[14,32],[-23,52],[55,157]],[[13263,13538],[-44,-1],[-40,-29],[-66,103],[-29,19],[-52,-5],[-36,-215],[-42,-17],[-17,-46],[-156,-24],[3,-41],[-20,-18],[-53,39],[-43,-19],[-7,-30],[32,0],[17,-118],[-23,-26],[-50,24],[-36,-22],[6,-77]],[[12607,13035],[-51,-27]],[[12556,13008],[-72,5],[-20,41],[31,32],[-23,0],[-31,47],[-44,-20],[-5,-84],[-32,-54],[8,-39],[-59,-20],[-20,-128],[-19,2],[-19,49],[-92,40],[5,21],[38,-5],[-39,58],[-130,-77],[-11,43],[-55,25],[1,43],[-52,5],[-39,51]],[[11877,13043],[-35,81],[-3,68],[20,58],[-4,68],[23,5],[30,135],[-58,-18],[-3,84],[-22,1],[29,117],[-240,-15],[-178,21],[3,22]],[[15919,14002],[-1,-2],[-3,1],[1,2],[3,-1]],[[15860,14010],[0,-4],[-2,0],[0,4],[2,0]],[[15918,14007],[-4,4],[3,1],[1,-5]],[[15906,14012],[7,2],[-17,-13],[3,12],[7,-1]],[[15914,14018],[-4,2],[3,1],[1,-3]],[[15908,14024],[-3,2],[3,0],[0,-2]],[[15884,14061],[3,-2],[-3,-15],[18,-28],[-26,-1],[3,37],[5,9]],[[15799,14079],[63,11],[11,-19],[-20,-81],[19,26],[10,-10],[-32,-40],[93,24],[0,44],[2,18],[53,-3],[27,-28],[-18,10],[12,-30],[-51,-17],[5,-34],[28,9],[2,23],[19,-36],[44,17],[110,-38],[-79,-15],[-1,-24],[51,-6],[11,-47],[-59,-26],[-19,29],[2,-49],[59,-50],[32,21],[13,-111],[46,3],[52,-5],[-8,-357]],[[16276,13288],[-87,4],[-81,-45],[-46,9],[-13,-43],[-55,7],[-72,71],[9,57],[-70,17],[-8,48],[23,12],[5,31],[35,-1],[22,-50],[31,-1],[14,35],[31,1],[44,56],[10,31],[-28,7],[2,16],[61,11],[-167,41],[16,71],[-44,8],[-20,4],[3,-19],[-38,10],[6,-18],[-26,-31],[-21,59],[-34,-31],[-14,13],[-3,-39],[25,-8],[19,28],[25,-29],[-13,-42],[-70,-24],[-6,-28]],[[15741,13526],[-8,30],[-41,-2],[22,22],[1,79],[-78,2],[-2,-19],[-26,-2],[-31,36],[-24,-5],[-28,-11],[-3,-64],[-112,5],[-3,-56],[-41,20],[-14,31],[-44,-1]],[[15309,13591],[-18,-3],[-11,34],[98,7],[-14,51],[22,4],[4,27],[-37,52],[-91,45],[8,30],[52,-25],[-11,38],[47,4],[0,26],[23,1],[-10,57],[17,-4],[4,35],[48,38],[14,68],[52,0],[5,69],[69,-44],[29,6],[6,24],[55,-58],[18,0],[-3,27],[25,13],[46,-19],[6,-38],[37,23]],[[16077,13896],[12,2],[-9,13],[-3,-15]],[[11126,13704],[2,-124],[73,-6],[-2,-57],[69,-3],[34,-58],[-13,-72],[-68,15],[-39,-19]],[[11182,13380],[-40,39],[-94,39],[28,13],[-30,37],[-12,152],[-20,38]],[[8785,12163],[-8,-32],[-35,-23],[-15,-69],[80,-14],[68,-131],[34,-2],[18,-34],[25,-6]],[[8952,11852],[-8,-79],[134,-82],[-74,-48],[-9,-30],[-98,25],[-55,-71],[-55,-14],[5,-51],[-51,-105],[-25,11],[-6,31],[30,63],[-27,68],[-92,60],[-33,-24],[-16,-60],[-74,-14],[-13,-95],[-78,-19],[-121,33]],[[8286,11451],[-96,76],[13,97],[-22,12],[-55,-4],[-39,-69],[-27,-2],[-56,13],[-16,36],[-86,-19],[-17,9],[2,39]],[[7887,11639],[11,44],[-24,47],[21,90],[-45,23],[9,107],[-23,38],[-85,26],[-70,52],[-133,-33],[8,34],[-23,14],[-9,-17],[-64,75]],[[7460,12139],[31,48],[119,-19],[-48,76],[21,60],[-20,50],[-223,64],[31,54],[-13,47],[67,141],[-53,18]],[[4886,12964],[-73,-156],[30,-100],[-7,-120],[-97,-15],[-2,-103],[-44,-11],[-13,-73],[-77,-7],[9,-143],[-31,-60],[-65,88],[-22,76],[12,83],[-50,-18],[-11,16],[21,275],[-94,13],[-29,-14],[-87,31],[-59,-243],[-47,-51],[-301,8]],[[3849,12440],[-22,59],[-37,15],[-13,-95],[-25,-21],[-15,57],[-98,9],[-27,33],[-26,-70],[-37,-1],[-7,18],[-17,-26],[-70,-2],[-3,24],[-35,15],[8,96],[-31,61],[10,31],[-91,-20],[-12,38],[19,28],[-58,40]],[[11182,13380],[-8,-157],[-37,-46]],[[11137,13177],[-80,6]],[[11877,13043],[0,-88],[-241,36],[1,-39],[-34,-30],[-5,-40],[-39,17],[17,13],[-30,4],[-1,-93],[-24,-43]],[[11521,12780],[-15,-20],[-31,2],[-88,31],[-32,-12],[-3,-46],[-58,-5],[-36,173],[13,31],[37,15],[-4,59],[-19,5],[3,41],[-32,34],[-112,39],[-7,50]],[[15741,13526],[-30,-44],[-101,-67],[-34,-85],[20,-85],[-81,-86],[35,-27],[-6,-41],[-47,1],[-13,-33],[-13,11],[-12,-17],[-63,24],[-16,-29],[0,-22],[108,-73],[2,-42],[-48,-140],[-51,34],[-25,-69]],[[15366,12736],[-39,-17],[15,22],[-41,-2],[6,15],[-34,18],[11,40],[-29,0],[-1,-28],[-41,0],[11,-40],[-14,-6],[-17,42],[-107,-22],[-3,45],[-44,10],[-5,35],[-34,24],[-49,-34],[-59,-4],[-6,-19],[-30,2],[0,31],[-22,-1],[-27,-67],[-75,21]],[[14732,12801],[-48,75],[8,219],[52,3],[5,29],[28,9],[28,-18],[-1,103],[-111,28],[-10,38],[-23,-29],[-126,-1],[6,197],[-30,2],[-25,-65],[-53,15]],[[14432,13406],[-11,31],[40,-13],[8,33],[30,7],[-23,69],[60,13],[-76,119],[28,-44],[17,21],[26,-19],[48,9],[1,38],[142,-34],[55,12],[2,18],[30,8],[-20,33],[37,-1],[24,-31],[92,3],[26,38],[27,3],[25,-33],[-10,-30],[134,-39],[59,-112],[38,59],[73,1],[-5,26]],[[16276,13288],[35,-997]],[[16311,12291],[-206,-42],[-28,33],[-2,38],[-41,10],[12,29],[-20,1],[16,39],[-15,33],[-51,19],[-142,-39],[9,58],[-32,30],[-47,-39],[-87,12],[-13,25],[-45,-3],[-3,-34],[-64,35],[-18,-34],[-53,23],[-8,-27]],[[15473,12458],[-13,-5],[-9,70],[-39,16],[-9,52],[65,14],[6,46],[-21,40],[-87,45]],[[13323,13366],[-4,-25],[-57,3],[7,-21],[-61,5],[-21,58],[-69,-6],[-7,-52],[-49,-6],[44,-47],[2,-121],[-61,-71],[-34,6],[25,56],[-13,36],[-63,9],[-21,-88],[-121,12],[-18,-67],[-76,-35],[-119,23]],[[14732,12801],[15,-164],[-48,-181],[14,-23],[-22,-61],[11,-135],[-15,-43],[-31,-12],[3,-72],[-43,-131]],[[14616,11979],[-67,9],[-24,-26],[-27,3],[-10,19],[34,58],[35,7],[-1,31],[-51,11],[-3,30],[-76,16],[-11,39],[-63,23],[0,32],[23,19],[106,27],[0,41],[-118,-9],[-15,-41],[-101,23],[-6,20]],[[14241,12311],[12,72],[-23,38],[-161,-7],[-41,22],[-22,63],[7,55],[24,-1],[2,20],[-28,81],[27,21],[16,68],[-66,45],[1,21],[-113,13],[9,116],[-59,128],[5,60],[-30,79]],[[14124,13520],[17,11],[125,-67],[58,-79],[105,4],[3,17]],[[14241,12311],[-28,16],[-44,-26],[25,-93],[-38,-11],[-1,-19],[-102,15],[-1,-88],[-18,8],[-1,-37],[-29,14],[-65,-40],[-19,-37],[-54,-14],[-138,87],[-46,-23],[8,-48],[-42,-64]],[[13648,11951],[-101,116],[0,23],[-137,0],[-62,-49],[-57,3],[24,-30],[-14,-31],[21,-6],[-26,-15],[-18,25],[-14,-37],[-11,7],[17,-74]],[[13270,11883],[-21,0],[-7,27],[-19,-18],[-11,37],[-45,-41],[-37,12],[-21,50],[-58,-5],[-21,14],[13,33],[-15,-13],[-3,14],[4,18],[43,-1],[6,74],[66,47],[-26,10],[11,44],[5,-15],[24,20],[44,-18],[45,42],[31,-3],[-2,42],[-24,20],[19,-1],[1,32],[35,16],[-17,33],[13,-4],[3,63],[-54,-35],[-7,76],[-155,-2],[-20,58],[26,34],[-81,149],[-34,-2],[-66,-97],[-16,73],[-137,53],[-22,40],[14,143],[-27,-17],[-37,30],[-173,11],[6,48],[70,16],[-37,18]],[[7460,12139],[-33,-20],[-25,23],[-82,15],[-37,-54],[-24,13],[-7,-129],[-27,-64],[-64,22],[-67,81],[-60,-17],[-56,-56],[-19,-115],[-140,-117],[-124,-156],[41,-62],[-54,-121],[-21,6],[-13,-27]],[[6648,11361],[-31,20],[-41,-16],[-57,55],[24,68],[-47,26],[7,35],[-47,15],[27,82],[-38,35],[-216,-75],[-36,7],[-29,119],[7,338],[-28,36],[-60,2],[-16,29],[-43,4],[-136,-33],[6,24],[-63,2],[-16,-20],[-97,-12],[-77,35],[-33,-5],[0,-83],[-42,7],[-3,68],[-28,-17],[2,24],[-266,8]],[[5271,12139],[-122,12],[-23,20],[-23,86],[46,79],[43,164],[37,9],[-7,36],[32,41],[48,19],[24,42]],[[10004,12414],[35,-7],[-4,-181],[90,-5],[27,-64],[-17,-45],[20,-6],[0,-36],[28,-12],[-17,-90],[16,-18],[100,-9],[79,59],[23,68],[-7,27],[-32,-3],[19,86],[33,-6],[26,-74],[75,-3],[9,28],[56,12],[-6,-66],[-45,-97],[67,-43],[17,-36],[-23,-162]],[[10573,11731],[-31,18],[-56,-9],[-14,-57],[11,-22],[-51,-1],[1,32],[-135,19],[-28,-148],[54,-26],[6,-58],[-23,-61],[-54,-33],[-27,17],[-5,7]],[[10221,11409],[5,62],[-48,-5],[-22,4],[-1,35],[-118,58],[-86,5],[-32,-119],[49,-45],[-58,-63],[-95,4],[-30,-28],[-72,-17],[6,-26],[47,-29],[-55,-125],[-62,-38]],[[9649,11082],[-32,-9],[15,-42],[-34,6],[-17,-38],[-135,35]],[[9446,11034],[24,125],[-97,113],[-116,60],[-26,47],[-28,11],[-8,51],[18,37],[27,9],[3,51],[85,46],[-3,58],[37,77],[-83,56],[-194,59],[-34,30],[-53,10],[-46,-22]],[[11521,12780],[33,-43],[32,9],[-5,-47],[34,21],[55,-41],[21,-65],[-8,-50],[-68,-43],[-51,8],[-41,-46],[-24,59],[-18,4],[-69,-70],[20,-37],[-23,7],[-8,-57],[106,-21],[18,29],[25,-8],[40,-22],[-8,-68],[-92,-10],[3,-44],[-47,-4],[0,-23],[-50,-22],[-18,-70],[-29,-13],[-22,-50],[1,-70],[28,-25],[-40,-52],[-35,18],[-14,-19],[-43,5],[-7,25],[-31,1],[50,-67],[35,-110],[39,8],[16,71],[19,6],[-18,-56],[14,-35],[97,-23],[2,-82],[28,-11],[9,-41]],[[11477,11606],[-32,-21],[16,-20],[19,11],[5,-30],[-41,-33],[-18,-73],[-23,-15],[-7,-114]],[[11396,11311],[-119,27],[-70,-73],[-51,-6],[-75,88],[6,55],[-77,-15],[-21,23],[-9,52],[-46,44],[3,63],[-93,14],[-9,-24],[-86,63],[-80,25],[-63,-5],[-33,89]],[[5271,12139],[-11,-125],[-32,6],[-15,-24],[-67,-19],[29,-91],[5,-116],[-132,-19],[-52,15],[1,30],[-52,7],[-45,-33],[19,-66],[-30,-6],[12,-54],[-18,-30],[-26,-228],[10,-83],[94,1],[-29,-69],[-1,-31],[23,-13],[-39,-54],[16,-58],[54,-42],[0,-30],[27,-28],[15,-77],[-12,-52],[-27,-5],[-79,38],[-64,-120],[-32,-2],[-33,34],[-37,-103]],[[4743,10692],[-84,26],[-45,-34],[-11,144],[27,23],[-158,261],[6,70],[32,45],[-2,62],[-267,29],[-252,-198],[-85,-12],[-25,-32],[-13,12]],[[3866,11088],[-16,61],[-26,-10],[9,26],[-24,41],[44,76],[-9,107],[-82,110],[-82,66],[-45,79],[148,191],[-63,61],[83,146],[-3,48],[-21,7],[13,71],[-13,59],[13,93],[35,14],[-17,19],[39,87]],[[3866,11088],[-9,13],[-112,-82],[-44,-54],[-58,-15],[42,-56],[-9,-49],[-47,-49],[-114,-39],[-146,-122],[-63,53],[-81,9],[-50,32],[-80,-34],[-41,13],[-19,30],[-24,-2],[11,37],[-20,19],[-16,53],[-109,70],[-1,108],[-47,-31],[-35,4],[-12,-38],[-17,0],[-29,27],[12,21],[-17,24],[-49,20],[34,169],[-7,40],[46,59],[11,53],[-21,46],[-92,87],[46,40],[-1,23],[-15,18],[-26,-7],[-37,66],[54,135],[10,236],[57,193],[-35,42],[19,95],[-25,48],[21,111],[-27,15],[-30,-16],[-39,35],[-2,67],[-29,34],[18,57],[70,11],[133,-28],[104,36],[7,44],[-26,115]],[[13270,11883],[54,-22],[-1,-24],[-96,-21],[-1,-28],[-28,12],[24,-32],[21,15],[-3,-20],[-74,5],[-5,-15],[-13,31],[-22,-26],[-48,11],[15,-18],[-28,-30],[-51,-12]],[[13014,11709],[-72,48],[-2,77],[-63,51],[-18,-20],[12,-31],[-82,16],[0,-29],[-34,0],[13,-31],[-34,0],[4,-119],[-98,-3],[-22,128],[86,86],[28,92],[-72,59],[-33,83],[-48,45],[-19,64],[-55,28],[-24,37],[-44,10],[-3,64],[-76,-156],[-34,50],[6,51],[-38,16],[-113,-4],[-41,-140],[-39,-21],[-12,-62],[-52,-3],[2,20],[-17,0],[-40,-39],[7,-35],[-22,-43],[20,-13],[-29,-14],[-5,-25],[30,-30],[-3,-25],[-29,-7],[-2,-61],[-26,30],[-33,-43],[3,-41],[-64,-38],[-41,-4],[-18,69],[26,33],[8,83],[33,74],[-56,63],[-58,-36],[-27,21],[-39,-26],[16,-34],[-53,-75],[37,-31],[11,-58],[35,-26],[-9,-57],[-15,25],[-52,-19],[-49,12],[-24,-118],[-54,-32],[-21,11]],[[15473,12458],[71,-18],[-42,-47],[-47,3],[41,-38],[4,-58],[42,4],[7,-26],[38,-9],[59,27],[20,-53],[44,-29],[-48,-38],[-60,-100],[-54,2],[43,-117],[-102,-16],[59,-142],[-69,-16],[-45,-34],[-21,3],[-3,27],[-129,-12],[15,-142],[-20,-102],[26,-67],[-7,-123],[304,-232],[44,-185]],[[15643,10920],[-382,94],[-418,50],[-72,33],[-199,11]],[[14572,11108],[17,174],[113,-10],[18,50],[-5,44],[-62,18],[-22,47],[-46,-42],[-35,4],[11,51],[-46,24],[3,22],[73,3],[-4,39],[-10,28],[-54,-1],[15,48],[-61,68],[12,18],[92,12],[8,69],[-29,59],[44,13],[12,133]],[[16311,12291],[45,-886],[60,-260],[-15,-118],[-76,-81],[-172,-37],[-248,-18],[-262,29]],[[13014,11709],[26,-65],[71,-66],[25,-51],[-38,-89]],[[13098,11438],[-37,-1],[-18,-37],[-109,6],[-62,-42],[-25,35],[-64,13],[-12,-39],[-50,17],[-20,-32],[-5,69],[-32,-4],[-26,-44],[5,58],[-101,18],[3,76],[19,16],[-32,-6],[-46,56],[-17,-7],[5,-65],[-39,-2],[-13,-37],[-33,-2],[-22,-58],[-68,79],[-30,-13],[-146,73],[-50,-1],[2,-26],[-49,-28],[-105,-6],[-10,-15],[36,-61],[-9,-19],[-92,50],[-12,-33],[-42,-4],[11,-50],[-28,7],[-12,-17],[-47,34],[-15,-36],[49,-33],[-2,-28],[-30,-79],[-19,17],[-7,-15],[3,-43]],[[11695,11179],[-125,11],[-109,97],[-65,24]],[[6648,11361],[39,-26],[-4,-80],[70,-64],[-11,-109],[-38,-45],[-30,10],[-19,-47],[-35,-19],[-17,-53],[-109,1],[-19,-8],[-1,-60],[-66,11],[-3,-18],[139,-65],[15,-30],[65,-10],[9,-66]],[[6633,10683],[-36,-32],[10,-51]],[[6607,10600],[-31,-73],[-63,15],[-81,-62],[-82,77],[-59,9],[-45,62],[-82,-64],[-36,-1],[32,-28],[-21,-29],[-29,-14],[-13,27],[-87,-77],[-13,70],[-50,33],[-26,-11],[-8,21],[-8,-27],[22,-34],[-30,4],[8,-48],[-37,24],[-6,-40],[-61,-18],[20,-11],[-71,-64],[-53,0],[-56,-66],[-23,31],[-8,-34],[-57,-24],[-11,-64]],[[5542,10184],[-3,-1],[-58,34],[-63,-18],[-47,19],[-73,44],[-12,67],[-60,21],[-48,-80],[-57,-36],[-51,58],[-87,-75],[-55,33],[-25,-75],[-48,39],[-47,3],[-58,-55],[-25,3],[-5,-38],[-74,19]],[[4646,10146],[38,51],[-16,50],[17,213],[40,67],[-4,46],[53,49],[-31,70]],[[7887,11639],[-49,6],[-56,45],[-15,-50],[-25,-3],[14,-101],[-62,-1],[-2,-23],[-37,-21],[-11,-146],[39,-40],[-4,-124],[35,-21]],[[7714,11160],[-1,-77],[-46,-27],[-13,-67],[81,-48],[-42,-88],[-29,-19],[3,-35],[-52,-9],[-38,-47]],[[7577,10743],[-106,63],[15,96],[-46,6],[0,19],[-28,-9],[8,15],[-35,19],[-33,-18],[1,-84],[-70,-139],[-42,4],[6,25],[-23,15],[-59,-19],[-86,45],[1,-102],[35,-5],[-39,-122],[-79,-13],[-127,73],[-69,-72],[-125,133],[-43,10]],[[14572,11108],[-410,4],[-81,-118]],[[14081,10994],[-19,60],[-64,28],[-2,43],[-23,24],[-44,16],[-19,-58],[-16,-1],[-21,9],[0,38],[-27,-5],[-19,24],[-37,-43],[-36,-4],[28,87],[42,14],[4,29],[92,-2],[-96,77],[-19,66],[-35,16],[13,48],[-42,66],[9,100],[-72,122],[-5,85],[-26,63],[19,19],[-18,36]],[[14081,10994],[-151,-40],[-148,-110],[-109,-116],[-25,-50],[46,-28],[6,-39],[-62,-90],[-93,-56],[-27,-81],[3,-66],[-18,3],[9,-14],[-33,-17],[-10,-70]],[[13469,10220],[-92,1],[-9,106],[-38,-6],[1,24],[-78,-17],[-71,21],[11,-20],[-27,-7],[-36,13],[-3,43],[33,30],[-1,40],[-28,44]],[[13131,10492],[-2,35],[49,39],[57,-38],[4,21],[34,-10],[15,29],[-28,23],[-17,44],[11,17],[-111,25],[-19,37],[-67,0],[-6,-31],[-79,22],[3,84],[58,7],[15,58],[-30,64],[9,19],[-42,33],[-5,74],[69,113],[-16,26],[-53,-25],[-3,27],[27,28],[41,-8],[45,51],[24,-6],[-5,54],[15,10],[-30,38],[17,57],[-13,29]],[[9446,11034],[-18,-14],[41,1],[-16,-22],[10,-22],[-33,1],[-20,-29],[22,-30],[-11,-108],[20,-4],[-26,-73],[6,-64],[-152,-177],[-41,-3],[-134,-128],[7,-34],[108,42],[7,-47],[11,33],[14,-24],[-24,-37],[-9,-106],[-47,-8],[9,-61],[-50,-63],[6,-44],[-19,-36],[-60,-16],[-34,-35],[-118,-10],[-12,-45]],[[8883,9871],[-23,5],[-9,33],[15,27],[-156,74]],[[8710,10010],[24,20],[-83,48],[39,80],[-4,85],[-60,29],[31,12],[-4,37],[-69,128],[-96,38],[-63,-26],[-155,-5],[-4,-21],[-187,4],[-51,-97],[-86,-3],[-95,-127],[-55,-14],[-27,38],[-25,-6]],[[7740,10230],[-24,33],[-11,69],[-25,-62],[-18,15],[7,208],[-35,6],[13,55],[-55,40],[-26,62],[11,87]],[[7714,11160],[39,80],[106,-26],[27,35],[68,-3],[48,33],[72,-25],[136,48],[22,30],[-4,63],[58,56]],[[11695,11179],[99,-85],[23,-50],[49,-20],[11,21],[32,1],[44,-46],[-3,-29],[93,-175],[-9,-22],[28,2],[-17,-33],[77,-85],[22,-155]],[[12144,10503],[-39,-66],[-22,-1],[-4,-30],[45,-7],[30,-29],[-22,-41],[68,-28],[-15,-68],[77,6],[-17,-39],[34,-6],[-6,-27],[-141,10],[-27,-24]],[[12105,10153],[-55,34],[7,76],[-25,20],[-34,36],[8,-22],[-24,-23],[-42,5],[-24,31],[-48,-88],[-27,-6],[-14,-46],[-22,-3],[-43,2],[2,55],[-68,9],[-7,46]],[[11689,10279],[-9,31],[-50,24],[-21,37],[43,154],[-62,74],[-184,-69],[-16,-29],[-2,-94],[25,-35],[-14,-18],[-91,4],[-44,-28],[-43,13],[-4,42],[-82,28],[-79,-139],[-64,1],[-39,32],[10,109],[-27,18],[41,124],[-93,71],[-25,33],[15,55],[-41,21],[47,63],[-69,78],[-114,7],[-149,81],[-38,-30],[33,-73],[-24,-43],[-30,1],[-12,-24],[-33,9],[-8,-28],[-56,20],[-8,23],[-41,-38],[-11,-59],[-38,-9],[-20,-99],[7,-130],[-79,-12],[-12,19],[-48,1],[-43,54],[-27,7],[14,78],[64,59],[0,23],[-36,31],[30,47],[-16,13],[-32,-49],[-46,-22],[-75,26],[22,107],[89,12],[89,-34],[96,26],[-12,8],[25,50],[-19,39],[27,63],[-15,45],[25,87],[-49,95],[-57,28],[0,60],[37,61]],[[11689,10279],[-11,-90],[8,-50],[23,-5],[-20,-172],[-139,15],[-26,-25],[27,-23],[-161,-177],[-75,104],[-75,6],[-8,-32]],[[11232,9830],[-18,-3],[-71,-4],[-7,-59],[-94,-64],[-27,-127],[-27,19],[-120,-5],[-15,30],[-116,1],[-15,8],[-1,36],[22,-10],[-11,36],[-73,-12],[-50,26],[-9,29],[-45,-20],[-12,17],[-58,-10],[-12,-26],[-86,-37],[-55,-103],[-41,152],[-24,2],[0,-45],[-65,16],[-18,-15],[-58,28],[-18,36],[-98,3],[3,-18],[-20,0],[-28,-45]],[[9965,9666],[-17,-1],[13,16],[-35,40],[-40,3],[-15,84],[42,32],[65,8],[21,48],[22,-5],[-19,149],[64,45],[12,59],[-65,20],[-34,-31],[-86,81],[-25,-63],[-9,54],[-35,-7],[-69,33],[50,110],[-64,24],[-19,42],[81,191],[-21,53],[-44,11],[-26,79],[15,35],[44,8],[23,33],[65,8],[-3,61],[-94,24],[-76,-25],[-24,110],[22,-16],[20,63],[-47,17],[-8,23]],[[13131,10492],[-90,36],[-33,-17],[-4,-41],[-51,17],[-25,-19],[-85,1],[-31,25],[-40,-30],[7,-49],[-77,26],[-16,61],[-69,0],[-54,46],[-87,34],[-37,-10],[-41,17],[-44,-137],[-109,44],[-73,-25],[-28,32]],[[9965,9666],[42,-68],[-5,-94],[-31,-2],[-10,-27],[32,-31],[8,-57],[-300,-80],[-79,48],[-16,-66],[9,-72],[-113,28],[-136,-86],[-21,-118],[20,-79],[-26,-90],[-70,-16],[-33,43],[-41,-3]],[[9195,8896],[5,152],[-20,5],[-1,31],[72,14],[11,72],[-34,-31],[2,33],[16,58],[24,4],[-3,34],[-41,49],[-15,-89],[-51,-15],[-25,25],[13,48],[-14,49],[19,5],[0,33],[-20,0],[-28,61],[-41,-20],[-28,17],[-64,120],[84,69],[-5,-51],[28,39],[31,-6],[-4,50],[58,81],[-131,33],[-3,20],[-64,33],[-77,5],[18,30],[-24,17]],[[7740,10230],[-33,-18],[33,-7],[-2,-18],[-79,-108],[4,-56],[44,-25],[-126,-37],[2,-43],[-40,7],[-25,-33],[-47,13],[-87,-57]],[[7384,9848],[-64,68],[-109,-7],[-66,-33],[-73,3],[-110,-84],[-80,25],[-15,-48],[-29,5],[-164,-145],[-31,11],[10,28]],[[6653,9671],[-4,40],[-24,21],[28,48],[-22,83],[6,78],[-36,26]],[[6601,9967],[-18,6],[25,79],[-24,31],[-129,67],[3,18],[28,3],[4,89],[71,4],[23,-51],[48,-31],[35,-1],[27,26],[35,-13],[-23,24],[-2,50],[24,64],[-76,54],[-50,125],[40,55],[-16,47],[-19,-13]],[[6601,9967],[-88,-47],[-97,-121],[-92,-51],[-53,29],[-107,-18],[-63,45],[-140,-32],[-56,-54],[1,-39],[-43,-31],[-14,-50],[-68,-18],[-27,-71]],[[5754,9509],[-120,14],[-172,157],[11,24],[-83,45],[-49,84],[-1,173],[158,-63],[14,-14],[-19,-92],[56,3],[56,41],[4,94],[23,-7],[67,73],[-13,63],[-30,38],[-54,32],[-19,-22],[-22,36],[-19,-4]],[[13469,10220],[38,-43],[-38,-44],[14,-4],[-20,-85],[12,-54],[36,-68],[43,-14],[26,-40],[16,-102],[48,-29],[-98,-60],[-125,-147],[-8,13],[6,-17],[-80,-116],[-201,-217],[-10,-67],[-101,-105],[-44,-88],[-4,-53],[25,-7],[-47,-91]],[[12957,8782],[-64,52],[-47,5],[-88,-33],[-39,40],[-68,6],[-65,163],[-38,48],[-32,1],[-116,216]],[[12400,9280],[-4,22],[59,17],[-2,43],[-16,7],[22,68],[58,10],[-25,43],[-32,-11],[-42,42],[-54,-27],[-41,9],[9,38],[-43,38],[-57,1],[-98,70],[6,85],[-35,21],[64,71],[25,-9],[-43,81],[53,35],[18,55],[58,24],[35,-61],[28,-7],[4,27],[22,-9],[19,23],[-22,54],[-23,8],[0,39],[-48,90],[-34,-67],[-40,0],[-8,-43],[-30,42],[1,-20],[-19,27],[-39,-6],[1,31],[-22,12]],[[5754,9509],[2,-162],[-16,-59],[0,-89],[19,-45],[-8,-96],[-55,-62],[-18,-108],[-50,-67],[-67,129],[-76,-7],[0,-15],[-95,18],[-4,16],[-30,-13],[1,21],[-34,12],[-24,-128],[-38,20],[-4,-15],[-31,40],[-65,-86],[-59,4],[5,-39],[-72,-73]],[[5035,8705],[-22,44],[-72,12],[-10,24],[0,138],[52,6],[12,36],[-23,37],[-71,33],[-18,51],[-62,29],[-25,46],[-145,60],[-30,86]],[[4621,9307],[53,61],[-1,57],[-36,53],[10,14],[-26,10],[19,54],[-53,50],[38,45],[1,43],[-137,178],[-120,102],[-16,96],[26,58],[42,-13],[61,27],[41,46],[123,-42]],[[8710,10010],[-28,-59],[-40,-25],[-37,-83],[-100,-60],[-1,-34],[41,-44],[-35,-72],[-88,33],[1,-79],[-27,0],[12,-105],[-15,-76]],[[8393,9406],[-92,36],[-42,-8],[23,-137],[-306,165],[-72,3],[-38,-80]],[[7866,9385],[-1,-10]],[[7865,9375],[-139,55],[5,32],[-132,139],[-118,82],[-94,160],[-3,5]],[[12400,9280],[-2,-1],[-100,-44],[-50,-77],[-150,1],[-92,-105],[4,-99],[-96,6],[-24,-42],[-19,-58],[49,-216],[-1,-92],[71,-47],[4,-30],[-53,-136],[-139,-9],[-41,-70],[-73,-46],[-13,-47],[-60,92],[103,178],[-188,31],[-67,87],[-25,-134],[-18,-6],[-12,28],[-138,-125]],[[11270,8319],[-47,2],[30,81],[-40,125],[-30,24],[-54,-1],[3,57],[51,36],[38,66],[-32,54],[-14,-62],[-36,27],[38,71],[0,26],[-30,25],[40,-4],[16,44],[-22,15],[-61,-9],[38,115],[-3,51],[-91,81],[135,13],[43,91],[22,22],[49,2],[-43,39],[57,29],[-19,46],[55,-6],[27,116],[30,40],[-81,45],[-70,112],[-45,9],[22,88],[-14,41]],[[6653,9671],[-50,-59],[-16,16],[0,-169],[-25,-73],[-42,5],[-46,-35],[31,-144],[-25,-53],[-30,-47],[-59,27],[-50,-163],[-110,-137],[-4,-100],[35,-16],[-59,-178],[-40,-39],[-27,-82],[-51,-29],[-5,-32],[-85,-72],[-89,-210],[-3,-48],[-23,-2],[-24,-101],[-55,-73],[-88,-50],[12,-58],[-189,-291],[42,-41],[8,-43]],[[5586,7374],[10,-50],[-21,-21],[-82,-36],[-119,27],[-116,-108]],[[5258,7186],[-10,12],[-68,-40],[-88,78],[0,83],[-20,32],[-37,7],[-11,36],[43,53],[-22,45],[12,42],[38,3],[-22,32],[-30,9],[-68,-153],[-65,36],[-3,65],[25,27],[-34,-3],[-21,21],[-64,-20],[-61,-48],[1,-20],[-97,-59],[-70,50],[-46,11],[-37,-19],[-63,88],[-48,30],[-5,42],[-48,3],[-44,-41],[-91,22],[-12,17],[15,48],[34,28],[-11,41],[24,37],[6,66],[32,16],[-5,24],[35,23],[56,117],[-22,46],[19,69],[-11,22],[66,19],[24,20],[-5,27]],[[4449,8230],[108,-12],[14,-54],[184,-43],[31,4],[9,33],[40,0],[39,54],[33,0],[19,-42],[61,11],[5,-76],[66,-17],[20,94],[24,7],[-53,72],[7,46],[33,17],[20,166],[-4,30],[-33,-25],[-29,23],[18,46],[-9,91],[-61,-57],[44,107]],[[9195,8896],[-124,21],[23,-50],[55,-37],[-2,-34]],[[9147,8796],[-27,-7],[-11,-67],[-22,-2],[-48,82],[27,46],[-92,26],[-15,-20],[-68,60],[-41,-1]],[[8850,8913],[-53,33],[-66,101],[-70,52]],[[8661,9099],[-43,29]],[[8618,9128],[75,8],[-21,15],[15,40],[-56,-10],[-10,23],[38,68],[-67,57],[-20,-35],[4,23],[-54,2],[-49,-52],[0,70],[-16,1],[-49,-16]],[[8408,9322],[-15,84]],[[7865,9375],[-5,-70],[-53,38],[-35,-8],[-38,-110],[53,-34],[6,-61],[-65,-37],[-9,-26],[-143,36],[-133,4],[-16,-41],[23,-84],[-58,-53],[-3,-69],[-23,-1],[-6,-38],[-45,9],[-31,-72],[-47,-24],[26,-50],[26,2],[30,-29],[-4,-35],[-178,6],[-23,-17],[-7,-144],[-18,-24],[-41,7],[-9,-33],[-98,-23],[-26,-72],[-110,-110],[-28,50],[-57,9],[-108,-138],[-2,-32],[32,-21]],[[6642,8080],[-10,-71],[-36,6],[-4,34],[-24,-8],[2,-24],[-58,-80],[-16,30],[-42,-25],[-78,27],[-8,79],[-18,-5],[8,16],[-20,26],[-48,-26],[-12,18],[-28,-12],[-30,-32],[-47,-1],[-22,-22],[4,-23],[-52,-37],[-21,-60],[-43,10],[-5,-21],[-56,-25],[-51,-76],[-35,4],[18,68],[-46,5],[-81,-117],[-23,-127],[-62,-68],[-8,-106],[-104,-63]],[[11270,8319],[40,-81],[17,-110]],[[11327,8128],[-18,-45],[-11,20],[-96,4],[-44,-65],[-51,-9],[-30,-79],[-64,-4],[-56,24],[-26,78],[26,36],[-55,29],[-27,-18],[-39,28],[19,10],[-17,13],[-42,-8],[-22,-26],[8,-22],[-37,-13],[-70,43],[1,23],[-22,-3],[-42,-45],[-44,-4],[46,-12],[-9,-80],[-82,-4],[-15,-61],[-95,-30],[-57,-78],[-63,126],[-80,42],[59,44],[37,0],[3,60],[68,61],[-32,51],[-77,-44],[-91,46],[-57,207],[-98,2],[-100,-140],[-23,41],[-30,9],[-16,-46],[-20,0],[-23,48],[-78,-34],[-82,80],[-4,37],[-36,11],[0,50],[-83,41],[67,81],[-16,48],[-59,23],[-22,71],[-107,4],[11,-66],[-132,-9],[-11,13],[24,81],[-50,-19],[-19,36],[-69,11]],[[8408,9322],[-4,-63]],[[8404,9259],[-32,-17],[2,-149],[90,-32]],[[8464,9061],[-35,-38],[-36,-7],[-11,-33],[-33,1],[0,52],[-97,4],[-19,102],[-50,27],[10,47],[-25,-33],[-30,1],[-7,43],[-157,73]],[[7974,9300],[7,22],[-115,63]],[[4449,8230],[-11,48],[55,120],[-33,34],[-10,60],[52,7],[27,39],[28,5],[1,50],[-25,40],[-39,5],[1,22],[-49,5],[26,79],[-21,32],[65,31],[-5,44],[-71,19],[-37,68],[39,34],[-10,97],[52,45],[31,119],[50,51],[-7,23],[63,0]],[[7974,9300],[-43,-82],[37,-42],[-38,-34],[-23,-77],[27,-20],[-3,-69],[57,-14],[-16,-35],[65,-21],[-12,-40],[22,-73],[50,15],[28,-32],[-21,-92],[62,-49],[-8,-105],[72,-24],[0,-94],[95,-21],[-2,-49]],[[8323,8342],[-21,-49],[-51,25],[-26,-59],[44,-30],[-15,-58],[52,-79],[-13,-59],[37,-22],[-11,-20],[23,-23],[-11,-39],[-27,-4],[11,-54],[-21,-18],[-82,8],[10,48],[-100,36],[-38,-93],[-24,5],[-49,-108],[-17,5]],[[7994,7754],[-29,12],[8,28],[-23,11],[-24,-44],[-21,5],[-24,-35],[-57,-25],[-40,20],[-8,61],[-131,17],[-46,-11],[-9,-46],[-46,-2],[-45,-61],[-41,26],[-9,56],[-126,34],[-72,9],[-14,-75],[-163,30],[-52,36],[-22,-47]],[[7000,7753],[-69,10],[-45,95],[23,24],[-39,88],[-25,-8],[-96,57],[-35,-1],[-72,62]],[[8618,9128],[-123,68]],[[8495,9196],[-91,63]],[[8464,9061],[1,0]],[[8465,9061],[125,-22],[15,20],[29,-10],[27,50]],[[8850,8913],[-14,-20],[-44,14],[-29,-22],[-57,35],[-77,-2],[-4,-112],[-58,23],[-61,-7],[3,-57],[33,-53],[0,-65],[-19,-28],[67,-9],[46,50],[-7,28],[77,15],[112,-121],[-47,-67],[-34,-102],[-10,20],[-62,-8],[10,34],[29,4],[17,72],[-141,60],[-8,-45],[31,-29],[-7,-53]],[[8596,8468],[-23,-17],[-10,-90],[-54,21],[3,25],[-83,73],[-44,-34],[-42,5],[1,-20],[71,-37],[-1,-18],[-13,-50],[-78,16]],[[8495,9196],[-25,-31],[-5,-104]],[[12957,8782],[-132,-143],[-24,-87],[-41,-36],[-48,-100],[-98,-50],[-256,-364],[-45,-122],[3,-46],[-32,-75],[-21,7],[4,-54],[-102,-114],[-48,-114],[-31,-297],[-30,-98],[6,-62],[-46,3],[-27,-20],[10,-104],[104,-210],[263,-327]],[[12366,6369],[-73,-108],[-270,146],[-98,-24],[-16,-20],[29,-30],[1,-38],[-35,-88],[11,-38],[-74,-3],[-161,86],[10,105],[47,3],[21,109],[-11,32],[-33,16],[-95,-53],[-26,29],[-19,-6],[7,-97],[16,-6],[-42,-26],[-8,-38],[-119,-75],[-1,-18],[-48,14],[-74,-43],[-45,25],[-11,-15],[-51,41],[0,20],[-27,-13],[-39,36],[19,34]],[[11151,6326],[-2,76],[32,-9],[2,-30],[17,-5],[22,26],[69,17],[42,55],[23,-1],[41,75],[-20,32],[66,84],[-21,12],[13,54],[58,-3],[32,50],[110,-46],[7,36],[-25,11],[14,72],[94,-15],[32,112],[-9,24],[-78,27],[6,44],[73,132],[38,-5],[0,83],[-41,-21],[5,85],[-74,86],[-11,36],[17,17],[-22,22],[-52,-24],[-40,18],[68,60],[-5,20]],[[11632,7533],[12,108],[-106,21],[-20,14],[4,40],[-33,10],[33,11],[-1,28],[-44,54],[13,47],[34,16],[-1,28],[-23,5],[24,37],[-27,8],[37,23],[7,54],[-24,9],[20,22],[-65,34],[-14,46],[-131,-20]],[[11632,7533],[-337,-83],[2,33],[-80,20],[-50,40],[-172,14],[23,-119],[-10,-70],[-125,-84],[35,-123],[-199,86],[-39,79],[-50,12],[-152,100],[-54,8],[-40,31],[-68,-16],[-50,12],[-74,76],[13,59],[-119,12],[-49,23],[-7,29],[-28,-33],[-32,19],[-40,-9],[-77,-110],[-28,6]],[[9825,7545],[-13,109],[-118,65],[16,90],[-79,42],[-79,-4],[-29,38],[-24,-29],[-33,20],[-15,25],[38,26],[-6,45],[-66,66],[50,35],[-196,39],[-30,41],[56,172],[-18,37],[-101,-42],[-60,39],[-96,-21],[-128,125],[-28,-92],[-34,20],[-118,-96],[-31,26],[6,54],[-41,5],[-32,47],[4,32],[-24,9]],[[9825,7545],[-27,-43],[-54,31],[-1,-62],[-143,-47],[37,-26],[7,-144],[42,-8],[-16,-97],[-159,-6],[-72,44],[-26,-28],[-2,-28],[76,-71],[-63,-21],[7,-111],[76,-8],[23,-52],[-22,-3],[-34,41],[-37,3],[-4,-31],[-88,26],[-10,-38],[-42,5],[-4,-33],[32,-36],[-19,-28]],[[9302,6774],[-132,32],[-243,-5],[-16,-69],[28,-13],[8,-100],[92,-18],[2,-128],[55,-38],[33,61],[72,-4],[6,23],[71,-5],[-4,-35],[6,23],[35,-10],[-1,-37],[19,-10],[-32,-38],[32,-12],[-12,-73],[22,-24],[-68,-13],[-6,-53],[33,-39],[16,-3],[30,57],[58,-15],[39,110],[90,-8],[10,27],[34,-45],[10,-57],[-52,-144],[-33,4],[3,-57],[-81,-112],[-54,35],[-162,10]],[[9210,5991],[-2,28],[-42,14],[-123,22],[-45,-11],[-78,28],[-33,136],[-90,19],[-81,54],[-23,77],[12,53]],[[8705,6411],[-36,10],[-8,79],[55,116],[-11,71],[-150,11],[-14,113],[-40,56],[105,159],[-19,86],[81,-8],[5,59],[23,-10],[74,41],[-10,32],[-68,-31],[-111,14],[9,105],[-20,122],[-84,43],[-63,-8],[-19,-23],[-85,9],[-73,-136],[-72,-3],[-213,49],[34,149],[-130,17]],[[7865,7533],[5,41],[53,76],[55,6],[16,98]],[[7000,7753],[-66,-28],[-3,30],[-8,-16],[-10,-161],[37,-58],[5,-46],[-33,-2],[-29,35],[-2,-15],[-28,47],[-16,-22],[-48,33],[-61,-76],[25,-89],[35,-49],[-27,13],[-32,-63],[-8,51],[-17,0],[-13,-126]],[[6701,7211],[15,-166],[-11,-31],[-19,6],[-8,-50],[-88,-20],[-13,-60],[29,0],[-3,-37]],[[6603,6853],[-68,-37],[-61,-82],[-28,-88],[-83,5],[-15,35],[-42,23],[-50,-17],[-93,32],[-31,-22],[-6,25]],[[6126,6727],[7,90],[83,0],[-40,80],[7,43],[-147,63],[-30,-15],[-24,20],[-42,-23],[-32,67],[-49,4],[-25,73],[-12,4],[13,-31],[-13,-4],[-25,26],[-30,-18],[-47,13],[-42,-7],[-13,-30],[-46,17],[-9,24],[-44,11],[-26,-17],[-11,24],[-27,-33],[-204,-9]],[[5298,7099],[-12,35],[-38,16],[10,36]],[[7865,7533],[0,-104],[-29,5],[-3,-22],[-24,18],[-26,-129],[-44,3],[-39,-36],[-7,-83],[99,-25],[-2,-41],[-33,-26],[8,-72],[-37,-25],[-1,-82],[-26,-2],[-33,-40],[-43,8],[-20,-45],[-39,10],[-1,-34],[-109,-52],[-30,-57]],[[7426,6702],[-100,13],[10,13],[-56,19]],[[7280,6747],[-11,114],[22,66],[-66,38],[-11,-42],[-33,6],[-69,49],[37,136],[-62,7],[4,19],[-22,0],[-38,48],[-13,-15],[-40,50],[-191,-1],[-31,-29],[-55,18]],[[11151,6326],[-127,-56]],[[11024,6270],[-44,63],[-37,117],[-47,28],[-15,54],[26,132],[29,13],[4,88],[-39,-58],[-95,30],[-1,56],[-26,46],[-26,13],[-8,-30],[-33,0],[-83,86],[-34,-17],[-5,-71],[-57,-17],[-61,63],[-41,-24],[-5,27],[-68,18],[14,89],[-92,-9],[0,71],[-17,21],[-64,9],[-45,-32],[-125,-24],[0,21],[-43,-120],[12,-39],[-32,-166],[-78,-8],[-143,41],[-2,17],[-128,39],[-36,40],[17,-45],[-37,-23],[26,5],[-2,-48],[-46,2],[-33,-74],[-1,41],[-155,33],[-46,46]],[[8705,6411],[-66,10],[-24,10],[-70,-38],[-238,-35],[-35,25],[-85,-12],[-15,-78],[-24,1],[-14,-40],[-39,-19],[12,-49],[57,-51],[3,-36],[-178,9],[-4,-167],[-94,-27],[-17,-78],[-122,-21],[-3,-90],[-37,1],[-13,-52],[-58,14],[-55,-101]],[[7586,5587],[-48,-12],[-140,39],[-15,90],[53,32],[-24,7],[-4,55],[-112,3]],[[7296,5801],[-31,71],[14,19],[-75,31],[-11,50],[48,0],[10,-27],[52,-22],[10,31],[96,-2],[-4,68],[131,25],[29,20],[18,55],[79,-26],[35,47],[87,2],[29,106],[-19,18],[43,-2],[-16,60],[-71,56],[1,83],[-29,5],[21,39],[-135,26],[-3,-79],[-54,-14],[-20,139],[-55,80],[-41,10],[-9,32]],[[7280,6747],[-45,24],[-65,-8],[-39,-115],[-99,6],[-52,30],[-38,-45],[-21,-88],[-178,39],[-75,-77],[-8,-35],[-49,3],[-12,12],[33,48],[-32,87],[-8,91],[42,16],[-31,118]],[[6126,6727],[-76,-10],[0,-45],[-36,32],[-15,-34],[-58,-20],[47,-58],[1,-36],[19,-2],[-22,-28],[-68,36],[6,-139]],[[5924,6423],[-93,20],[-5,-72],[-43,-10],[37,-47],[-23,-70],[-99,-11],[-20,27],[-96,13],[-14,-62],[-30,3],[-24,36],[16,46],[23,5],[-120,37],[9,41],[-29,-1],[7,28],[37,-9],[17,20],[-74,104],[-68,40],[-58,-28],[-40,13],[-37,-19],[-45,47],[-179,92]],[[4973,6666],[27,29],[15,70],[71,94],[58,-32],[68,32],[-5,46],[49,50],[-16,16],[0,68],[58,60]],[[10170,5007],[-34,13],[17,29],[27,-17],[-10,-25]],[[10363,5087],[-9,3],[18,18],[-9,-21]],[[10564,5132],[20,3],[10,-23],[-41,-36],[-38,8],[39,57],[10,-9]],[[11344,5346],[-3,-4],[-7,0],[10,4]],[[11240,5347],[-4,-11],[-14,4],[18,7]],[[11077,5329],[-9,9],[12,16],[-3,-25]],[[11333,5354],[-7,5],[5,2],[2,-7]],[[11089,5365],[-2,2],[4,1],[-2,-3]],[[11115,5494],[-10,10],[7,-5],[3,-5]],[[11024,6270],[20,-40],[-11,-41],[-14,2],[0,-71],[-46,-18],[21,-53],[-36,3],[6,-143],[112,-90],[72,13],[-1,-20],[20,-6],[-7,-83],[88,18],[-21,-120]],[[11227,5621],[-53,-45],[10,-43],[-13,-14],[-170,33],[-93,-25],[-49,-32],[-21,-56],[34,-58],[33,-18],[-231,-49],[-124,-86],[-191,36],[-363,-63],[-181,-54],[-134,-98]],[[9681,5049],[-9,19],[-81,24],[-38,-21],[-3,95],[-181,74],[-94,7],[-96,37],[76,179],[23,135],[-119,-13],[12,268],[39,138]],[[7296,5801],[-36,-8]],[[7260,5793],[-179,5],[-4,32],[-47,23],[0,83],[-103,16],[0,-32],[75,-60],[-39,-93],[-50,-16],[-4,31],[-37,33],[-10,90],[-79,-10],[-9,79],[-75,-3],[-48,35],[-1,22],[-253,-40],[-60,42],[-80,3],[-50,41],[-46,-1],[5,29],[-82,15]],[[6084,6117],[24,40],[-8,149],[-76,-22],[7,53],[-63,-2],[-46,52],[20,31],[-18,5]],[[6084,6117],[-20,-57],[-96,33],[-1,-43],[-22,-7],[-14,-48],[109,-8],[-30,-117],[155,6],[16,-81],[-22,-36],[-93,-32],[-21,-48],[-30,51],[-38,-65],[6,-43],[-47,-39],[-34,47],[-58,-1],[-4,-50],[-40,-6],[-1,-48],[-22,-6],[17,-61],[-26,2],[11,-57],[-64,-12],[-36,-58],[-77,-44],[-13,-115],[-57,-49],[18,-60],[-69,-16],[1,-56],[-73,-21],[-34,44],[-78,-2]],[[5297,5014],[-9,19],[-91,0],[3,56],[96,95],[124,34],[-8,33],[-47,-6],[3,89],[-136,14],[4,47],[-115,2],[-30,37],[-40,-15],[-15,34],[-114,43],[-74,-39],[-49,52],[-69,13],[-65,63]],[[4665,5585],[52,71],[-37,92],[26,27],[9,161],[30,6],[-25,135],[47,15],[41,74],[-25,49],[17,4],[-5,31],[115,3],[2,45],[46,78],[-7,97],[31,41],[11,65],[-33,44],[13,43]],[[11666,5370],[-9,3],[6,2],[3,-5]],[[11638,5377],[9,-2],[-15,1],[6,1]],[[11619,5374],[-6,4],[7,-2],[-1,-2]],[[11653,5406],[-31,-31],[12,28],[19,3]],[[11665,5407],[-11,1],[21,35],[-10,-36]],[[12311,5486],[-4,1],[1,7],[3,-8]],[[12309,5504],[-9,-17],[-4,20],[13,-3]],[[12043,5504],[-1,1],[0,2],[1,-3]],[[12167,5487],[-32,-6],[-47,8],[-77,-23],[-27,6],[40,27],[11,-18],[75,17],[34,-13],[48,25],[-25,-23]],[[12793,5579],[28,2],[35,-34],[-21,-21],[-90,44],[-43,-12],[54,62],[37,-41]],[[13079,5635],[-8,0],[12,5],[-4,-5]],[[13004,5641],[-3,-1],[-3,2],[6,-1]],[[13000,5649],[50,-1],[-21,-11],[-29,12]],[[13144,5676],[45,-33],[-2,-25],[-39,0],[38,14],[-39,29],[-144,3],[0,14],[38,-7],[57,26],[46,-21]],[[13108,5723],[-12,6],[8,16],[4,-22]],[[13079,5742],[-13,9],[8,12],[5,-21]],[[13168,5751],[-8,14],[11,-2],[-3,-12]],[[13112,5752],[-18,12],[10,22],[21,-15],[-13,-19]],[[13495,5815],[33,-32],[-11,-33],[-40,31],[18,34]],[[13067,5829],[-12,10],[10,11],[2,-21]],[[13398,5825],[64,-3],[-19,-47],[-75,-73],[-57,-11],[-77,80],[22,46],[52,39],[90,-31]],[[13891,5996],[-2,2],[2,6],[0,-8]],[[12366,6369],[183,-170],[197,-140],[288,-49],[48,19],[84,-39],[224,-6],[51,41],[202,7],[60,91],[53,43],[93,41],[46,-16],[39,-25],[21,-51],[-39,-81],[-54,-46],[7,-51],[46,-72],[214,-218],[223,-187],[42,-81],[-76,78],[-522,343],[-195,65],[-179,-18],[7,74],[-16,-21],[-24,16],[-16,27],[8,-18],[-21,-16],[6,47],[19,22],[-250,-26],[-36,-39],[-81,8],[-168,-49],[-114,1],[-309,64],[-187,-2],[-127,-29],[-35,-27],[-28,10],[20,-19],[-35,-50],[-147,37],[-67,-8],[-39,-43],[-89,-6],[-47,-34],[-419,-145]],[[9173,4289],[-1,0],[1,2],[0,-2]],[[9165,4288],[-7,-21],[-10,3],[17,18]],[[9075,4338],[-2,0],[-1,2],[3,-2]],[[9084,4364],[9,-38],[-16,6],[7,32]],[[9681,5049],[-535,-479],[-91,-46],[-118,-114],[-8,14],[4,-19],[-130,-179],[14,4],[-38,-94]],[[8779,4136],[-250,105],[-53,-60],[-40,72],[-31,-1],[-30,30],[-55,-90],[-99,-19],[-19,56],[48,45],[5,54],[-111,34],[-78,-11],[-30,-41],[-45,-11],[-3,-47],[-53,-7],[-49,0],[-13,54],[-96,-24],[-7,34],[-59,25],[-34,-43],[-3,-53],[-26,22],[-75,1],[-4,136],[-293,-54],[-11,85]],[[7265,4428],[22,3],[1,27],[252,-32],[10,28],[-29,33],[16,39],[54,-11],[-4,27],[67,6],[-13,42],[18,77],[54,24],[57,-15],[18,6],[-6,22],[36,-6],[-17,14],[45,7],[-37,34],[9,103],[-67,-5],[-1,48],[21,29],[-37,66],[-44,36],[-48,-24],[-11,96],[-61,41],[37,81],[-10,77],[-43,4],[-15,172],[14,-22],[39,21],[7,-34],[61,-37],[78,59],[-32,60],[-80,-12],[-40,75]],[[7260,5793],[24,-138],[28,-16],[5,-83],[-18,-8],[-10,-58],[-54,11],[-2,-84],[-107,13],[-56,32],[-27,-34],[-59,-26],[-188,-15],[-8,50],[-18,1],[-7,76],[-140,2],[-6,-113],[-65,-33],[15,-71],[32,-33],[-55,-26],[-64,26],[-7,-55],[16,-13],[8,-89],[76,-25],[125,31],[16,-16],[64,3],[21,-135],[-40,-30],[-141,8],[-14,-53],[46,-86],[-86,-71],[17,-63],[-34,-17],[-8,-27],[21,-16],[-12,-23],[153,0],[26,-83],[-32,-26],[-9,-62],[-77,10],[-34,59],[-43,-14],[-21,-33],[1,-35],[44,-39],[4,-100],[21,-47]],[[6581,4219],[-15,-51],[-29,2],[-135,73],[-7,106],[-108,-19],[-11,-25],[-43,17]],[[6233,4322],[-30,11],[-3,56],[-95,24],[-28,80],[17,21],[28,-9],[31,143],[97,5],[-17,91],[-85,-16],[-37,70],[-22,-4],[-2,54],[-57,38],[-45,-8],[-8,39],[-34,17],[0,58],[-39,9],[2,-19],[-51,-2],[-7,36],[-26,-25],[5,-100],[-25,-63],[-18,-20],[-148,-6],[-44,-97],[-139,-14],[-2,17],[-101,6]],[[5350,4714],[17,129],[-108,-15],[4,125],[34,61]],[[7265,4428],[-41,-34],[-9,46],[-28,-1],[-37,-90],[61,-21],[-9,-54],[35,-15],[-5,-21],[-67,13],[-15,-10],[24,-21],[-23,-20],[-99,-36],[-42,-37],[-6,-34],[-23,-1],[17,-80]],[[6998,4012],[-75,-20],[-48,39],[-2,176],[-64,24],[-2,20],[-43,-7],[-4,-39],[-179,14]],[[5350,4714],[-21,-2],[-14,-51],[-91,-101],[-35,-104],[-108,44],[-229,33],[3,34],[-30,24],[-32,-31],[-108,30],[-19,-24],[-39,3],[10,-74],[86,-54],[49,-4],[15,-32],[-62,21],[-64,-54],[-61,34],[-27,-11],[-25,-30],[56,4],[-63,-54],[-4,-32],[-59,31],[-35,-93],[12,-17],[-26,-28]],[[4429,4176],[-113,37],[18,47],[-15,40],[12,54],[-37,69],[-45,5],[-22,111],[-53,19],[-21,61],[-34,10],[-12,61],[32,3],[32,33],[-2,33],[34,48],[64,10],[41,-20],[28,17],[-3,48],[49,77],[-9,64],[29,75],[62,38],[11,45],[84,38],[26,73],[65,74],[-5,137],[-59,37],[16,49],[63,16]],[[6233,4322],[9,-46],[-17,1],[-21,-76],[-15,82],[-68,21],[-2,-15]],[[6119,4289],[-250,11],[-21,-54],[-67,-33],[-22,75],[-23,-83],[-49,-13],[72,-40],[-4,-23],[-47,-4],[-22,29],[-91,3],[18,31],[-12,26],[-59,-5],[-7,-31],[-35,33],[-71,5],[-2,-27],[-127,84],[-73,-38],[-39,41],[27,-80],[-15,-43],[27,-20],[-8,-79],[58,-2],[-15,-157],[-72,22],[1,28],[-200,-15],[-68,30],[-62,-19],[-67,43]],[[4794,3984],[-106,-18],[-64,22],[-22,-11],[-2,0]],[[4600,3977],[-80,32],[0,64],[-76,31],[-15,71],[0,1]],[[8888,3757],[-20,-9],[-4,26],[24,-17]],[[8907,3760],[-24,28],[20,-11],[4,-17]],[[8962,3950],[4,-32],[-26,31],[22,1]],[[8951,3994],[-21,-9],[-3,26],[24,-17]],[[8779,4136],[-12,-95],[-47,-41],[-22,-207],[17,-56],[-18,-19]],[[8697,3718],[-26,43],[-62,-61],[-74,-27],[-6,-22],[-84,28],[-85,43],[3,45],[-34,35],[-67,-164],[73,-62],[20,-60],[65,-23],[0,-66],[94,-33],[-44,-22],[30,-113],[-7,-33],[-32,-20],[-77,33],[-13,-83]],[[8371,3156],[-25,7],[-27,-52],[-27,17],[-43,-14],[-32,43],[-41,-72],[-30,-16],[-4,-35],[-55,-14],[-22,-56],[-63,42],[-61,82],[-32,-1],[7,-124],[49,-34],[-45,-40],[-14,22],[-78,-18],[4,82],[27,15],[-56,43],[-23,6],[-14,-88],[-32,21],[-29,-33],[-29,31],[7,62],[-210,57],[-10,-22],[31,-30],[0,-75],[-32,-64],[-63,32],[-25,-21],[-27,27],[-5,-29],[-54,22],[-2,-33],[-21,-10],[-19,43],[-135,-16]],[[7111,2913],[10,42],[40,5],[-4,37],[-58,6],[68,255],[-45,195],[135,76],[-3,33],[29,41],[-97,144],[-51,34]],[[7135,3781],[-43,170],[-94,61]],[[7135,3781],[-60,-35],[-7,-66],[21,-89],[-23,-85],[-165,-35],[-112,-87]],[[6789,3384],[-41,-43],[-4,-49],[-47,-16],[-59,-86],[-78,2],[-5,-27],[-28,-3]],[[6527,3162],[-26,-48],[-55,28],[-35,-38],[-22,-48],[16,-55]],[[6405,3001],[-102,46],[-130,17],[-40,-27],[-84,62],[-77,19]],[[5972,3118],[21,28],[-3,37],[-42,131],[23,42],[24,5],[11,45],[-6,44],[-19,5],[-32,72],[69,10],[-20,52],[18,59],[16,-19],[20,60],[44,36],[22,221],[-42,16],[-26,-16],[-17,39],[-39,-5],[21,60],[-24,13],[11,19],[-33,69],[108,-33],[36,11],[6,170]],[[5972,3118],[-31,3],[-117,115],[-66,25],[-98,-27],[-20,17],[-43,-27],[-161,66],[-14,42],[-65,50],[-28,-43],[-47,14],[1,-34],[-41,12],[15,-43],[-47,32],[-25,-7],[-6,18],[-34,-4],[-19,25],[-33,-18],[-11,-47],[-83,16],[-25,41],[-36,9],[-28,111],[-54,16],[-13,-50],[-43,29],[0,116],[26,5],[6,42],[25,-10],[-4,46],[-91,6],[2,66],[54,41],[-24,65],[39,9],[6,23],[-45,116]],[[6405,3001],[10,-135],[-23,-85],[-97,32],[-59,-115],[-36,15],[-7,-26],[29,-47],[-75,-16],[0,-40],[55,-43],[-14,-29],[22,-54],[-54,16],[4,39],[-113,14],[-96,53],[-39,-13],[-53,19],[-153,-53],[-99,-8],[-72,-65],[-118,95],[-29,-115],[-86,-109],[-49,33],[-74,-2],[-94,-111]],[[5085,2251],[-15,51],[-16,-13],[-32,23],[5,18],[-16,-8],[-61,42]],[[4950,2364],[-204,85],[-7,-17],[-82,60]],[[4657,2492],[-24,48],[-81,74],[1,64],[1,22],[-56,35],[-18,62],[-21,-5],[-44,44],[-29,76],[-33,26],[26,80],[-54,113],[-54,45],[-56,149],[9,17],[26,-30],[58,-9],[32,55],[-7,74],[13,8],[44,-22],[38,13],[-22,54],[76,30],[9,113],[67,34],[0,43],[70,91],[-18,43],[13,30],[-27,21],[14,23],[-10,64]],[[7111,2913],[-40,-61],[7,-21],[54,15],[0,-87],[-59,-57],[-4,-32],[-45,-3],[-31,50],[-33,-199],[101,-38],[-34,-54],[51,30],[24,-7],[-4,-28],[17,-7],[-10,-47],[33,-7],[1,-51],[-12,-35],[-43,9],[-2,-21],[28,-14],[1,-45],[58,-30],[15,-125],[42,-23],[8,-65],[-42,-79],[33,-22],[-28,-93],[72,-51],[23,-97],[24,-10],[-1,-40],[-8,-29],[-103,-17],[13,-16]],[[7217,1506],[-5,-37],[-39,-2],[-1,-27],[-108,-1],[-14,24],[-108,-27],[-88,190],[-61,31],[-8,-71],[-72,25],[0,38],[-40,32],[-26,80],[-32,9],[7,33],[-53,7],[-50,-55],[-107,8],[-23,32],[-41,3],[4,-68],[26,-28],[67,-16],[4,-24],[-33,-11],[43,-46],[-84,-64],[-7,33],[-40,-21],[-39,156],[-16,-79],[-33,5],[21,68],[-14,38],[-22,-5],[15,-30],[-18,-21],[-76,53],[49,-84],[-75,18],[-31,32],[-21,-58],[-33,-2],[-20,38],[-45,-53],[-18,35],[-26,-3],[23,-41],[-51,-44],[-15,-168],[-30,0]],[[5853,1408],[-4,37],[35,53],[-46,68],[-35,-12],[-19,-39],[-54,22],[-38,-25],[-38,-4],[-9,43],[-72,60],[1,75],[-18,-7],[-24,76],[3,57],[38,49],[-40,56],[14,28],[-41,-4],[-53,33]],[[5453,1974],[-2,51],[15,11],[-11,56],[-29,37],[-25,-5],[-22,30],[-176,59],[-53,-1],[-13,-29],[-52,68]],[[6527,3162],[4,-25],[28,-6],[-36,-50],[57,0],[56,-135],[105,-5],[12,30],[169,-18],[20,82],[54,33],[35,71],[-63,10],[45,103],[-22,7],[-3,25],[-44,10],[0,18],[-23,-2],[-43,-58],[-86,82],[13,28],[-16,22]],[[8691,3576],[-2,3],[2,1],[0,-4]],[[8697,3718],[7,-50],[-36,-64],[13,-40],[-12,-101],[17,-3],[6,-51],[19,60],[-3,-63],[17,55],[-5,-18],[21,10],[-7,-23],[15,21],[41,-8],[18,-40],[25,0],[5,36],[-30,-13],[46,49],[-17,48],[12,30],[11,-144],[-5,-41],[-23,8],[-166,-203]],[[8666,3173],[-121,-40],[-30,-40],[-35,8],[-33,-20],[-76,75]],[[8666,3173],[-36,-95],[-60,-84],[-2,-133]],[[8568,2861],[-33,-1],[4,21],[-68,-52],[-57,5],[-4,-60],[-74,1],[-34,-43],[-90,-38],[-82,8],[-225,-28],[-54,-67],[-16,4],[13,-50],[-39,0],[11,-43],[-20,-44],[26,0],[-32,-10],[-15,-118],[-35,2],[-11,-46],[84,-43],[-3,-54],[74,-149],[-13,-9],[-62,88],[-25,0],[30,-91],[-19,-118],[39,-1],[-4,-23],[-51,-22],[-3,-25],[93,-76],[9,-18],[-43,-46],[48,-30],[-5,-36],[38,-78],[22,-31],[24,28],[19,-61],[-33,-51],[19,-5],[5,-65]],[[7976,1386],[-148,-92]],[[7828,1294],[-21,15],[-19,-25],[-71,7],[-161,-66],[-99,10],[-27,122],[-53,11],[-49,-51],[-21,12],[11,65],[-56,-11],[6,43],[-32,5],[60,41],[-7,14],[-72,20]],[[8568,2861],[-14,-184],[44,-90],[-63,-249],[57,-229],[-79,-134],[-133,-127],[-147,-182],[-31,-138],[8,-34],[36,-20],[-270,-88]],[[4950,2364],[-2,-58],[-85,-11],[-11,-94],[-39,-48],[-7,-89],[25,-29],[-15,-69],[38,-72],[-36,-120],[-48,-28],[-17,-38],[-19,3],[-47,-91]],[[4687,1620],[-62,-17],[-9,-20]],[[4616,1583],[-3,-202],[-54,-37]],[[4559,1344],[30,-24],[-32,-44],[27,-67],[-17,-48],[20,-44]],[[4587,1117],[7,-29],[-33,-70],[10,-49],[-16,-20]],[[4555,949],[-69,8],[-54,56],[-73,-4],[-23,-20],[-64,10],[-4,38],[-30,40],[6,31],[50,49],[-24,75],[-26,6]],[[4244,1238],[-40,43],[-7,39],[36,33],[-3,46],[-27,25],[-72,-44],[39,96],[-4,34],[-36,0],[-2,19],[42,25],[34,-27],[62,59],[2,40],[66,77],[-3,43],[44,80],[95,15],[-12,69],[-50,45],[-12,106],[-42,32],[3,16],[53,55],[70,-18],[44,-62],[52,44],[49,5],[57,154],[42,46],[-44,65],[-23,94]],[[4875,223],[-1,0],[1,1],[0,-1]],[[4899,228],[1,-1],[-2,-2],[1,3]],[[4910,231],[-2,2],[2,0],[0,-2]],[[4845,244],[1,-4],[-3,2],[2,2]],[[4841,244],[-21,16],[21,-10],[0,-6]],[[4935,294],[29,-50]],[[4964,244],[-51,7],[-16,-23],[-30,-2],[-17,13],[-4,9],[-18,10],[-5,10],[-9,5],[2,25]],[[4816,298],[59,82],[-6,86],[42,-6],[1,-146],[23,-20]],[[4905,242],[3,6],[-6,-3],[3,-3]],[[5453,1974],[-24,-68],[8,-92],[-20,-44],[-35,-32],[-48,-10],[-71,-68],[11,-49],[-69,-136]],[[5205,1475],[-2,-41],[51,-20]],[[5254,1414],[15,-91],[-97,-146],[51,-74],[-62,-33],[12,-76],[-19,-23],[72,-98]],[[5226,873],[-140,-100],[-40,5],[-10,-26],[-98,59],[-26,-62],[-248,-71]],[[4664,678],[8,88]],[[4672,766],[18,28],[89,47],[1,82],[-94,129],[-99,65]],[[4559,1344],[54,37],[3,202]],[[4616,1583],[9,20],[62,17]],[[5853,1408],[32,-123],[-42,0],[9,-52],[-17,-30],[51,-40],[27,-74],[72,-84],[-48,-12],[42,-7],[-20,-29],[22,-1],[0,-46],[49,-23],[12,-56],[-31,22],[-1,-26],[-95,7],[-14,-22],[-17,-42],[18,-22],[-23,-29],[42,-7],[-24,-17],[-3,-55],[26,0],[-18,-49],[33,-19],[-50,-33],[23,-28],[-38,-26],[3,-58],[143,-53],[57,13],[-7,-29],[28,-8],[7,-34]],[[6101,316],[-32,-15],[-76,-99],[1,-79],[23,-40],[-44,-26],[-24,-57],[-113,0],[-21,22],[-516,112]],[[5299,134],[7,108],[37,19],[18,119],[123,-14],[-8,78],[38,19],[-3,51],[27,19],[17,65],[2,40],[-15,-9],[-17,22],[-31,-1],[-41,-39],[-20,40],[5,88],[-11,35],[-20,-65],[-47,35],[-31,-36],[-14,25],[-92,14]],[[5223,747],[14,35],[-11,91]],[[5254,1414],[-51,20],[2,41]],[[7828,1294],[-110,-128],[-155,-98],[-107,-106],[-224,-94],[-39,-112],[-126,-129],[5,-112],[-54,-90],[-89,-30],[-71,-54],[-128,93],[-393,-49],[-94,-43],[-74,8],[-68,-34]],[[4555,949],[-16,-9],[26,-57],[-25,-29],[0,-36],[47,-54],[23,16],[62,-14]],[[4664,678],[-142,-25],[-52,-91]],[[4470,562],[-26,37],[-159,98],[-153,172],[-245,202],[23,72],[47,-11],[14,27],[27,-4],[-16,59],[47,4],[-3,15],[89,35],[25,-23],[65,33],[22,-74],[31,20],[-14,14]],[[4805,315],[-2,2],[2,0],[0,-2]],[[4804,318],[-1,0],[1,1],[0,-1]],[[4802,318],[-2,0],[1,2],[1,-2]],[[4805,320],[-1,0],[0,2],[1,-2]],[[4803,321],[-2,0],[1,3],[1,-3]],[[4576,453],[-3,1],[2,3],[1,-4]],[[4555,471],[-5,-9],[-8,5],[13,4]],[[4515,494],[13,-9],[-21,6],[8,3]],[[4470,549],[-2,1],[1,4],[1,-5]],[[5223,747],[-24,-61],[40,-93],[-22,-63],[-33,-40],[-26,-2],[-12,63],[-31,-20],[-89,-100],[13,-59],[-70,-27],[-34,-51]],[[4816,298],[-21,45],[-82,65],[-120,66],[-33,-3],[-65,43],[-25,48]],[[4549,482],[-1,3],[-3,-1],[4,-2]],[[5299,134],[-335,110]],[[15813,14485],[-4,-40],[24,-1],[1,-26],[26,4],[-26,-33],[9,-25],[21,1],[15,-50],[-80,-27],[5,42],[-31,-2],[-37,29],[-53,-10],[3,-81],[56,-5],[10,32],[12,-26],[-59,-52],[13,-20],[-18,-15],[27,8],[-19,-37],[82,-23],[9,-49]],[[15697,14192],[-9,0],[6,-11],[3,11]],[[15775,14107],[-1,6],[-3,-6],[4,0]]],"transform":{"scale":[0.00022222854707365668,0.0002015665753942982],"translate":[76.23399311319167,8.076644669515929]},"objects":{"India_AC":{"type":"GeometryCollection","geometries":[{"arcs":[[0,1,2,3,4]],"type":"Polygon","properties":{"ac_no":2,"name":"Ponneri (SC)","state_code":"S22","ls_parent":"TIRUVALLUR (SC)"}},{"arcs":[[5,6,7,8,9]],"type":"Polygon","properties":{"ac_no":3,"name":"Tiruttani","state_code":"S22","ls_parent":"ARAKKONAM"}},{"arcs":[[10,11,12,13,-6,14]],"type":"Polygon","properties":{"ac_no":4,"name":"Thiruvallur","state_code":"S22","ls_parent":"TIRUVALLUR (SC)"}},{"arcs":[[-4,15,16,-11,17]],"type":"Polygon","properties":{"ac_no":1,"name":"Gummidipoondi","state_code":"S22","ls_parent":"TIRUVALLUR (SC)"}},{"arcs":[[18,19,20,21,22,-12,-17]],"type":"Polygon","properties":{"ac_no":5,"name":"Poonamallee (SC)","state_code":"S22","ls_parent":"TIRUVALLUR (SC)"}},{"arcs":[[23,24,25,26,27,-19,-16,-3]],"type":"Polygon","properties":{"ac_no":9,"name":"Madavaram","state_code":"S22","ls_parent":"TIRUVALLUR (SC)"}},{"arcs":[[28,29,30,-24,-2]],"type":"Polygon","properties":{"ac_no":10,"name":"Tiruvottiyur","state_code":"S22","ls_parent":"CHENNAI NORTH"}},{"arcs":[[-14,31,32,33,-7]],"type":"Polygon","properties":{"ac_no":38,"name":"Arakkonam (SC)","state_code":"S22","ls_parent":"ARAKKONAM"}},{"arcs":[[-9,34,35,36,37,38,39]],"type":"Polygon","properties":{"ac_no":40,"name":"Katpadi","state_code":"S22","ls_parent":"ARAKKONAM"}},{"arcs":[[40,41,-20,-28]],"type":"Polygon","properties":{"ac_no":6,"name":"Avadi","state_code":"S22","ls_parent":"TIRUVALLUR (SC)"}},{"arcs":[[-34,42,43,44,45,-35,-8]],"type":"Polygon","properties":{"ac_no":39,"name":"Sholingur","state_code":"S22","ls_parent":"ARAKKONAM"}},{"arcs":[[46,47,48,-25,-31]],"type":"Polygon","properties":{"ac_no":12,"name":"Perambur","state_code":"S22","ls_parent":"CHENNAI NORTH"}},{"arcs":[[49,50,-47,-30]],"type":"Polygon","properties":{"ac_no":11,"name":"Dr.Radhakrishnan Naga","state_code":"S22","ls_parent":"CHENNAI NORTH"}},{"arcs":[[-27,51,52,53,54,-41]],"type":"Polygon","properties":{"ac_no":8,"name":"Ambattur","state_code":"S22","ls_parent":"SRIPERUMBUDUR"}},{"arcs":[[-49,55,56,-52,-26]],"type":"Polygon","properties":{"ac_no":13,"name":"Kolathur","state_code":"S22","ls_parent":"CHENNAI NORTH"}},{"arcs":[[57,-39,58,59,60,61]],"type":"Polygon","properties":{"ac_no":45,"name":"Kilvaithinankuppam(SC","state_code":"S22","ls_parent":"VELLORE"}},{"arcs":[[62,63,64,-51]],"type":"Polygon","properties":{"ac_no":17,"name":"Royapuram","state_code":"S22","ls_parent":"CHENNAI NORTH"}},{"arcs":[[65,66,67,-53,-57]],"type":"Polygon","properties":{"ac_no":14,"name":"Villivakkam","state_code":"S22","ls_parent":"CHENNAI CENTRAL"}},{"arcs":[[-65,68,69,-66,-56,-48]],"type":"Polygon","properties":{"ac_no":15,"name":"Thiru-Vi-Ka-Nagar(SC)","state_code":"S22","ls_parent":"CHENNAI NORTH"}},{"arcs":[[-55,70,71,-21,-42]],"type":"Polygon","properties":{"ac_no":7,"name":"Maduravoyal","state_code":"S22","ls_parent":"SRIPERUMBUDUR"}},{"arcs":[[72,73,74,-69,-64]],"type":"Polygon","properties":{"ac_no":18,"name":"Harbour","state_code":"S22","ls_parent":"CHENNAI CENTRAL"}},{"arcs":[[75,76,77,78,-67]],"type":"Polygon","properties":{"ac_no":21,"name":"Anna Nagar","state_code":"S22","ls_parent":"CHENNAI CENTRAL"}},{"arcs":[[-75,79,80,-76,-70]],"type":"Polygon","properties":{"ac_no":16,"name":"Egmore (SC)","state_code":"S22","ls_parent":"CHENNAI CENTRAL"}},{"arcs":[[-61,81,82]],"type":"Polygon","properties":{"ac_no":46,"name":"Gudiyattam (SC)","state_code":"S22","ls_parent":"VELLORE"}},{"arcs":[[-79,83,84,85,-71,-54,-68]],"type":"Polygon","properties":{"ac_no":22,"name":"Virugampakkam","state_code":"S22","ls_parent":"CHENNAI SOUTH"}},{"arcs":[[-74,86,87,88,-80]],"type":"Polygon","properties":{"ac_no":19,"name":"Chepauk-Thiruvalliken","state_code":"S22","ls_parent":"CHENNAI CENTRAL"}},{"arcs":[[-89,89,90,91,-77,-81]],"type":"Polygon","properties":{"ac_no":20,"name":"Thousand Lights","state_code":"S22","ls_parent":"CHENNAI CENTRAL"}},{"arcs":[[-23,92,93,94,95,96,97,-32,-13]],"type":"Polygon","properties":{"ac_no":29,"name":"Sriperumbudur (SC)","state_code":"S22","ls_parent":"SRIPERUMBUDUR"}},{"arcs":[[-92,98,-84,-78]],"type":"Polygon","properties":{"ac_no":24,"name":"Thiyagarayanagar","state_code":"S22","ls_parent":"CHENNAI SOUTH"}},{"arcs":[[-86,99,100,101,102,-93,-22,-72]],"type":"Polygon","properties":{"ac_no":28,"name":"Alandur","state_code":"S22","ls_parent":"SRIPERUMBUDUR"}},{"arcs":[[103,104,-36,-46]],"type":"Polygon","properties":{"ac_no":41,"name":"Ranipet","state_code":"S22","ls_parent":"ARAKKONAM"}},{"arcs":[[105,106,107,-90,-88]],"type":"Polygon","properties":{"ac_no":25,"name":"Mylapore","state_code":"S22","ls_parent":"CHENNAI SOUTH"}},{"arcs":[[-99,-91,-108,108,-100,-85]],"type":"Polygon","properties":{"ac_no":23,"name":"Saidapet","state_code":"S22","ls_parent":"CHENNAI SOUTH"}},{"arcs":[[109,110,-101,-109,-107]],"type":"Polygon","properties":{"ac_no":26,"name":"Velachery","state_code":"S22","ls_parent":"CHENNAI SOUTH"}},{"arcs":[[111,112,-43,-33,-98]],"type":"Polygon","properties":{"ac_no":37,"name":"Kancheepuram","state_code":"S22","ls_parent":"KANCHEEPURAM (SC)"}},{"arcs":[[113,114,-94,-103]],"type":"Polygon","properties":{"ac_no":30,"name":"Pallavaram","state_code":"S22","ls_parent":"SRIPERUMBUDUR"}},{"arcs":[[-111,115,116,117,-114,-102]],"type":"Polygon","properties":{"ac_no":27,"name":"Shozhinganallur","state_code":"S22","ls_parent":"CHENNAI SOUTH"}},{"arcs":[[-105,118,119,-37]],"type":"Polygon","properties":{"ac_no":43,"name":"Vellore","state_code":"S22","ls_parent":"VELLORE"}},{"arcs":[[-120,120,121,122,-59,-38]],"type":"Polygon","properties":{"ac_no":44,"name":"Anaikattu","state_code":"S22","ls_parent":"VELLORE"}},{"arcs":[[-118,123,124,-95,-115]],"type":"Polygon","properties":{"ac_no":31,"name":"Tambaram","state_code":"S22","ls_parent":"SRIPERUMBUDUR"}},{"arcs":[[125,126,127,128]],"type":"Polygon","properties":{"ac_no":55,"name":"Hosur","state_code":"S22","ls_parent":"KRISHNAGIRI"}},{"arcs":[[-119,-104,-45,129,130,131,-121]],"type":"Polygon","properties":{"ac_no":42,"name":"Arcot","state_code":"S22","ls_parent":"ARAKKONAM"}},{"arcs":[[-123,132,133,134,135,-82,-60]],"type":"Polygon","properties":{"ac_no":48,"name":"Ambur","state_code":"S22","ls_parent":"VELLORE"}},{"arcs":[[136,137,138,-96,-125]],"type":"Polygon","properties":{"ac_no":32,"name":"Chengalpattu","state_code":"S22","ls_parent":"KANCHEEPURAM (SC)"}},{"arcs":[[139,140,141,142,143,-127,144]],"type":"Polygon","properties":{"ac_no":54,"name":"Veppanahalli","state_code":"S22","ls_parent":"KRISHNAGIRI"}},{"arcs":[[-44,-113,145,146,147,-130]],"type":"Polygon","properties":{"ac_no":68,"name":"Cheyyar","state_code":"S22","ls_parent":"ARANI"}},{"arcs":[[-117,148,149,150,-137,-124]],"type":"Polygon","properties":{"ac_no":33,"name":"Thiruporur","state_code":"S22","ls_parent":"KANCHEEPURAM (SC)"}},{"arcs":[[-97,-139,151,152,-146,-112]],"type":"Polygon","properties":{"ac_no":36,"name":"Uthiramerur","state_code":"S22","ls_parent":"KANCHEEPURAM (SC)"}},{"arcs":[[-131,-148,153,154,155]],"type":"Polygon","properties":{"ac_no":67,"name":"Arani","state_code":"S22","ls_parent":"ARANI"}},{"arcs":[[-135,156,157,158]],"type":"Polygon","properties":{"ac_no":47,"name":"Vaniyambadi","state_code":"S22","ls_parent":"VELLORE"}},{"arcs":[[-132,-156,159,160,161,162,163,-133,-122]],"type":"Polygon","properties":{"ac_no":65,"name":"Kalasapakkam","state_code":"S22","ls_parent":"TIRUVANNAMALAI"}},{"arcs":[[-128,-144,164,165,166]],"type":"Polygon","properties":{"ac_no":56,"name":"Thalli","state_code":"S22","ls_parent":"KRISHNAGIRI"}},{"arcs":[[-155,167,168,169,-160]],"type":"Polygon","properties":{"ac_no":66,"name":"Polur","state_code":"S22","ls_parent":"ARANI"}},{"arcs":[[-138,-151,170,171,172,173,-152],[174]],"type":"Polygon","properties":{"ac_no":35,"name":"Madurantakam (SC)","state_code":"S22","ls_parent":"KANCHEEPURAM (SC)"}},{"arcs":[[175,176,177,178,179,180,-141,181]],"type":"Polygon","properties":{"ac_no":52,"name":"Bargur","state_code":"S22","ls_parent":"KRISHNAGIRI"}},{"arcs":[[-158,182,-176,183]],"type":"Polygon","properties":{"ac_no":49,"name":"Jolarpet","state_code":"S22","ls_parent":"TIRUVANNAMALAI"}},{"arcs":[[-134,-164,184,185,-177,-183,-157]],"type":"Polygon","properties":{"ac_no":50,"name":"Tiruppattur","state_code":"S22","ls_parent":"TIRUVANNAMALAI"}},{"arcs":[[-181,186,-142]],"type":"Polygon","properties":{"ac_no":53,"name":"Krishnagiri","state_code":"S22","ls_parent":"KRISHNAGIRI"}},{"arcs":[[-147,-153,-174,187,188,-168,-154]],"type":"Polygon","properties":{"ac_no":69,"name":"Vandavasi (SC)","state_code":"S22","ls_parent":"ARANI"}},{"arcs":[[-163,189,190,191,192,193,-185]],"type":"Polygon","properties":{"ac_no":62,"name":"Chengam (SC)","state_code":"S22","ls_parent":"TIRUVANNAMALAI"}},{"arcs":[[[-175]],[[194,195,-171,-150]]],"type":"MultiPolygon","properties":{"ac_no":34,"name":"Cheyyur (SC)","state_code":"S22","ls_parent":"KANCHEEPURAM (SC)"}},{"arcs":[[-187,-180,196,197,198,-165,-143]],"type":"Polygon","properties":{"ac_no":57,"name":"Palacodu","state_code":"S22","ls_parent":"DHARMAPURI"}},{"arcs":[[-186,-194,199,-178]],"type":"Polygon","properties":{"ac_no":51,"name":"Uthangarai (SC)","state_code":"S22","ls_parent":"KRISHNAGIRI"}},{"arcs":[[-189,200,201,202,203,-169]],"type":"Polygon","properties":{"ac_no":70,"name":"Vandavasi (SC)","state_code":"S22","ls_parent":"ARANI"}},{"arcs":[[-170,-204,204,205,206,-161]],"type":"Polygon","properties":{"ac_no":64,"name":"Kilpennathur","state_code":"S22","ls_parent":"TIRUVANNAMALAI"}},{"arcs":[[-173,207,208,209,-201,-188]],"type":"Polygon","properties":{"ac_no":71,"name":"Mailam","state_code":"S22","ls_parent":"ARANI"}},{"arcs":[[210,211,212,213,-166,-199]],"type":"Polygon","properties":{"ac_no":58,"name":"Pennagaram","state_code":"S22","ls_parent":"DHARMAPURI"}},{"arcs":[[-196,214,215,-208,-172]],"type":"Polygon","properties":{"ac_no":72,"name":"Tindivanam (SC)","state_code":"S22","ls_parent":"VILUPPURAM (SC)"}},{"arcs":[[-207,216,-190,-162]],"type":"Polygon","properties":{"ac_no":63,"name":"Tiruvannamalai","state_code":"S22","ls_parent":"TIRUVANNAMALAI"}},{"arcs":[[-200,-193,217,218,219,-197,-179]],"type":"Polygon","properties":{"ac_no":61,"name":"Harur (SC)","state_code":"S22","ls_parent":"DHARMAPURI"}},{"arcs":[[-220,220,221,222,-211,-198]],"type":"Polygon","properties":{"ac_no":60,"name":"Pappireddippatti","state_code":"S22","ls_parent":"DHARMAPURI"}},{"arcs":[[-223,223,224,-212]],"type":"Polygon","properties":{"ac_no":59,"name":"Dharmapuri","state_code":"S22","ls_parent":"DHARMAPURI"}},{"arcs":[[[225,226,227]],[[228,229,230,231,232,233,234,235,236,-209,-216],[237],[238],[239],[240]]],"type":"MultiPolygon","properties":{"ac_no":73,"name":"Vanur (SC)","state_code":"S22","ls_parent":"VILUPPURAM (SC)"}},{"arcs":[[-237,241,-228,242,243,-202,-210]],"type":"Polygon","properties":{"ac_no":75,"name":"Vikravandi","state_code":"S22","ls_parent":"VILUPPURAM (SC)"}},{"arcs":[[-203,-244,244,245,246,-205]],"type":"Polygon","properties":{"ac_no":76,"name":"Tirukkoyilur","state_code":"S22","ls_parent":"VILUPPURAM (SC)"}},{"arcs":[[-217,-206,-247,247,248,249,-191]],"type":"Polygon","properties":{"ac_no":78,"name":"Rishivandiyam","state_code":"S22","ls_parent":"KALLAKURICHI"}},{"arcs":[[-192,-250,250,251,252,253,-218]],"type":"Polygon","properties":{"ac_no":79,"name":"Sankarapuram","state_code":"S22","ls_parent":"KALLAKURICHI"}},{"arcs":[[254,255,256,257,258,-224,-222]],"type":"Polygon","properties":{"ac_no":84,"name":"Omalur","state_code":"S22","ls_parent":"SALEM"}},{"arcs":[[259,260,261,262,263,264]],"type":"Polygon","properties":{"ac_no":105,"name":"Anthiyur","state_code":"S22","ls_parent":"TIRUPPUR"}},{"arcs":[[-213,-225,-259,265,266,-260]],"type":"Polygon","properties":{"ac_no":85,"name":"Mettur","state_code":"S22","ls_parent":"DHARMAPURI"}},{"arcs":[[-227,267,-235,268,-233,269,270,-245,-243]],"type":"Polygon","properties":{"ac_no":74,"name":"Viluppuram","state_code":"S22","ls_parent":"VILUPPURAM (SC)"}},{"arcs":[[-221,-219,-254,271,272,273,274,275,276,-255]],"type":"Polygon","properties":{"ac_no":83,"name":"Yercaud (ST)","state_code":"S22","ls_parent":"KALLAKURICHI"}},{"arcs":[[277,278,279,280,-248,-246,-271]],"type":"Polygon","properties":{"ac_no":77,"name":"Ulundurpettai","state_code":"S22","ls_parent":"VILUPPURAM (SC)"}},{"arcs":[[[281,282,283,284,-230,285],[286],[287]],[[288]]],"type":"MultiPolygon","properties":{"ac_no":155,"name":"Cuddalore","state_code":"S22","ls_parent":"CUDDALORE"}},{"arcs":[[-264,289,290,291,292,293,294]],"type":"Polygon","properties":{"ac_no":107,"name":"Bhavanisagar","state_code":"S22","ls_parent":"NILGIRIS (SC)"}},{"arcs":[[-270,-232,295,-284,296,297,-278]],"type":"Polygon","properties":{"ac_no":154,"name":"Panruti","state_code":"S22","ls_parent":"CUDDALORE"}},{"arcs":[[-258,298,299,-266]],"type":"Polygon","properties":{"ac_no":86,"name":"Edappadi","state_code":"S22","ls_parent":"SALEM"}},{"arcs":[[-281,300,301,302,303,-251,-249]],"type":"Polygon","properties":{"ac_no":80,"name":"Kallakurichi (SC)","state_code":"S22","ls_parent":"KALLAKURICHI"}},{"arcs":[[-253,304,305,-272]],"type":"Polygon","properties":{"ac_no":82,"name":"Attur(SC)","state_code":"S22","ls_parent":"KALLAKURICHI"}},{"arcs":[[306,307]],"type":"Polygon","properties":{"ac_no":109,"name":"Gudalur (SC)","state_code":"S22","ls_parent":"NILGIRIS (SC)"}},{"arcs":[[-298,308,309,310,-279]],"type":"Polygon","properties":{"ac_no":153,"name":"Neyveli","state_code":"S22","ls_parent":"CUDDALORE"}},{"arcs":[[311,312,313,-256,-277]],"type":"Polygon","properties":{"ac_no":88,"name":"Salem (West)","state_code":"S22","ls_parent":"SALEM"}},{"arcs":[[314,315,316,-309,-297,-283]],"type":"Polygon","properties":{"ac_no":156,"name":"Kurinjipadi","state_code":"S22","ls_parent":"CUDDALORE"}},{"arcs":[[-276,317,318,-312]],"type":"Polygon","properties":{"ac_no":89,"name":"Salem (North)","state_code":"S22","ls_parent":"SALEM"}},{"arcs":[[-314,319,320,321,322,-299,-257]],"type":"Polygon","properties":{"ac_no":87,"name":"Sankari","state_code":"S22","ls_parent":"NAMAKKAL"}},{"arcs":[[-300,-323,323,324,325,-261,-267]],"type":"Polygon","properties":{"ac_no":104,"name":"Bhavani","state_code":"S22","ls_parent":"TIRUPPUR"}},{"arcs":[[326,-274,327,328,-320,-313,-319]],"type":"Polygon","properties":{"ac_no":91,"name":"Veerapandi","state_code":"S22","ls_parent":"SALEM"}},{"arcs":[[-304,329,330,331,332,-305,-252]],"type":"Polygon","properties":{"ac_no":81,"name":"Gangavalli (SC)","state_code":"S22","ls_parent":"KALLAKURICHI"}},{"arcs":[[-275,-327,-318]],"type":"Polygon","properties":{"ac_no":90,"name":"Salem (South)","state_code":"S22","ls_parent":"SALEM"}},{"arcs":[[-294,333,334,335,-307,336]],"type":"Polygon","properties":{"ac_no":108,"name":"Udhagamandalam","state_code":"S22","ls_parent":"NILGIRIS (SC)"}},{"arcs":[[-280,-311,337,338,339,340,-301]],"type":"Polygon","properties":{"ac_no":152,"name":"Vriddhachalam","state_code":"S22","ls_parent":"CUDDALORE"}},{"arcs":[[-293,341,-334]],"type":"Polygon","properties":{"ac_no":110,"name":"Coonoor","state_code":"S22","ls_parent":"NILGIRIS (SC)"}},{"arcs":[[-306,-333,342,343,344,-328,-273]],"type":"Polygon","properties":{"ac_no":92,"name":"Rasipuram (SC)","state_code":"S22","ls_parent":"NAMAKKAL"}},{"arcs":[[-263,345,346,347,-290]],"type":"Polygon","properties":{"ac_no":106,"name":"Gobichettipalayam","state_code":"S22","ls_parent":"TIRUPPUR"}},{"arcs":[[-302,-341,348,349,350]],"type":"Polygon","properties":{"ac_no":151,"name":"Tittakudi (SC)","state_code":"S22","ls_parent":"CUDDALORE"}},{"arcs":[[-317,351,352,-338,-310]],"type":"Polygon","properties":{"ac_no":157,"name":"Bhuvanagiri","state_code":"S22","ls_parent":"CHIDAMBARAM (SC)"}},{"arcs":[[353,354,355,-352,-316]],"type":"Polygon","properties":{"ac_no":158,"name":"Chidambaram","state_code":"S22","ls_parent":"CHIDAMBARAM (SC)"}},{"arcs":[[-329,-345,356,357,358,359,-321]],"type":"Polygon","properties":{"ac_no":96,"name":"Tiruchengodu","state_code":"S22","ls_parent":"NAMAKKAL"}},{"arcs":[[-303,-351,360,361,362,363,-330]],"type":"Polygon","properties":{"ac_no":147,"name":"Perambalur (SC)","state_code":"S22","ls_parent":"PERAMBALUR"}},{"arcs":[[-322,-360,364,365,366,367,-324]],"type":"Polygon","properties":{"ac_no":97,"name":"Kumarapalayam","state_code":"S22","ls_parent":"ERODE"}},{"arcs":[[-332,368,369,370,-343]],"type":"Polygon","properties":{"ac_no":93,"name":"Senthamangalam(ST)","state_code":"S22","ls_parent":"NAMAKKAL"}},{"arcs":[[-325,-368,371,-366,372,373,374]],"type":"Polygon","properties":{"ac_no":99,"name":"Erode (West)","state_code":"S22","ls_parent":"ERODE"}},{"arcs":[[-292,375,376,377,-335,-342]],"type":"Polygon","properties":{"ac_no":111,"name":"Mettuppalayam","state_code":"S22","ls_parent":"NILGIRIS (SC)"}},{"arcs":[[-353,-356,378,379,380,381,-339]],"type":"Polygon","properties":{"ac_no":159,"name":"Kattumannarkoil(SC)","state_code":"S22","ls_parent":"CHIDAMBARAM (SC)"}},{"arcs":[[-326,-375,382,383,384,385,-346,-262]],"type":"Polygon","properties":{"ac_no":103,"name":"Perundurai","state_code":"S22","ls_parent":"TIRUPPUR"}},{"arcs":[[-371,386,387,388,-357,-344]],"type":"Polygon","properties":{"ac_no":94,"name":"Namakkal","state_code":"S22","ls_parent":"NAMAKKAL"}},{"arcs":[[-389,389,390,391,-358]],"type":"Polygon","properties":{"ac_no":95,"name":"Paramathi-Velur","state_code":"S22","ls_parent":"NAMAKKAL"}},{"arcs":[[-367,-372]],"type":"Polygon","properties":{"ac_no":98,"name":"Erode (East)","state_code":"S22","ls_parent":"ERODE"}},{"arcs":[[-331,-364,392,393,-369]],"type":"Polygon","properties":{"ac_no":146,"name":"Thuraiyur (SC)","state_code":"S22","ls_parent":"PERAMBALUR"}},{"arcs":[[-340,-382,394,395,396,397,-349]],"type":"Polygon","properties":{"ac_no":150,"name":"Jayankondam","state_code":"S22","ls_parent":"CHIDAMBARAM (SC)"}},{"arcs":[[398,399,400,-379,-355]],"type":"Polygon","properties":{"ac_no":160,"name":"Sirkazhi (SC)","state_code":"S22","ls_parent":"MAYILADUTHURAI"}},{"arcs":[[-350,-398,401,402,-361]],"type":"Polygon","properties":{"ac_no":148,"name":"Kunnam","state_code":"S22","ls_parent":"CHIDAMBARAM (SC)"}},{"arcs":[[-291,-348,403,404,405,406,-376]],"type":"Polygon","properties":{"ac_no":112,"name":"Avanashi (SC)","state_code":"S22","ls_parent":"NILGIRIS (SC)"}},{"arcs":[[-347,-386,407,408,-404]],"type":"Polygon","properties":{"ac_no":113,"name":"Tiruppur (North)","state_code":"S22","ls_parent":"TIRUPPUR"}},{"arcs":[[-365,-359,-392,409,410,-373]],"type":"Polygon","properties":{"ac_no":100,"name":"Modakkurichi","state_code":"S22","ls_parent":"ERODE"}},{"arcs":[[-397,411,412,413,414,-402]],"type":"Polygon","properties":{"ac_no":149,"name":"Ariyalur","state_code":"S22","ls_parent":"CHIDAMBARAM (SC)"}},{"arcs":[[-407,415,416,417,418,419,-377]],"type":"Polygon","properties":{"ac_no":117,"name":"Kavundampalayam","state_code":"S22","ls_parent":"COIMBATORE"}},{"arcs":[[420,421,422,423,424,425,-416,-406]],"type":"Polygon","properties":{"ac_no":116,"name":"Sulur","state_code":"S22","ls_parent":"COIMBATORE"}},{"arcs":[[-411,426,427,428,-383,-374]],"type":"Polygon","properties":{"ac_no":102,"name":"Kangayam","state_code":"S22","ls_parent":"ERODE"}},{"arcs":[[-401,429,430,-380]],"type":"Polygon","properties":{"ac_no":161,"name":"Mayiladuthurai","state_code":"S22","ls_parent":"MAYILADUTHURAI"}},{"arcs":[[-394,431,432,433,434,435,-387,-370]],"type":"Polygon","properties":{"ac_no":145,"name":"Musiri","state_code":"S22","ls_parent":"PERAMBALUR"}},{"arcs":[[-385,436,-408]],"type":"Polygon","properties":{"ac_no":114,"name":"Tiruppur (South)","state_code":"S22","ls_parent":"TIRUPPUR"}},{"arcs":[[-431,437,438,439,-395,-381]],"type":"Polygon","properties":{"ac_no":170,"name":"Thiruvidaimarudur","state_code":"S22","ls_parent":"MAYILADUTHURAI"}},{"arcs":[[-384,-429,440,-421,-405,-409,-437]],"type":"Polygon","properties":{"ac_no":115,"name":"Palladam","state_code":"S22","ls_parent":"COIMBATORE"}},{"arcs":[[441,442,-438,-430,-400]],"type":"Polygon","properties":{"ac_no":162,"name":"Poompuhar","state_code":"S22","ls_parent":"MAYILADUTHURAI"}},{"arcs":[[443,444,-432,-393,-363]],"type":"Polygon","properties":{"ac_no":144,"name":"Manachanallur","state_code":"S22","ls_parent":"PERAMBALUR"}},{"arcs":[[445,446,447,448,449,-427,-410,-391]],"type":"Polygon","properties":{"ac_no":134,"name":"Aravakurichi","state_code":"S22","ls_parent":"KARUR"}},{"arcs":[[450,451,452,453,-419]],"type":"Polygon","properties":{"ac_no":119,"name":"Thondamuthur","state_code":"S22","ls_parent":"POLLACHI"}},{"arcs":[[454,455,-451,-418]],"type":"Polygon","properties":{"ac_no":118,"name":"Coimbatore(North)","state_code":"S22","ls_parent":"COIMBATORE"}},{"arcs":[[-403,-415,456,457,-444,-362]],"type":"Polygon","properties":{"ac_no":143,"name":"Lalgudi","state_code":"S22","ls_parent":"PERAMBALUR"}},{"arcs":[[-426,458,459,-455,-417]],"type":"Polygon","properties":{"ac_no":121,"name":"Singanallur","state_code":"S22","ls_parent":"COIMBATORE"}},{"arcs":[[-390,-388,-436,460,-446]],"type":"Polygon","properties":{"ac_no":135,"name":"Karur","state_code":"S22","ls_parent":"KARUR"}},{"arcs":[[-460,461,-452,-456]],"type":"Polygon","properties":{"ac_no":120,"name":"Coimbatore(South)","state_code":"S22","ls_parent":"COIMBATORE"}},{"arcs":[[462,463,-412,-396,-440]],"type":"Polygon","properties":{"ac_no":171,"name":"Kumbakonam","state_code":"S22","ls_parent":"MAYILADUTHURAI"}},{"arcs":[[-425,464,465,-453,-462,-459]],"type":"Polygon","properties":{"ac_no":122,"name":"Kinathukadavu","state_code":"S22","ls_parent":"POLLACHI"}},{"arcs":[[466,467,468,469,470,-413,-464]],"type":"Polygon","properties":{"ac_no":172,"name":"Papanasam","state_code":"S22","ls_parent":"MAYILADUTHURAI"}},{"arcs":[[471,472,473,-447,-461,-435]],"type":"Polygon","properties":{"ac_no":136,"name":"Krishnarayapuram(SC)","state_code":"S22","ls_parent":"KARUR"}},{"arcs":[[474,475,-472,-434]],"type":"Polygon","properties":{"ac_no":137,"name":"Kulithalai","state_code":"S22","ls_parent":"PERAMBALUR"}},{"arcs":[[-428,-450,476,477,478,-422,-441]],"type":"Polygon","properties":{"ac_no":101,"name":"Dharapuram (SC)","state_code":"S22","ls_parent":"ERODE"}},{"arcs":[[479,480,481,-465,-424]],"type":"Polygon","properties":{"ac_no":123,"name":"Pollachi","state_code":"S22","ls_parent":"POLLACHI"}},{"arcs":[[-433,-445,-458,482,483,484,485,486,487,-475]],"type":"Polygon","properties":{"ac_no":139,"name":"Srirangam","state_code":"S22","ls_parent":"TIRUCHIRAPPALLI"}},{"arcs":[[488,489,490,491,-483,-457,-414,-471]],"type":"Polygon","properties":{"ac_no":173,"name":"Thiruvaiyaru","state_code":"S22","ls_parent":"THANJAVUR"}},{"arcs":[[[492]],[[493]],[[494]],[[495]],[[496]],[[497]],[[498]],[[499,500,501,502],[503]]],"type":"MultiPolygon","properties":{"ac_no":163,"name":"Nagapattinam","state_code":"S22","ls_parent":"NAGAPATTINAM (SC)"}},{"arcs":[[504,505,-485]],"type":"Polygon","properties":{"ac_no":141,"name":"Tiruchirappalli","state_code":"S22","ls_parent":"TIRUCHIRAPPALLI"}},{"arcs":[[-474,506,507,508,509,510,-448]],"type":"Polygon","properties":{"ac_no":133,"name":"Vedasandur","state_code":"S22","ls_parent":"KARUR"}},{"arcs":[[-479,511,512,-480,-423]],"type":"Polygon","properties":{"ac_no":125,"name":"Udumalaipettai","state_code":"S22","ls_parent":"POLLACHI"}},{"arcs":[[-506,513,514,-486]],"type":"Polygon","properties":{"ac_no":140,"name":"Tiruchirappalli","state_code":"S22","ls_parent":"TIRUCHIRAPPALLI"}},{"arcs":[[-492,515,516,-514,-505,-484]],"type":"Polygon","properties":{"ac_no":142,"name":"Thiruverumbur","state_code":"S22","ls_parent":"TIRUCHIRAPPALLI"}},{"arcs":[[-502,517,518,519,520]],"type":"Polygon","properties":{"ac_no":168,"name":"Thiruvarur","state_code":"S22","ls_parent":"NAGAPATTINAM (SC)"}},{"arcs":[[521,522,523,-518,-501]],"type":"Polygon","properties":{"ac_no":164,"name":"Kilvelur (SC)","state_code":"S22","ls_parent":"NAGAPATTINAM (SC)"}},{"arcs":[[-470,524,-489]],"type":"Polygon","properties":{"ac_no":174,"name":"Thanjavur","state_code":"S22","ls_parent":"THANJAVUR"}},{"arcs":[[-520,525,526,527,-468,528]],"type":"Polygon","properties":{"ac_no":167,"name":"Mannargudi","state_code":"S22","ls_parent":"THANJAVUR"}},{"arcs":[[-469,-528,529,530,531,-490,-525]],"type":"Polygon","properties":{"ac_no":175,"name":"Orathanadu","state_code":"S22","ls_parent":"THANJAVUR"}},{"arcs":[[-449,-511,532,533,534,-477]],"type":"Polygon","properties":{"ac_no":128,"name":"Oddanchatram","state_code":"S22","ls_parent":"DINDIGUL"}},{"arcs":[[-476,-488,535,536,537,538,539,-507,-473]],"type":"Polygon","properties":{"ac_no":138,"name":"Manapparai","state_code":"S22","ls_parent":"KARUR"}},{"arcs":[[-517,540,541,542,-536,-487,-515]],"type":"Polygon","properties":{"ac_no":179,"name":"Viralimalai","state_code":"S22","ls_parent":"KARUR"}},{"arcs":[[-478,-535,543,544,545,-512]],"type":"Polygon","properties":{"ac_no":126,"name":"Madathukulam","state_code":"S22","ls_parent":"POLLACHI"}},{"arcs":[[-513,-546,546,-481]],"type":"Polygon","properties":{"ac_no":124,"name":"Valparai (SC)","state_code":"S22","ls_parent":"POLLACHI"}},{"arcs":[[-491,-532,547,548,-541,-516]],"type":"Polygon","properties":{"ac_no":178,"name":"Gandharvakottai(SC)","state_code":"S22","ls_parent":"TIRUCHIRAPPALLI"}},{"arcs":[[-519,-524,549,550,551,-526]],"type":"Polygon","properties":{"ac_no":166,"name":"Thiruthuraipoondi(SC)","state_code":"S22","ls_parent":"NAGAPATTINAM (SC)"}},{"arcs":[[552,-550,-523]],"type":"Polygon","properties":{"ac_no":165,"name":"Vedaranyam","state_code":"S22","ls_parent":"NAGAPATTINAM (SC)"}},{"arcs":[[553,554,555,-542,-549]],"type":"Polygon","properties":{"ac_no":180,"name":"Pudukkottai","state_code":"S22","ls_parent":"TIRUCHIRAPPALLI"}},{"arcs":[[-534,556,557,558,559,560,-544]],"type":"Polygon","properties":{"ac_no":127,"name":"Palani","state_code":"S22","ls_parent":"DINDIGUL"}},{"arcs":[[-510,561,562,563,-557,-533]],"type":"Polygon","properties":{"ac_no":129,"name":"Athoor","state_code":"S22","ls_parent":"DINDIGUL"}},{"arcs":[[-527,-552,564,565,-530]],"type":"Polygon","properties":{"ac_no":176,"name":"Pattukkottai","state_code":"S22","ls_parent":"THANJAVUR"}},{"arcs":[[-566,566,567,568,-554,-548,-531]],"type":"Polygon","properties":{"ac_no":177,"name":"Peravurani","state_code":"S22","ls_parent":"THANJAVUR"}},{"arcs":[[-508,-540,569,570,571,572,-563,573]],"type":"Polygon","properties":{"ac_no":131,"name":"Natham","state_code":"S22","ls_parent":"DINDIGUL"}},{"arcs":[[-509,-574,-562]],"type":"Polygon","properties":{"ac_no":132,"name":"Dindigul","state_code":"S22","ls_parent":"DINDIGUL"}},{"arcs":[[-543,-556,574,575,576,577,-537]],"type":"Polygon","properties":{"ac_no":181,"name":"Thirumayam","state_code":"S22","ls_parent":"SIVAGANGA"}},{"arcs":[[-578,578,579,580,-538]],"type":"Polygon","properties":{"ac_no":185,"name":"Tiruppattur","state_code":"S22","ls_parent":"SIVAGANGA"}},{"arcs":[[-569,581,-575,-555]],"type":"Polygon","properties":{"ac_no":182,"name":"Alangudi","state_code":"S22","ls_parent":"SIVAGANGA"}},{"arcs":[[-581,582,583,-570,-539]],"type":"Polygon","properties":{"ac_no":188,"name":"Melur","state_code":"S22","ls_parent":"MADURAI"}},{"arcs":[[-573,584,585,586,587,-558,-564]],"type":"Polygon","properties":{"ac_no":130,"name":"Nilakkottai (SC)","state_code":"S22","ls_parent":"DINDIGUL"}},{"arcs":[[-588,588,589,-559]],"type":"Polygon","properties":{"ac_no":199,"name":"Periyakulam","state_code":"S22","ls_parent":"THENI"}},{"arcs":[[-568,590,591,592,-576,-582]],"type":"Polygon","properties":{"ac_no":183,"name":"Aranthangi","state_code":"S22","ls_parent":"RAMANATHAPURAM"}},{"arcs":[[-590,593,594,595,-560]],"type":"Polygon","properties":{"ac_no":200,"name":"Bodinayakanur","state_code":"S22","ls_parent":"THENI"}},{"arcs":[[596,597,598,599,-585,-572]],"type":"Polygon","properties":{"ac_no":190,"name":"Sholavandan(SC)","state_code":"S22","ls_parent":"THENI"}},{"arcs":[[-593,600,601,-579,-577]],"type":"Polygon","properties":{"ac_no":184,"name":"Karaikudi","state_code":"S22","ls_parent":"SIVAGANGA"}},{"arcs":[[-587,602,603,604,605,-594,-589]],"type":"Polygon","properties":{"ac_no":198,"name":"Andipatti","state_code":"S22","ls_parent":"THENI"}},{"arcs":[[-571,-584,606,607,608,609,610,611,-597]],"type":"Polygon","properties":{"ac_no":189,"name":"Madurai East","state_code":"S22","ls_parent":"MADURAI"}},{"arcs":[[612,613,-603,-586,-600]],"type":"Polygon","properties":{"ac_no":197,"name":"Usilampatti","state_code":"S22","ls_parent":"THENI"}},{"arcs":[[-602,614,615,-607,-583,-580]],"type":"Polygon","properties":{"ac_no":186,"name":"Sivaganga","state_code":"S22","ls_parent":"SIVAGANGA"}},{"arcs":[[-598,-612,616,617,618,619]],"type":"Polygon","properties":{"ac_no":194,"name":"Madurai West","state_code":"S22","ls_parent":"MADURAI"}},{"arcs":[[-595,-606,620]],"type":"Polygon","properties":{"ac_no":201,"name":"Cumbum","state_code":"S22","ls_parent":"THENI"}},{"arcs":[[-620,621,622,623,624,-613,-599]],"type":"Polygon","properties":{"ac_no":196,"name":"Thirumangalam","state_code":"S22","ls_parent":"VIRUDHUNAGAR"}},{"arcs":[[625,626,-617,-611]],"type":"Polygon","properties":{"ac_no":191,"name":"Madurai North","state_code":"S22","ls_parent":"MADURAI"}},{"arcs":[[627,628,-609,629,630,-622,-619]],"type":"Polygon","properties":{"ac_no":195,"name":"Thiruparankundram","state_code":"S22","ls_parent":"VIRUDHUNAGAR"}},{"arcs":[[631,-628,-618,-627]],"type":"Polygon","properties":{"ac_no":193,"name":"Madurai Central","state_code":"S22","ls_parent":"MADURAI"}},{"arcs":[[-610,-629,-632,-626]],"type":"Polygon","properties":{"ac_no":192,"name":"Madurai South","state_code":"S22","ls_parent":"MADURAI"}},{"arcs":[[-592,632,633,634,635,-615,-601]],"type":"Polygon","properties":{"ac_no":210,"name":"Tiruvadanai","state_code":"S22","ls_parent":"RAMANATHAPURAM"}},{"arcs":[[-608,-616,-636,636,637,-630]],"type":"Polygon","properties":{"ac_no":187,"name":"Manamadurai(SC)","state_code":"S22","ls_parent":"SIVAGANGA"}},{"arcs":[[-631,-638,638,639,640,641,642,-623]],"type":"Polygon","properties":{"ac_no":208,"name":"Tiruchuli","state_code":"S22","ls_parent":"RAMANATHAPURAM"}},{"arcs":[[-625,643,644,645,646,647,-604,-614]],"type":"Polygon","properties":{"ac_no":203,"name":"Srivilliputhur(SC)","state_code":"S22","ls_parent":"TENKASI (SC)"}},{"arcs":[[-624,-643,648,649,650,-644]],"type":"Polygon","properties":{"ac_no":206,"name":"Virudhunagar","state_code":"S22","ls_parent":"VIRUDHUNAGAR"}},{"arcs":[[-637,-635,651,652,-639]],"type":"Polygon","properties":{"ac_no":209,"name":"Paramakudi (SC)","state_code":"S22","ls_parent":"RAMANATHAPURAM"}},{"arcs":[[-642,653,654,655,-649]],"type":"Polygon","properties":{"ac_no":207,"name":"Aruppukkottai","state_code":"S22","ls_parent":"VIRUDHUNAGAR"}},{"arcs":[[-651,656,-645]],"type":"Polygon","properties":{"ac_no":205,"name":"Sivakasi","state_code":"S22","ls_parent":"VIRUDHUNAGAR"}},{"arcs":[[-647,657,658,659]],"type":"Polygon","properties":{"ac_no":202,"name":"Rajapalayam","state_code":"S22","ls_parent":"TENKASI (SC)"}},{"arcs":[[[660]],[[661]],[[662]],[[663]],[[664]],[[665]],[[666]],[[667]],[[668]],[[669,670,671,-640,-653]]],"type":"MultiPolygon","properties":{"ac_no":212,"name":"Mudhukulathur","state_code":"S22","ls_parent":"RAMANATHAPURAM"}},{"arcs":[[-657,-650,-656,672,673,674,-658,-646]],"type":"Polygon","properties":{"ac_no":204,"name":"Sattur","state_code":"S22","ls_parent":"VIRUDHUNAGAR"}},{"arcs":[[-675,675,676,677,-659]],"type":"Polygon","properties":{"ac_no":220,"name":"Vasudevanallur(SC)","state_code":"S22","ls_parent":"TENKASI (SC)"}},{"arcs":[[[678]],[[679]],[[680]],[[681]],[[682]],[[683]],[[684]],[[685]],[[686]],[[687]],[[688]],[[689]],[[690]],[[691]],[[692]],[[693]],[[694]],[[695]],[[696]],[[697]],[[698]],[[699]],[[700,-670,-652,-634]]],"type":"MultiPolygon","properties":{"ac_no":211,"name":"Ramanathapuram","state_code":"S22","ls_parent":"RAMANATHAPURAM"}},{"arcs":[[[701]],[[702]],[[703]],[[704]],[[-641,-672,705,706,707,-654]]],"type":"MultiPolygon","properties":{"ac_no":213,"name":"Vilathikulam","state_code":"S22","ls_parent":"THOOTHUKKUDI"}},{"arcs":[[708,709,710,711,-676,-674]],"type":"Polygon","properties":{"ac_no":219,"name":"Sankarankovil(SC)","state_code":"S22","ls_parent":"TENKASI (SC)"}},{"arcs":[[-673,-655,-708,712,713,-709]],"type":"Polygon","properties":{"ac_no":218,"name":"Kovilpatti","state_code":"S22","ls_parent":"THOOTHUKKUDI"}},{"arcs":[[-712,714,715,-677]],"type":"Polygon","properties":{"ac_no":221,"name":"Kadayanallur","state_code":"S22","ls_parent":"TENKASI (SC)"}},{"arcs":[[716,717,718,719,-715,-711]],"type":"Polygon","properties":{"ac_no":222,"name":"Tenkasi","state_code":"S22","ls_parent":"TENKASI (SC)"}},{"arcs":[[[720]],[[721]],[[722]],[[723]],[[-707,724,725,726,727,728,-713]]],"type":"MultiPolygon","properties":{"ac_no":217,"name":"Ottapidaram(SC)","state_code":"S22","ls_parent":"THOOTHUKKUDI"}},{"arcs":[[-714,-729,729,730,731,732,733,-717,-710]],"type":"Polygon","properties":{"ac_no":224,"name":"Tirunelveli","state_code":"S22","ls_parent":"TIRUNELVELI"}},{"arcs":[[-734,734,-718]],"type":"Polygon","properties":{"ac_no":223,"name":"Alangulam","state_code":"S22","ls_parent":"TENKASI (SC)"}},{"arcs":[[-735,-733,735,736,737,738,-719]],"type":"Polygon","properties":{"ac_no":225,"name":"Ambasamudram","state_code":"S22","ls_parent":"TIRUNELVELI"}},{"arcs":[[-728,739,740,741,742,-736,-732,743,-730]],"type":"Polygon","properties":{"ac_no":227,"name":"Nanguneri","state_code":"S22","ls_parent":"TIRUNELVELI"}},{"arcs":[[[744]],[[745,746,-726]]],"type":"MultiPolygon","properties":{"ac_no":214,"name":"Thoothukkudi","state_code":"S22","ls_parent":"THOOTHUKKUDI"}},{"arcs":[[-744,-731]],"type":"Polygon","properties":{"ac_no":226,"name":"Palayamkottai","state_code":"S22","ls_parent":"TIRUNELVELI"}},{"arcs":[[747,748,749,750,-740,-727,-747]],"type":"Polygon","properties":{"ac_no":216,"name":"Srivaikuntam","state_code":"S22","ls_parent":"THOOTHUKKUDI"}},{"arcs":[[751,-749]],"type":"Polygon","properties":{"ac_no":215,"name":"Tiruchendur","state_code":"S22","ls_parent":"THOOTHUKKUDI"}},{"arcs":[[752,753,754,755,756,757,758,-738]],"type":"Polygon","properties":{"ac_no":233,"name":"Vilavancode","state_code":"S22","ls_parent":"KANNIYAKUMARI"}},{"arcs":[[[759]],[[760]],[[761]],[[762]],[[763]],[[764,765,766],[767]],[[-743,768,769,770,771,772,773,-756,774,775,-753,-737]]],"type":"MultiPolygon","properties":{"ac_no":232,"name":"Padmanabhapuram","state_code":"S22","ls_parent":"KANNIYAKUMARI"}},{"arcs":[[776,777,778,779,-771,780,-769,-742]],"type":"Polygon","properties":{"ac_no":229,"name":"Kanniyakumari","state_code":"S22","ls_parent":"KANNIYAKUMARI"}},{"arcs":[[-751,781,-777,-741]],"type":"Polygon","properties":{"ac_no":228,"name":"Radhapuram","state_code":"S22","ls_parent":"TIRUNELVELI"}},{"arcs":[[-758,782,-773,783,784]],"type":"Polygon","properties":{"ac_no":234,"name":"Killiyoor","state_code":"S22","ls_parent":"KANNIYAKUMARI"}},{"arcs":[[[785]],[[786]],[[787]],[[788]],[[789]],[[790]],[[791]],[[792]],[[793]],[[794,-767,795,-784,-772,-780],[796]],[[-783,-757,-774]]],"type":"MultiPolygon","properties":{"ac_no":231,"name":"Colachel","state_code":"S22","ls_parent":"KANNIYAKUMARI"}},{"arcs":[[797,-765,-795,-779]],"type":"Polygon","properties":{"ac_no":230,"name":"Nagercoil","state_code":"S22","ls_parent":"KANNIYAKUMARI"}},{"arcs":[[798,-503,-521,-529,-467,-463,-439,-443],[799],[800]],"type":"Polygon","properties":{"ac_no":169,"name":"Nannilam","state_code":"S22","ls_parent":"NAGAPATTINAM (SC)"}}]}}}