{"type":"Topology","arcs":[[[13039,23324],[-7,6],[6,0],[1,-6]],[[14197,23338],[-9,1],[1,25],[8,-26]],[[14095,23382],[-4,6],[5,10],[-1,-16]],[[14136,23386],[-8,24],[12,-6],[-4,-18]],[[14144,23446],[-32,5],[43,3],[-11,-8]],[[13423,23466],[-28,-17],[32,-10],[-19,-85],[-79,-51],[23,-10],[-15,-74],[28,-83],[-16,-90],[-66,16],[-30,-25],[1,73],[-68,43],[76,11],[-17,-38],[59,24],[-31,15],[50,66],[-81,-52],[-31,17],[2,60],[96,16],[-24,50],[28,7],[13,45],[-36,42],[20,16],[-58,8],[26,25],[-41,28],[17,89],[65,23],[29,-11],[57,-53],[18,-75]],[[12834,23693],[35,-4],[15,-49],[-14,-22],[51,-5],[1,-71],[81,5],[3,38],[43,5],[-20,-122],[15,-15],[-22,-31],[31,-39],[27,17],[-3,-69],[-71,25],[-8,-42],[-70,53],[45,44],[-10,22],[40,-2],[-29,39],[-113,27],[-7,56],[30,46],[-38,12],[23,19],[-15,25],[-62,16],[29,40],[13,-18]],[[14578,23623],[-8,1],[-1,5],[9,-6]],[[14566,23622],[-7,0],[-4,12],[11,-12]],[[12773,23708],[-50,-2],[27,20],[23,-18]],[[12680,23712],[23,0],[7,-30],[-74,19],[27,35],[17,-24]],[[12728,23745],[-21,-19],[-11,17],[32,2]],[[12798,23747],[-21,-10],[16,-10],[-36,3],[41,17]],[[12707,23755],[-4,0],[0,5],[4,-5]],[[12692,23764],[-5,4],[8,1],[-3,-5]],[[12756,23750],[-41,10],[67,8],[-26,-18]],[[12727,23794],[15,-12],[-41,-5],[14,29],[12,-12]],[[14369,23901],[-1,4],[3,3],[-2,-7]],[[14391,23958],[-10,22],[19,7],[-9,-29]],[[14323,23989],[-13,-2],[0,17],[13,-15]],[[14460,23982],[-25,9],[25,8],[0,-17]],[[14350,24019],[-12,6],[3,21],[9,-27]],[[14373,24086],[12,-24],[-17,-11],[-6,30],[-21,3],[32,2]],[[14306,24098],[-33,5],[36,12],[-3,-17]],[[14255,24159],[-19,-1],[-3,13],[22,-12]],[[14460,24199],[14,34],[3,-23],[-17,-11]],[[14029,24243],[-31,20],[15,25],[29,-37],[-13,-8]],[[14232,24341],[-17,24],[20,-7],[-3,-17]],[[13983,24355],[-16,-30],[-21,21],[19,14],[-4,48],[22,-53]],[[14381,24427],[-17,5],[31,8],[-14,-13]],[[14165,24448],[-8,16],[11,15],[-3,-31]],[[14210,24450],[-6,-42],[-28,64],[36,59],[-2,-81]],[[14191,24518],[-21,-1],[1,22],[20,-21]],[[14114,24449],[-5,-32],[-21,-5],[-16,39],[29,107],[22,-16],[-21,-47],[12,-46]],[[14167,24571],[-3,10],[11,2],[-8,-12]],[[14538,25017],[14,-87],[54,-14],[-10,-58]],[[14596,24858],[-21,-49],[13,-27],[-19,5],[-15,-72],[-27,-10],[13,-59],[-40,8],[15,-29],[-38,-38],[6,-26],[-54,-14],[41,-47],[52,-6],[-3,-57],[-20,-12],[44,-41]],[[14543,24384],[-55,8],[-25,-25],[-17,58],[-48,-14],[10,49],[-65,-7],[-5,44],[-56,9],[22,-47],[-20,-5],[-6,31],[-55,32],[11,28],[-21,25],[20,10],[2,42],[-22,-2],[4,18],[-16,-17],[-42,25],[-6,33],[-41,11],[5,-27],[36,-17],[-21,-15],[-40,19],[3,-18],[-27,-3],[23,-64],[-25,-9],[-5,-37],[-83,32],[-1,-22],[31,-1],[-45,-20],[38,-46],[-22,-37],[-97,9],[23,-38],[37,0],[-7,-80],[-34,-24],[54,-10],[-49,-39],[8,-20],[37,1],[-9,-30],[41,23],[44,-41],[44,-4],[15,52],[38,-22],[-56,-89],[58,-1],[-33,-5],[19,-63],[20,1],[-4,29],[18,10],[-10,70],[17,-17],[44,11],[13,-22],[42,9],[14,-49],[-38,12],[17,-40],[24,14],[46,-30],[-23,-43],[-19,7],[24,-43],[-56,22],[-8,-44],[9,-43],[34,0],[11,-20],[13,15],[-9,-46],[21,3],[29,66],[53,-71],[6,26],[-25,24],[31,45],[25,-17],[-31,-77],[35,-35],[59,15],[-4,-46],[24,-7],[-9,23],[23,-1],[8,46],[-14,-31],[-1,33],[-20,3],[19,28],[62,-16],[-12,-33],[21,-35],[-36,-9],[42,-32],[-3,-75],[-52,0],[-16,-47],[14,-22],[-60,21],[-9,-17],[-37,27],[0,-18],[-40,-11],[-119,18],[-121,-34],[-55,16],[-119,209],[-131,23],[-97,-9],[-66,-72],[15,-18],[-14,-82],[47,-35],[2,-26],[25,12],[1,-43],[-85,-10],[-25,19],[-50,-23],[-20,36],[-48,8],[8,50],[-27,-5],[0,24],[-46,10],[10,65],[-24,40],[41,88],[-114,77],[-140,-55],[-25,56]],[[13217,23946],[18,117],[-33,24],[-25,82],[102,199],[56,12],[76,-110],[32,17],[102,-7],[44,44],[59,-3],[-4,20]],[[13644,24341],[14,22],[53,-8],[57,59],[25,59],[-8,46],[28,33],[-8,30],[48,-1],[46,68],[23,-3],[14,49],[-23,1],[-39,69],[99,-22],[25,-31],[72,55],[-32,46],[3,94],[54,6],[46,97],[23,-1],[8,98]],[[14172,25107],[115,-58],[180,-88],[71,56]],[[14870,24996],[99,-18],[166,-89],[42,47],[180,-38],[54,-55],[192,-19]],[[15603,24824],[125,-108],[1,-19],[-56,-24],[-12,-30],[64,34],[29,-31],[-42,-108],[18,-76],[-54,-119],[46,-23],[102,29],[-39,-86],[0,-55],[69,-112],[-53,-75]],[[15801,24021],[-9,-27],[32,-29],[8,-62],[-22,19],[10,20],[-77,1],[3,-63],[-36,2],[-1,-36],[-39,-5],[7,-32],[-22,-9],[-15,64],[35,42],[-19,39],[-49,-7],[-19,-31],[-68,-22],[36,-100]],[[15556,23785],[-9,-129],[-108,-11],[-7,20],[80,11],[9,40],[-39,24],[-21,-18],[-22,34],[6,24],[24,0],[-7,31],[-33,-2],[5,77],[-45,20],[-53,-62],[-67,33],[-19,-42],[-52,25],[-11,30],[-19,-22],[-26,22],[32,55],[1,68],[-28,77],[-25,14],[36,21],[-34,266],[23,44],[45,-7],[43,110],[-16,30],[-115,71],[-70,93],[-55,-36],[-53,-1],[-108,72],[-58,74],[-11,-17],[-147,15],[-6,19]],[[14538,25017],[-5,34],[102,14],[63,-20],[-10,-27],[53,-27],[129,5]],[[16822,24441],[-57,-54],[12,-43],[46,-10],[12,-51],[-73,-35],[-40,7],[112,-57],[-60,-22],[-23,-102],[-33,-21],[-47,15],[-4,-28],[-44,-14],[-16,-34],[-66,6],[1,54],[-12,16],[8,-26],[-15,-5],[-23,-39],[-62,-10],[-45,34]],[[16393,24022],[14,24],[-25,34],[-50,-39],[-57,37],[-82,-97],[-6,24],[-91,5],[-16,31],[-85,-59],[-69,59],[-125,-20]],[[15603,24824],[92,-30],[54,17],[30,48],[19,-8]],[[15798,24851],[64,-32],[57,50],[53,-50],[88,-102],[39,-12],[68,40],[123,-12],[18,33],[39,6],[10,68],[145,-28],[40,-22],[-15,-10],[12,-31],[32,11],[12,-29],[31,45],[30,-30],[45,23],[6,-26],[34,0],[-12,-40],[33,-16],[-22,-29],[33,-15],[-28,-30],[49,0],[14,-66],[29,-9],[-8,-18],[-30,3],[31,-31],[-37,-20],[42,-9],[-1,-22]],[[16393,24022],[-19,-109],[26,-28],[47,9],[46,-38],[3,-39],[-29,-4],[19,-14],[-29,-56],[50,-18],[-46,-94],[-64,-28],[-24,-39],[29,-29]],[[16402,23535],[-31,-54],[-120,-54],[-29,32],[-5,-76],[-44,23],[-52,-20],[-8,-36],[-30,-8],[-14,34],[-29,-21],[-42,13],[-32,-89],[-150,-1],[-1,21],[-85,-2],[-33,22]],[[15697,23319],[-52,26],[22,1],[-26,28],[5,70],[-35,65],[27,116],[24,23],[-95,54],[9,74],[-20,9]],[[15697,23319],[5,-31],[-61,13],[-31,-33],[-41,-5],[-2,-31],[-81,30],[-12,-29],[23,-8],[-4,-46],[21,-24],[58,0],[111,-106],[-28,-55],[6,-51],[34,1],[-46,-32],[-90,-10],[18,57],[-32,11],[-26,-89],[-41,-12]],[[15478,22869],[-34,-8],[2,50],[-47,19],[0,39],[-55,14],[0,40],[-55,15],[-28,-15],[-36,26],[-50,-29],[-69,41],[-45,-9],[-31,48],[-21,-6],[-31,100],[41,22],[-38,34],[-36,-3],[3,31],[-32,27],[21,86],[45,43],[-32,37],[-5,106],[-32,8],[9,18],[-18,-8],[-9,46],[-45,20],[25,54],[-87,51],[0,36],[-27,-8],[32,61],[-18,12],[20,27],[-34,24],[21,56],[74,-143],[52,58],[-24,14],[18,-4],[-4,22],[-23,1],[49,10],[-6,28],[-24,0],[30,8],[-1,33],[-105,-15],[-12,35],[-52,-7],[-6,27],[-26,-45],[-33,6],[78,75],[-36,81],[22,31],[-83,17],[0,21],[39,-6],[7,97],[27,28],[-18,14],[-48,-17],[29,31],[-15,9],[-41,-12],[-4,-24],[2,24],[-34,20],[-19,-16],[-3,21],[-21,-29],[-28,17]],[[16547,23470],[-24,-74],[-55,-37],[41,-9],[-1,-22],[-104,-72],[-53,13],[49,-116],[71,-52],[-5,-24],[49,-16],[46,12],[31,-64],[69,-16],[-9,-44],[-43,-37],[10,-48],[-27,4],[9,-33],[-35,-20],[15,-25],[28,4],[10,-69],[-5,-27],[-43,6],[-14,-21],[14,-64],[51,-11],[-48,-5],[0,-34],[47,-21],[20,-60],[-5,-25],[-65,-43]],[[16571,22420],[-50,17],[-49,-48],[-80,8],[-67,49],[-80,19],[-14,17],[28,112],[-40,46],[-22,-25],[-53,-2],[-18,-70],[-56,-22],[10,-78],[-95,22],[-35,-18],[-68,10],[-22,15],[23,14],[-41,-4],[-12,35],[-14,-11],[18,19],[-43,22],[-23,49],[-37,-5],[-68,67],[-17,-26],[-95,19],[28,37],[-7,49],[-44,-31],[-72,21],[12,76],[46,63],[-36,3]],[[16402,23535],[24,10],[33,-28],[36,-25],[17,19],[35,-41]],[[17017,22200],[4,-38],[28,13],[-13,-47],[-59,-36],[-19,50],[-40,-60],[-1,80],[-36,-1],[-2,22],[61,17],[26,37],[51,-37]],[[16547,23470],[44,23],[28,-28],[41,-1],[10,-62],[-50,-13],[25,-4],[127,63],[32,-26],[28,24],[194,-16],[44,17],[17,41],[67,17],[12,26]],[[17166,23531],[4,-46],[-13,-37],[23,3],[10,-55],[46,-46],[-20,-8],[9,-16],[-24,1],[-54,52],[-8,-19],[20,-9],[-24,-5],[1,-26],[48,-24],[25,18],[51,-7],[15,-26],[-56,-58],[-63,37],[22,34],[-31,4],[-32,-42],[3,40],[-74,0],[35,-17],[-19,-7],[1,-29],[39,-3],[-44,-30],[-5,-42],[-5,26],[-17,-12],[-19,23],[-37,-15],[29,-20],[-6,-93],[26,-51],[8,18],[16,-18],[-29,-7],[15,-31],[32,50],[34,-38],[28,44],[22,-50],[-66,-57],[-48,-3],[-33,33],[14,-20],[-24,-6],[24,-1],[-3,-18],[-29,-9],[67,-68],[4,36],[34,-5],[-15,43],[35,-15],[13,38],[27,-5],[27,-38],[-13,-27],[27,-16],[-27,-48],[67,-62],[5,-34],[-80,7],[-56,-47],[-7,33],[-58,15],[36,-53],[-58,-39],[-35,1],[25,-34],[-23,-13],[-27,15],[-8,-63],[-28,3],[0,-96],[34,-59],[-15,-24],[16,-46],[-11,-26],[-45,23],[15,-57],[-39,-5],[-13,62],[-37,-74],[-81,25],[9,63],[-29,32],[59,54],[-34,27],[-31,-2],[25,0],[-9,-17],[-82,33],[-47,-35],[-29,5]],[[17027,24430],[68,-62]],[[17095,24368],[-8,-50],[-28,-17]],[[17059,24301],[17,-29],[-14,-29],[45,10],[7,-34],[81,-23],[30,-52],[37,-4],[0,-23],[70,-11],[-23,-29],[-69,20],[-8,-128],[-54,4],[-9,-58],[42,-18],[15,-32],[-32,-7],[-8,-42],[12,-17],[62,0],[18,-18],[-12,-15],[30,-1],[29,-91],[-89,25],[3,-29],[46,-24],[1,-33],[22,43],[39,-21],[-13,-30]],[[17334,23605],[31,3],[8,-56]],[[17373,23552],[-8,38],[-31,-92],[-72,-4],[-81,50],[-15,-13]],[[16822,24441],[29,1],[33,40],[-37,47],[43,-14],[49,24],[22,-26],[66,-83]],[[17998,23989],[-95,58],[-3,37],[-25,17],[33,40],[87,-52],[24,-60],[-21,-40]],[[18071,24451],[-2,0],[-1,0],[-2,-5],[-7,-13],[-1,0],[0,0],[0,-4],[0,-12],[-1,-8],[-1,-1],[-2,-4],[0,-2],[2,-8],[-5,-6],[-4,-5],[-2,-4],[0,-1],[0,-1],[0,-6],[0,-1],[0,-5],[0,-3],[1,-1],[4,-6],[5,-4],[2,-1],[5,-3],[11,-1],[11,2],[16,7],[4,5],[7,10],[6,6],[1,1],[4,9],[0,1],[1,3],[0,6],[1,15],[1,0],[6,-1],[4,-2],[1,0],[0,0],[1,-1],[3,-5],[1,-1],[1,-3],[2,-4],[2,0],[4,-2],[0,-1],[1,-1],[4,-10],[0,0],[5,-1],[1,-1],[1,0],[2,-1],[4,-8],[0,0],[-3,-4],[-2,-3],[-3,-12],[0,-4],[1,-5],[1,-8],[4,-6],[4,-7],[5,-6],[-2,-3],[0,0],[-1,-1],[-2,-2]],[[18170,24308],[-8,-3],[-7,-2],[-12,15],[-1,0],[-5,0],[-25,-13],[-1,-2],[0,-1],[-2,-8],[0,-9],[-3,-3],[-2,-1],[-3,1],[-6,1],[-9,2],[-1,2],[-1,2],[-5,6],[-2,2],[-1,1],[-1,0],[-1,3],[-1,3],[-2,6],[-1,0],[-3,1],[-1,1],[-7,0],[-1,0],[-19,-12],[-1,-1],[-3,-3],[-1,-2],[-3,-7],[-1,-2],[-2,-3],[-2,-2],[0,-1],[7,-8],[1,-3],[0,0],[-2,-4]],[[18032,24264],[1,-3],[5,-9],[1,-1],[3,-5],[-7,-21],[0,-1],[-1,0],[-5,-1],[-4,-6],[-6,0],[-1,0],[-1,-1],[-3,-2],[-4,-5],[0,-1],[-1,-12],[2,-9],[6,-7],[7,-8],[-2,-10],[0,-1],[-1,-1],[-10,-9],[-3,-1],[-1,0],[-4,0],[-2,1],[-1,0],[-5,3],[-3,2],[-2,0],[-3,-1],[-4,2],[-3,1],[0,0],[-3,0],[1,4],[0,2],[-2,2],[-3,4],[-1,2],[0,1],[-3,4],[-1,2],[0,5],[0,2],[0,4],[1,3],[1,6],[6,7],[1,6],[2,1],[3,1],[7,4],[0,0],[4,2]],[[17993,24220],[6,3],[5,8],[2,3],[0,0],[2,16],[1,2],[-1,0],[-2,0],[-5,0],[-2,-6],[0,1],[-1,0],[-3,0],[-7,1],[-1,0],[-4,1],[-2,0],[-1,0],[-8,-2],[-8,-6],[-6,-6],[-4,-6],[-7,-9],[-1,-1],[-2,-2],[-5,-3],[-3,-4],[-1,-1],[-11,-7],[-16,-6],[-14,-6],[-6,-1],[-3,0],[-2,-1],[-5,-2],[-2,-1],[-1,-1],[-5,-2],[-8,-5],[-19,-18],[-8,-8],[-1,-1],[-1,-1],[-2,-10],[-3,-18],[-1,-19],[8,-33],[1,-7],[0,-3],[0,-5],[-1,-6],[0,-1],[-4,-6],[-4,-4],[-6,-6],[-4,-2],[-6,-2],[-3,-1],[-5,-1],[-15,-4],[-12,-3],[-5,-2],[-1,-13],[0,-2],[-5,-8],[-1,-1],[-22,-17],[-1,0],[-1,0],[-8,3],[-2,0],[0,0],[-4,5],[-3,5],[-1,1],[0,0],[-1,3],[-5,12],[-5,4],[-2,2],[-6,-1],[-1,-1],[-12,-9]],[[17690,23999],[2,-26],[1,-7],[2,-11],[0,-2],[1,-12],[0,-2],[1,-4],[6,-15],[-1,-8],[0,-3],[0,0],[2,-4],[0,-2],[16,-18],[3,-10],[6,-12],[0,-1],[4,-5],[0,0],[0,-1],[-2,-5],[-1,-3],[0,0],[-2,-3],[0,0],[-1,-1],[-4,-1],[-3,-1],[1,-6],[-5,0],[0,2],[0,1],[0,0],[-11,-1],[0,1],[0,1],[0,0],[-7,2],[-1,0],[-7,3],[-2,1],[0,1],[-4,1],[0,0],[-3,2],[-1,0],[-1,0],[-4,3],[-1,1],[-12,25],[-11,-11],[-3,-1],[-2,-1],[-2,0],[-1,-1],[-1,0],[-11,-6],[-1,0],[-1,-1],[-8,0],[-5,0],[-2,1],[-9,2],[-11,2],[-37,29],[10,48],[-26,-66],[91,-118],[2,-3],[0,-1],[-19,-21],[5,-27],[1,0],[-1,-1],[-6,-10],[-12,-4],[-15,-2],[-6,-1],[-9,-1],[0,0],[-1,0],[-16,-1],[-1,0],[-4,0],[-1,1],[-3,2],[-4,2],[-4,2],[-3,2],[-8,3],[-8,6],[-2,9],[10,34],[-6,4],[-9,3],[1,-2],[0,0],[-1,0],[-25,-2],[-13,-65],[2,-1],[2,-2],[2,-1],[15,-2],[37,10],[3,-56],[48,-22],[21,-13],[0,-14],[-42,-21],[-7,-1],[-1,-2],[-1,-2],[-5,0],[-24,-7],[-2,-16],[0,-22],[-3,-10],[-4,-7],[-14,-10],[-20,0],[-3,5],[-12,8],[-4,-7],[14,-22],[37,-9],[49,22],[14,8],[15,-7],[1,0],[0,0],[9,-2],[3,-3],[2,-27],[-6,-10],[-10,-8],[-6,-1],[-1,0],[0,-1],[0,-2],[-8,0],[-4,0],[-2,1],[-2,1],[-1,1],[-2,0],[-1,0],[-4,-1],[-4,0],[-8,1],[-6,-1],[-14,-7],[-14,-10],[38,-29],[-2,-20],[-11,-10],[-8,-7],[-11,-9],[-17,-3],[-20,4],[-24,16],[-4,0],[1,-2],[14,-26],[3,-6],[3,-7],[0,-6],[1,-18],[6,-4],[19,-18],[21,-5],[39,25],[27,1],[19,-1],[3,-3],[9,-17],[6,-5],[-28,7],[-1,1],[-2,0],[-5,-2],[-2,-2],[0,-2],[3,-26],[-28,-2],[-41,6],[-16,-62],[-38,-21],[-18,33],[-71,25],[11,30],[63,2],[18,20],[-67,39],[-23,56],[19,25],[-60,13],[17,43],[40,-12],[26,23],[-31,-15],[-20,24],[-5,52],[47,-11],[-26,6],[13,35],[-15,-14],[-12,18]],[[17373,23552],[-8,56],[-31,-3]],[[17059,24301],[28,17],[8,50]],[[17095,24368],[40,61],[-16,60],[20,-18],[89,25],[7,-14],[52,61],[-16,5],[11,24],[79,-9],[-8,-27],[52,1],[26,-15],[-3,-21],[29,-5],[53,30],[1,36],[60,6],[15,42],[49,6],[38,-34],[6,123],[107,9],[249,-29],[17,40],[-26,17],[112,-7],[61,-28],[-11,-45],[-41,1],[5,-52],[-107,16],[11,-40],[-36,-2],[-7,-39],[63,-5],[-33,-40],[28,-50]],[[18178,25899],[65,-100],[-15,-133],[37,-36],[-86,-86],[-1,-43],[22,-41],[69,-11],[-23,-91],[24,-52],[-70,-31],[12,-147],[-13,-88],[-37,-66],[9,-60],[-2,-25],[0,0],[5,-2],[-11,-23],[-2,-3],[-8,-12],[0,-2],[0,-14],[2,-5],[0,-1],[0,-1],[3,-5],[3,-6],[1,0],[3,-2],[1,0],[6,-2],[19,-7],[-1,-1],[-3,-3],[0,-2],[4,-20],[3,-10],[1,-4],[3,-6],[2,-2],[0,0],[0,-2],[1,-11]],[[18201,24743],[1,-9],[4,-4],[0,-1],[1,0],[7,1],[4,0],[6,-4],[0,0],[6,-6],[3,-3],[4,-14],[-1,-5],[-1,-2],[-1,-3],[-5,-10],[-3,-10],[2,-5],[1,-5],[4,-11],[1,-3],[-1,-4],[-3,-2],[-4,-3],[-5,-3],[-3,-2],[-7,-6],[-4,-3],[0,0],[-8,-3],[-1,0],[-1,-6],[-11,-15],[-3,-3],[-1,-1],[-4,-4],[-1,-1],[0,-1],[-4,-7],[-1,-1],[0,-1],[0,-2],[0,-2],[3,-6],[0,-1],[0,-1],[-2,-4],[-6,-9],[-6,-6],[1,-3],[7,-9],[-2,-14],[-6,-11],[-1,-3],[-2,-1],[-9,-3],[0,-1],[-8,-4],[0,0],[-3,1],[-4,0],[-3,1],[3,-13],[0,0],[4,-4],[9,-9],[7,-6],[2,-1],[0,0],[2,-1],[1,-1],[2,0],[1,-2],[6,-14],[1,-4],[-1,0],[-11,-1],[-2,1],[-4,2],[-1,1],[-2,0],[-9,1],[-4,1],[-2,-1],[-2,0],[-3,-1],[-11,-4],[-2,0],[-3,-1],[-18,1],[-23,2]],[[17027,24430],[13,83],[-22,-6],[-3,22],[33,74],[-7,60],[32,26],[25,-20],[49,70],[-44,24],[4,33],[133,25],[5,62]],[[17245,24883],[21,-1],[10,26]],[[17276,24908],[-29,28],[-19,-38],[-40,-19],[-2,46]],[[17186,24925],[18,26],[-42,112]],[[17162,25063],[62,52],[52,195]],[[17276,25310],[36,25],[-11,46],[30,61],[7,109],[-33,154],[-195,139],[-55,66],[-6,72],[41,36]],[[17090,26018],[27,-46],[55,27],[70,-35],[46,20],[42,88],[84,-30],[47,18],[81,-35],[28,-38],[92,31],[48,41],[31,-14],[-14,-83],[87,-86],[141,79],[223,-56]],[[17276,25310],[-52,-195],[-62,-52]],[[17186,24925],[-95,13],[-2,-14],[-69,53],[-34,-25],[-37,27],[-19,-16],[-2,16],[-118,-9],[-10,29],[-38,-26],[-34,4],[23,90],[-25,106],[-305,-18],[-68,-24],[-31,29],[28,155],[-62,16],[-6,37],[-39,-25],[15,-39],[-29,-27],[17,-16],[-11,-68],[-42,8],[-21,80],[39,80],[-54,83],[10,99],[-74,92],[-64,31],[-4,38],[-44,-1],[-50,36],[-27,-10],[22,-49],[-23,-84],[-276,-12]],[[15627,25584],[-24,42]],[[15603,25626],[6,96],[-42,47],[41,88],[-14,71],[54,143],[74,83],[3,258],[61,180]],[[15786,26592],[228,93],[49,-99],[150,-32],[72,22],[52,-49],[0,-65],[87,-74],[111,3],[80,55],[98,2],[63,-27],[49,19],[38,-71],[211,-63],[32,-43],[51,29],[38,-9],[44,-25],[13,-46],[-42,-32],[-7,-62],[-78,-35],[-35,-65]],[[17276,24908],[-10,-26],[-21,1]],[[15798,24851],[10,137],[-25,115],[-23,11],[-31,-32],[-37,13],[-52,44],[-18,52],[-40,-78],[24,-20],[-2,-61],[-49,39],[-60,13],[-22,53],[5,129],[36,67],[68,48],[24,173],[21,30]],[[14870,24996],[-12,90],[-23,-32],[-20,11],[10,45],[-41,55],[20,25],[-43,10],[40,125],[-30,-11],[9,28],[-26,-15],[-31,35],[-46,-23],[-2,47],[-23,-3],[11,-20],[-22,-16],[-61,89],[-42,-7],[18,15],[-17,37],[14,12],[-28,12],[-8,57],[28,89],[45,38],[-4,49],[55,165]],[[14641,25903],[5,20],[97,-6],[11,-68],[43,-86],[26,-5],[8,-46],[87,13],[20,-26],[-3,117],[124,68],[34,-93],[72,-89],[56,27],[42,-20],[11,-68],[-46,-18],[-15,-35],[48,-57],[45,117],[72,22],[225,-44]],[[14641,25903],[-177,9],[-10,-21],[-35,1],[-40,40],[-24,80],[-11,273],[345,-10],[41,58],[-3,64]],[[14727,26397],[40,189]],[[14767,26586],[149,-173],[189,57],[76,-42],[165,37],[144,-20],[56,73],[19,-9],[177,121],[21,0],[16,-37],[7,-1]],[[14172,25107],[-64,38],[-30,61],[-92,81],[-35,71],[-94,52],[-46,51],[-40,280],[22,96],[-27,94]],[[13766,25931],[37,-48],[18,7],[42,21],[26,103],[83,7],[17,70],[-24,44],[6,80],[82,4],[12,46],[6,72],[-45,7],[4,30],[158,-9],[44,69],[184,-13],[13,-36],[3,44],[214,-19],[81,-13]],[[13644,24341],[-152,148],[18,9],[-3,35],[-108,74],[-38,51],[-130,48],[-38,76],[54,-41],[16,10],[-51,42],[-32,131],[55,290],[-16,62],[-49,54],[4,40]],[[13174,25370],[25,6],[2,41],[-39,56],[28,59],[42,47],[42,-12],[12,29],[59,16],[-29,38],[29,12],[-26,59],[39,10],[-10,158]],[[13348,25889],[17,25],[0,113],[78,276],[21,32],[76,-11],[47,-8],[34,-91],[-9,-36],[27,-5],[52,-80],[-9,-50],[54,-74],[-5,-48],[19,25],[16,-26]],[[13217,23946],[-52,0],[-23,-69],[17,-28],[-63,15],[-8,-24],[-38,17],[7,-48],[-115,-28],[-48,10],[30,-51],[-52,-46],[-12,25],[-51,-9],[26,31],[-24,23],[7,118],[56,-10],[29,-37],[-25,-5],[19,-30],[12,19],[28,-12],[61,31],[-107,34],[0,29],[-31,25],[20,30],[-20,12],[-12,-16],[1,42],[65,14],[8,31],[23,-10],[-26,-21],[28,-50],[80,31],[20,-30],[52,27],[-1,24],[68,-5],[14,49],[-70,-14],[44,41],[13,51],[-54,31],[10,-29],[-31,-2],[-15,-33],[-54,13],[-17,-47],[-28,-9],[-1,47],[-24,-5],[-19,25],[19,55],[-23,-3],[-11,23],[22,8],[-34,11],[-6,66],[-28,5],[98,45],[-68,-8],[5,46],[-46,-13],[-40,23],[81,15],[-7,56],[-24,6],[6,-29],[-8,20],[-9,-22],[-45,-2],[-36,48],[-66,11],[26,15],[-5,39],[-118,26],[20,30],[-23,151],[-51,-1]],[[12563,24744],[-43,37],[16,18],[-49,73],[17,86],[-58,14],[-26,42],[0,39],[50,18],[-41,24],[82,8],[0,42],[55,-31],[29,24],[60,-9],[-9,-33],[35,4],[28,-64],[30,-9],[10,-28],[28,10],[33,-54],[32,17],[-7,58],[59,36],[-3,27],[43,35],[60,-3],[-60,107],[18,29],[44,3],[-30,83],[52,21],[31,84],[87,-32]],[[13136,25420],[38,-50]],[[12563,24744],[-76,-1],[-8,-106],[-40,3],[-24,32],[-83,1],[-1,80],[-31,-5],[14,64],[-135,-16],[-10,21],[16,5],[-22,0],[-19,71],[13,46],[-48,2],[-26,27],[-69,-29],[1,74],[-22,3],[21,28],[-32,-6],[7,53],[-114,30],[-10,-51],[-37,-8],[-24,43],[-28,3],[-70,132],[-23,301],[-31,17]],[[11652,25558],[-41,37],[4,27]],[[11615,25622],[106,-66],[31,2],[22,49],[41,30],[151,-4],[42,256],[105,56],[9,184],[78,-49],[20,-61],[26,-12],[5,26],[53,8],[9,30],[-61,240],[6,110]],[[12258,26421],[46,-41],[99,-27],[104,-195],[38,17],[40,-36],[17,-79],[-16,-31],[70,-102],[-38,-60],[91,-78],[119,-41],[7,-153],[37,-59],[102,-19],[33,-28],[18,20],[53,-8],[19,-42],[5,18],[37,-10],[-17,-16],[14,-31]],[[12090,26574],[70,-21],[35,29],[12,-39],[64,-4],[-13,-118]],[[11615,25622],[-3,123],[-40,19]],[[11572,25764],[79,106]],[[11651,25870],[27,9],[103,-36],[51,57],[-27,50],[-26,4],[-9,56],[-26,4],[-20,-23],[-16,26],[3,19]],[[11711,26036],[21,83],[-12,29],[24,12],[7,-15],[24,26],[-14,32],[22,52],[-32,15],[11,25],[35,3],[-16,58],[-39,11],[19,25],[-24,51],[37,-17],[-34,44],[28,13],[-10,14],[33,52]],[[11791,26549],[193,89]],[[11984,26638],[45,-19],[61,-45]],[[13149,27000],[3,-132],[55,-127],[-32,-104],[36,-105],[5,-170],[37,-15],[-6,-66],[23,-11],[-43,-61],[1,-45],[-41,-5],[51,-17],[-17,-75],[47,-14],[22,-124],[58,-40]],[[12090,26574],[26,-5],[-17,44],[-71,31],[-59,73],[6,36],[-23,24],[45,-21]],[[11997,26756],[106,-55],[141,45],[25,32],[57,1],[61,56],[163,-55],[-2,51],[20,0],[31,61],[70,10],[9,132],[47,50],[44,120],[68,-95],[-39,-102],[351,-7]],[[13149,27000],[81,0],[-14,186],[127,67],[38,71],[98,-3],[119,-59],[49,-65],[89,-7]],[[13736,27190],[21,-99],[199,244],[139,-124],[12,-73],[-31,-58],[5,-22],[-23,-17],[164,-85],[185,117],[38,-87],[49,-1],[46,-35],[-9,-85],[93,24],[118,-60],[-13,-93],[60,-61],[-22,-89]],[[12789,28166],[1,1],[1,1],[39,58],[61,34],[78,-30],[51,-58],[4,-3],[17,-91],[28,-24],[66,-15],[32,37],[169,-38],[90,19],[38,-57],[138,-79],[120,-1],[51,-243],[-15,-97],[18,-23],[-49,-216],[9,-151]],[[11997,26756],[-39,164],[-74,60],[-16,55],[-47,13],[7,38],[-29,72],[-77,-19],[-22,33],[12,98],[-136,50],[97,90],[46,7],[-37,80],[21,73],[-12,100],[18,49],[32,-19],[31,68]],[[11772,27768],[64,15],[44,37],[32,98],[6,21],[0,1],[2,2],[37,35],[39,-7],[5,23],[50,-11],[8,35],[88,82],[59,13],[5,24],[-26,12],[17,39],[-48,38],[57,10],[1,4],[42,37],[45,2],[4,2]],[[12303,28280],[144,32],[13,-20],[16,24],[10,-17],[125,-26],[60,-79],[118,-28]],[[10158,28335],[-2,-2],[0,0],[-2,-1],[-19,-19],[15,-88],[49,-45],[3,-96],[43,-56],[169,-56],[13,-33],[69,-25],[46,20],[81,93],[2,1],[1,1],[94,5],[39,-20],[21,16],[59,-70],[37,-4],[191,67],[28,-26],[53,-8],[23,21],[58,-16],[1,0],[38,-79]],[[11268,27915],[-12,4],[0,-45],[51,-10],[-80,-134],[3,-63],[-26,-8],[64,-151],[-123,-64],[-14,-146],[-102,49],[-37,-44],[-16,100],[-95,-103],[-81,-35],[-73,1],[-22,-36],[51,-79],[13,-93],[51,-73],[29,-6],[-10,-119],[-227,62],[-54,103],[-98,-46]],[[10460,26979],[-106,141],[21,119],[35,59],[-72,6],[-82,87],[-47,18],[-50,137],[-75,-31],[-105,34],[-98,189],[24,65],[-71,75],[-68,30],[7,89],[72,82],[15,105],[35,33],[-29,27],[9,175],[49,36],[56,6],[70,-34],[48,2],[64,-71],[-4,-23]],[[11371,27891],[1,-2],[0,-1],[54,-44],[77,8],[269,-84]],[[12090,26574],[-61,45],[-45,19]],[[11791,26549],[-27,-2],[-13,12],[-100,-49],[-110,1],[-1,-39],[-32,-13],[-53,-77],[9,-58],[-29,-16],[15,-12],[-65,7],[-16,36],[-27,-5],[22,-29],[-114,-6],[-2,-50],[30,-15],[-84,18],[-51,-79]],[[11143,26173],[-72,45],[-25,-9]],[[11046,26209],[-71,65],[-15,-97],[-56,-67],[-33,56],[-36,-6],[-40,31],[-6,32],[16,7],[-21,41],[-95,-64],[-29,37],[-28,152],[-23,1]],[[10609,26397],[6,60],[-33,53],[11,32],[-27,19],[-4,56],[31,22],[-6,73],[-163,155],[36,112]],[[11268,27915],[-9,-28],[28,14],[35,-4],[15,18],[34,-24]],[[11711,26036],[-54,-19],[-26,-54],[26,-39],[-6,-54]],[[11572,25764],[-89,2],[22,-118],[-109,6],[-13,35],[15,35],[-63,29],[-80,-13],[-10,15],[32,112],[-167,15],[-56,9],[-42,-22],[-7,-58],[45,-55],[-22,-143],[-20,33],[-60,14],[-77,-41],[-134,-14],[8,66],[-48,2],[-33,-44],[-27,30],[-90,21]],[[10547,25680],[15,198],[64,100],[26,151],[4,108],[-47,160]],[[11046,26209],[25,9],[72,-45]],[[11652,25558],[-49,-44],[-9,-44],[-41,-24],[5,-28],[39,0],[5,-19],[-99,-41],[-23,-168],[-63,-95],[11,-59],[-36,-35],[-8,-67],[-65,-62]],[[11319,24872],[-56,-2],[-46,13],[-42,-55],[-53,12],[-31,-53],[-93,31],[-91,-160]],[[10907,24658],[-81,-2],[-2,1],[-34,61],[-35,18],[51,10],[14,51],[-53,7],[15,-26],[-23,-25],[-67,11],[-70,60],[-8,41],[58,67],[0,35],[53,-15],[4,41],[117,68],[-19,105],[-67,23],[-13,-53],[36,-13],[-49,-20],[29,-18],[-45,-1],[-28,41],[-60,5],[-31,-70],[-52,37],[-17,-33],[10,-56],[-70,-15],[-19,-38],[-57,12],[-58,84],[-23,-9],[-37,42],[35,26],[-28,30],[0,48],[36,-12],[-2,70],[28,-19],[-6,31],[25,-11],[7,27],[25,-20],[-2,136],[41,28],[13,94],[82,54],[17,114]],[[11319,24872],[-15,-75],[40,-17],[-1,-47],[29,-3],[36,-106],[50,118],[-25,69],[56,19],[69,-50],[75,37],[0,-26],[65,-73],[15,34],[25,1],[25,-4],[10,-30],[105,3],[116,-32],[-30,-40],[36,-8],[-1,-26],[44,-40],[-31,-32],[44,-25],[-16,-41],[36,0],[-30,-39],[29,-29],[32,16],[-19,-43],[30,-49],[34,6],[-29,-63],[18,-27],[33,18],[-13,-44],[-27,-7],[35,-16],[-25,-49],[-40,5],[-26,-21],[11,75],[-11,-18],[-70,1],[16,-44],[-16,-13],[-36,9],[-13,35],[-64,-2],[-27,36],[2,60],[-63,-82],[-37,-120],[-99,7],[-42,-37],[13,-31],[39,4],[-3,-46],[-119,1],[-44,-47],[-36,-2],[-95,-115],[-5,-162],[19,3],[6,-17],[-20,4],[43,-27],[-22,-20],[-13,-80]],[[11392,23508],[-110,30],[16,62],[-16,55],[-45,-20],[12,34],[-35,22],[-27,-13],[7,16],[-57,49],[-2,58],[52,-19],[19,51],[12,-37],[28,18],[-7,23],[92,46],[-28,17],[1,52],[63,18],[-65,34],[49,6],[-5,55],[-31,19],[-53,-56],[-69,23],[-3,19],[-29,-11],[-27,22],[50,25],[-4,26],[-53,19]],[[11127,24151],[-21,16],[8,26],[-41,0],[-21,91],[-34,14],[-31,-23],[-12,19],[-49,-31],[-74,25],[16,19],[-44,50],[34,0],[89,113],[54,-3],[23,25],[-30,12],[-20,46],[-34,5],[-32,96],[-1,7]],[[11392,23508],[-95,-22],[3,-25],[-36,-11],[7,-28],[-72,-4],[-40,-33],[-42,25],[-11,-23],[-20,5],[11,-29],[-25,11],[-18,-34],[-36,-9],[-21,19],[-46,-8],[1,-16],[-30,28],[-6,-18],[-16,10],[-29,-34],[-12,10],[19,-34],[-51,-24],[5,-22],[-41,-10],[-19,18],[-10,-13],[23,-20],[-51,-21],[-37,22],[-25,-31],[16,-25],[-22,15],[-58,-36],[13,-47],[-28,-49]],[[10593,23045],[-48,16],[-43,-23],[-22,38],[-131,49],[-26,49],[-68,7],[-27,46],[-67,-19],[-5,69],[-2,14]],[[10154,23291],[0,37],[59,26],[8,56],[115,85],[-9,23],[117,19],[-17,64],[34,57],[49,29],[35,-23],[23,23],[27,-12],[40,89],[64,-9],[19,45],[41,-16],[12,31],[61,35],[11,96],[28,-35],[45,56],[7,67],[32,-4],[19,48],[46,9],[0,-43],[25,-7],[25,33],[-9,61],[49,18],[17,2]],[[10593,23045],[20,-27],[-27,-64],[-43,-17],[-21,-58],[33,-40],[-32,-32],[23,-17],[22,33],[23,-41],[43,-14],[11,-48],[-43,-26],[15,-58],[-25,18],[-19,-22],[28,-27],[-16,-38],[49,-29],[-20,-25],[-106,-7],[-66,-32],[15,-65],[-64,-18],[-7,-100],[-39,-25],[24,-20],[-47,-42],[37,-54],[-45,-26],[-4,-49],[-58,5],[-38,-50]],[[10216,22030],[-55,29],[-29,-52],[0,19],[-52,14],[-62,-45],[-6,67],[-105,5],[4,-53],[-17,-15],[-23,30]],[[9871,22029],[-12,46],[-55,17],[16,36],[-25,36],[43,54],[76,-26],[10,25],[61,14],[-56,37],[47,54],[-49,32],[72,30],[-10,94],[19,38],[27,-6],[-12,53],[27,17],[-190,61],[47,61],[74,-7],[8,23],[-61,31],[6,52],[-72,25],[11,28],[-20,22],[5,26],[-30,0],[-21,-36],[24,-35],[-94,-32]],[[9737,22799],[-58,47],[3,22],[-35,4],[38,36],[65,9],[-16,7],[20,26],[-15,28],[-60,0],[-9,17],[57,36],[-10,60],[-30,10],[11,17],[7,0],[8,1]],[[9713,23119],[34,-5],[28,41],[19,-55],[66,28],[15,23],[-20,59],[45,-8],[79,93],[99,-41],[24,32],[30,-14],[22,19]],[[9871,22029],[-50,-16],[20,-50],[-31,-38],[71,-70],[-42,-27],[-5,-34],[-55,-29],[-11,-34],[-152,16],[-10,26],[-37,3],[52,49]],[[9621,21825],[-8,30],[-23,6]],[[9590,21861],[-85,-5],[12,-20],[-28,-5],[-69,29],[-4,-56],[-19,9],[6,-24],[-31,-23],[-31,107],[13,20],[37,-2],[10,35],[-62,21],[-3,36],[-27,16],[-35,6],[-16,-29],[-35,-4],[-21,72],[-67,-16],[-64,18],[-61,-75]],[[9010,21971],[-63,-3],[-4,21],[25,6],[-24,58],[0,2]],[[8944,22055],[55,22],[4,-2],[57,-28],[24,20],[-17,-1],[21,32],[-26,39],[20,31],[-7,37],[45,16],[-9,137],[42,92],[-14,28],[25,42],[-1,69],[34,-4],[65,66],[52,-6],[7,58],[104,81],[10,-1],[65,31],[-3,-58],[26,-7],[-6,-21],[68,-20],[20,40],[-25,6],[21,32],[57,-13],[30,19],[41,-21],[12,26],[-4,2]],[[10216,22030],[-19,-42],[35,-22],[-15,-73],[57,-36],[-41,-75],[35,-10],[3,-51],[35,35],[17,-69],[-24,-43],[-33,-12],[31,-24],[-27,-43]],[[10270,21565],[-78,-15],[10,38],[-50,-23],[-4,-56],[-31,-4],[-1,31],[-31,-1],[4,-59],[-71,11],[-36,-76],[8,-37],[-33,-20],[18,-21],[23,22],[12,-26],[-3,-60],[-29,-13],[22,-35],[-42,-135],[24,-50],[-28,-19],[37,-31],[-9,-41],[39,-10],[-1,-20]],[[10020,20915],[-19,12],[-21,-24],[-29,31],[-2,-43],[-45,6],[1,69],[-86,30],[-43,48],[-31,-3],[-5,-22],[-84,25],[5,38],[-89,65],[4,56],[-24,10],[-19,71],[-24,-5],[5,-18],[-45,35],[-76,-15],[4,-17],[-20,9],[-2,48],[18,-2],[-15,105],[19,7],[-39,25],[40,34],[30,-21],[5,25],[-75,40],[16,30],[-41,-15],[-26,16],[37,30],[31,-13],[-28,17],[34,-5],[-13,23],[61,62],[-103,58],[-38,-30],[-35,4],[-11,37],[-71,-15],[-51,28],[-70,0],[-8,36],[-31,18],[21,62],[-33,35],[11,59]],[[9590,21861],[23,-6],[8,-30]],[[10270,21565],[42,-43],[-19,-35],[58,-11],[-26,-72],[134,-21],[-11,-67],[30,6],[8,-28],[29,16],[12,42],[63,-4],[47,75],[44,-1],[27,-57],[45,-16],[28,72],[70,-24],[-5,30],[28,34],[47,-17],[8,36],[49,3],[51,-42],[5,-72],[-23,-41],[43,-38],[64,-4],[-8,-31],[127,-76],[4,-48]],[[11241,21131],[-48,-4],[-22,-22],[65,-59],[-6,-17],[-34,5],[-4,-74],[-33,4],[-3,35],[-52,-3],[-20,-46],[2,-22],[61,-1],[-4,-52],[-47,-7],[15,-23],[32,2],[-5,-38],[-58,-23],[-27,-41],[-20,21],[-57,-18],[8,-94],[-118,57],[-25,-10],[12,-32],[-30,-14],[15,-29],[28,4],[78,-45],[-54,-130],[-58,-7],[-39,27],[-25,-54],[-37,19],[3,28],[-22,1],[-57,-43],[8,38],[-39,31],[26,63],[-49,1],[-3,64]],[[10598,20623],[59,42],[10,35],[-7,29],[-30,-1],[-8,85],[-40,-22],[-239,22],[-61,-69],[21,-49],[-15,-51],[-32,9],[-22,-41],[-45,5],[0,47],[56,15],[-48,32],[-63,-104],[-76,-2]],[[10058,20605],[-39,-11],[-23,39],[-20,-5],[5,28],[28,-21],[20,28],[-12,151],[30,35],[-27,66]],[[11815,20406],[-7,-63],[-129,80],[-89,-23],[-412,-374],[-153,-152],[0,-35]],[[11025,19839],[-64,-5],[2,20],[-95,17],[46,55],[-19,26],[-14,131],[-50,-14],[-19,-39],[-58,26],[-26,-68],[-37,29],[-54,1],[-4,55]],[[10633,20073],[15,28],[42,-26],[6,13],[-15,51],[-94,-1],[7,48],[50,12],[-20,37],[-92,62],[-45,-9],[-6,15],[-25,-27],[-55,66],[-35,-31],[-39,48],[8,34],[58,4],[-22,2],[16,74],[-19,82],[59,39],[58,-3],[47,57],[66,-25]],[[11241,21131],[9,-6],[3,-20],[76,1],[29,-41],[55,-1],[3,-39],[76,-20],[-9,-103],[88,-15],[-6,-47],[65,4],[-12,-61],[235,-39],[8,-181],[-48,-63],[21,-52],[-19,-42]],[[10633,20073],[-51,44],[-61,-18],[-10,20],[-42,-9],[-21,31],[-69,18],[-12,33],[-32,10],[15,62],[-80,8],[7,28],[-20,5],[-21,-51],[25,-40],[-48,-11],[-25,-31],[-68,-20],[-77,27],[-73,-15]],[[9970,20164],[13,25],[-56,29],[57,52],[-58,13],[14,45],[-10,-13],[-28,63],[42,7],[6,37],[-26,-9],[-4,19],[70,-5],[-44,21],[59,17],[-37,76],[26,40],[32,-3],[32,27]],[[11025,19839],[-21,-173]],[[11004,19666],[-11,-32],[-269,-37],[-78,-120],[-6,-96],[-51,-124],[5,-62],[122,-51],[35,-171]],[[10751,18973],[-69,-86],[-11,-49],[-58,76],[-71,45],[-25,-30],[-51,-7],[-27,-102],[48,-19],[-37,-80],[-41,-11],[-27,-49],[-24,133],[-73,13]],[[10285,18807],[-24,6],[41,55],[-31,15],[34,28],[71,-8],[4,24],[-13,52],[-67,56],[1,37],[50,69],[-21,31],[28,27],[3,67],[-23,-10],[6,29],[-71,45]],[[10273,19330],[-21,11],[4,30],[40,14],[-7,51],[43,30],[-62,-15],[-8,34],[38,34],[-51,-1],[-17,20],[9,28],[76,41],[-55,-21],[-14,63],[-56,19],[-52,177]],[[10140,19845],[-7,111],[22,10],[-46,14],[22,32],[-62,84],[-45,26],[-46,-6],[-8,48]],[[12392,19970],[5,-18],[-37,-33],[26,-15],[-21,-40],[9,-39],[39,-20],[-56,-78],[10,-28],[25,1],[0,-27],[-62,-22],[21,-42],[-43,-39]],[[12308,19570],[-72,5],[-41,-63],[-95,-1],[-27,21],[-49,-70],[-45,40],[-51,-24],[-42,38],[-25,-2]],[[11861,19514],[41,47],[0,111],[64,9],[-2,48],[-41,52],[35,29],[-4,59],[-17,28],[-87,16],[-4,18],[-46,-41],[-11,-43],[-30,-3],[4,-78],[-22,13],[-45,-20],[-12,16],[-24,-24],[-104,-21],[17,48],[-39,-20],[-118,29],[-31,-39],[-64,-31],[-74,1],[-27,30],[-13,-30],[-128,2],[-4,-52],[-71,-2]],[[11815,20406],[51,11],[11,-27],[29,-8],[0,-24],[18,9],[-8,-27],[59,11],[7,-17],[5,21],[74,-12],[-30,-125],[25,-1],[6,-39],[39,-33],[21,17],[24,-12],[16,-48],[23,39],[24,-6],[-1,-49],[33,4],[-1,-123],[29,0],[7,49],[22,14],[1,-28],[69,-7],[24,-25]],[[13773,19079],[-111,35],[-63,-50],[-121,-32],[-25,34],[28,43],[-3,53],[-54,-26],[-10,60],[-103,-3],[-44,-78],[-37,23],[-28,-19],[-120,24],[-23,-17],[-36,25],[-24,-25],[-28,9],[-13,37],[-29,-68],[-97,8],[12,113],[-85,115],[-119,-14],[5,-38],[-29,-13],[-2,-49],[-53,-22]],[[12561,19204],[-7,43],[-88,0],[8,56],[-65,-19],[6,37],[-24,10],[-10,-24],[-49,-2],[-9,71],[14,23],[22,-21],[16,70],[-6,20],[-32,6],[-6,64],[-33,-19],[16,46],[-6,5]],[[12392,19970],[105,-13],[23,47],[31,3],[-13,-35],[31,3],[43,-65],[82,15],[33,-15],[-26,-20],[20,-74],[62,25],[10,-44],[115,9],[47,-23],[6,25],[46,25],[-13,93],[27,0],[-1,-23],[5,21],[125,27],[7,-51],[-17,-28],[22,-7],[15,28],[70,3],[33,40],[-54,45],[-2,71],[40,-1],[66,-50],[46,38],[52,8],[30,-6],[-14,-50],[26,-120],[74,7],[43,-157],[-59,-70],[37,-73],[-27,-19],[7,-45],[-52,6],[-27,-38],[49,-3],[2,-44],[61,4],[16,-21],[-18,-65],[22,-12],[-15,-3],[8,-88],[65,-2],[1,-43],[63,-11],[-9,-48],[62,-67]],[[13225,18369],[-48,110],[56,58],[6,40],[40,-3],[19,21],[23,116],[44,-11],[22,32],[7,36],[-60,16],[22,90],[62,-13],[31,-77],[36,20],[39,-47],[103,37],[9,-18],[31,49],[23,3],[17,-64],[32,40],[69,-3],[4,68],[101,31],[25,77],[50,4]],[[13988,18981],[0,-5],[2,-23],[51,-19],[42,17],[36,-17],[10,27],[65,-26],[6,27],[39,-2],[6,-31],[50,-18],[57,37],[-7,-195],[-8,26],[-88,28],[-21,-46],[-124,-60],[-11,-108],[42,-112],[-78,-12],[-29,25],[-14,-58],[18,-31],[42,5],[-18,-56],[28,-10],[-6,-24],[-27,-15],[-46,38],[-41,-79],[-48,15],[-6,61],[-97,22],[2,-32],[-66,5],[-2,84],[-48,-30],[3,52],[-60,-1],[-7,49],[-28,17],[-60,-43],[-16,-65],[-40,-15],[-21,-73],[-33,-19],[-145,44],[-4,50],[-26,-31],[-37,15]],[[13773,19079],[36,-16],[-4,55],[82,3],[1,-52],[41,-80],[53,20],[6,-28]],[[13225,18369],[-45,-45],[10,29],[-38,19],[-37,-10],[-7,69],[-71,15],[-27,28],[-139,9],[-35,-54],[-133,40],[-57,-23],[-68,9]],[[12578,18455],[12,35],[-38,9],[12,33],[-20,-5],[-14,39],[-56,16],[14,24],[-49,10],[-30,-21],[-3,93],[-71,-5],[27,72],[-43,58],[49,21],[17,37],[-86,-35],[51,45],[-22,37],[-37,-4],[39,20],[4,-18],[52,5],[7,-19],[16,6],[-2,56],[71,-22],[38,35],[58,3],[-38,42],[24,20],[-29,60],[-45,22],[75,80]],[[12578,18455],[-76,-63],[-35,11],[3,-39],[-43,-15],[-9,-26],[-62,-7],[-45,18],[16,20],[-8,47],[-70,6],[-33,-32],[-11,34],[24,19],[-166,26],[-7,35],[-105,16],[-16,-80],[-39,-13],[-69,13],[-18,-6],[-15,22],[-16,-11],[8,47]],[[11786,18477],[27,25],[-23,30],[42,9],[14,34],[-12,15],[42,75],[26,124],[-40,-18],[2,-31],[-43,24],[-32,70],[33,57],[11,80],[-23,28],[-64,9],[-58,-4]],[[11688,19004],[-47,51],[12,49],[-28,43],[36,17],[3,33],[-22,22],[44,32],[48,186],[66,-9],[20,62],[41,24]],[[11688,19004],[-14,-6],[71,-11],[1,-29],[-82,-20],[-25,-27]],[[11639,18911],[-32,-7],[-29,50],[-59,-74],[-78,12],[-26,44],[-18,-15],[-104,42],[3,-42],[-49,19],[-87,-11],[0,43],[-39,12],[-13,32],[-59,1],[-21,-68],[-78,-40],[-78,7],[15,48],[-70,28],[-38,10],[-28,-29]],[[11786,18477],[-15,-44],[12,-7],[10,12],[9,-15],[13,-84],[-16,-29],[32,-12],[19,-40],[19,5],[-2,-57],[19,-20],[-17,-6],[16,-17],[-10,-44],[-78,-41],[3,-62],[26,-26],[-17,-50],[13,-81],[28,-17],[-82,-119],[12,-64],[42,-6],[22,-31],[-60,-64],[12,-24],[-18,-10],[22,-14],[-32,2],[8,-33],[-43,5],[-8,43],[-24,-82],[-35,-5],[-3,-67],[33,-11],[-30,-4],[23,-40],[-29,-4],[-27,31],[4,-38],[-48,-15],[-9,-44],[27,-6],[12,-41],[-25,-39],[-36,4],[-7,-22],[-71,15],[-28,20],[-1,34],[-24,-7],[-21,-50],[-21,13],[-46,-23],[-6,-65],[-17,-6],[9,-34],[-54,-6],[15,-65],[30,-3],[-8,-31],[48,12],[16,-38],[-63,-103],[-29,-5],[-27,66],[-38,-10],[-43,-49],[-20,48],[17,22],[-45,18],[-29,-15],[-19,22],[-14,-14],[-5,48],[-36,-32],[-8,-64],[-40,-5],[25,136],[-54,140],[-113,129],[-117,-10]],[[10714,17232],[-46,59],[46,10],[26,46],[-1,49],[-46,-19],[-2,38],[41,165],[36,44],[-33,73],[10,16],[22,-44],[49,32],[-41,47],[48,-9],[-14,74],[21,42],[-8,30]],[[10822,17885],[62,23],[-18,-55],[108,-27],[-15,33],[92,102],[-9,77],[127,-1],[113,74],[3,28],[22,-2],[-6,41],[41,93],[-18,-1],[73,133],[10,70],[68,108],[-10,39],[46,37],[66,13],[61,75],[0,37],[42,19],[-23,52],[12,31],[-30,27]],[[10822,17885],[-66,38],[1,31],[-50,-9],[-15,31],[-19,-1],[-17,-74],[-38,-7],[13,24],[-32,89],[-21,-4],[-24,-86],[-61,93],[-47,16],[3,-50],[-78,36],[-80,1],[-63,27],[-45,-29],[-48,30]],[[10135,18041],[-6,53],[51,17],[-49,27],[17,71],[-40,24],[88,126],[82,47],[-75,155],[31,129],[50,49],[1,68]],[[10273,19330],[-41,-42],[18,-29],[-10,-51],[-51,9],[-6,-28],[-63,-5],[-60,14],[-41,-48],[-68,5],[-19,32],[-28,0],[-22,-49],[-52,7],[-63,21],[0,44],[46,18],[-20,66],[57,7],[25,-31],[-7,46],[-154,61],[-28,44],[17,5],[-41,45],[-2,-45],[-45,18]],[[9615,19444],[-89,30],[-12,44],[-34,-7],[-64,34],[46,-7],[-16,37],[19,19],[-33,4],[7,36],[-42,-4],[-17,51],[-22,-5],[-8,30],[25,0],[16,46],[-52,9],[12,23],[-22,32],[-19,12],[-11,-14],[-4,28],[-24,3],[-3,42],[-44,23]],[[9224,19910],[23,38],[52,16],[-7,60],[64,-42],[-5,-30],[24,0],[27,18],[1,58],[41,27],[-5,35],[39,2],[9,19],[84,-10],[0,20],[5,1],[31,-2],[42,0],[56,-68],[68,-1],[-28,-47],[39,-15],[-6,-42],[19,-23],[46,-18],[-2,70],[30,5],[-14,-47],[65,0],[-16,-11],[44,-45],[84,-25],[16,21],[54,-2],[36,-27]],[[9615,19444],[-40,-30],[36,-4],[-24,-11],[-7,-34],[57,-41],[-36,-48],[-40,13],[-29,-67],[-67,-55],[12,-32],[-25,-6],[28,-34],[88,5],[32,-39],[14,7],[-4,-95],[-40,-3],[-81,40],[-68,-1],[-32,-19],[-51,-116],[-71,-52]],[[9267,18822],[-90,-28]],[[9177,18794],[4,74],[-27,52],[-72,23],[-104,93],[-91,25],[-37,64],[26,173],[-63,-3],[-43,32],[-15,45],[30,75],[-37,18]],[[8748,19465],[0,33],[52,-26],[-6,73],[-19,15],[18,30],[29,-6],[30,93],[113,-73],[63,21],[20,107],[40,-1],[-1,34],[70,-4],[22,19],[20,-7],[-9,-28],[30,24],[-18,59],[22,82]],[[10135,18041],[-52,-11],[-66,-122]],[[10017,17908],[-68,-9],[0,-53],[-27,-20],[-30,58],[15,32],[37,-7],[-4,24],[-31,5],[64,70],[-44,40],[-93,2],[53,110],[-39,23],[26,60],[37,-8],[8,34],[-15,84],[32,2],[0,115],[72,44],[-35,41],[-77,17],[-17,38],[101,104],[-198,97],[-73,26],[-11,-98],[-56,-67],[-17,60],[-22,11],[-42,-41],[13,46],[-22,-3],[-13,39],[-127,-25],[-27,87],[-64,-45],[-56,21]],[[10017,17908],[-11,-29],[24,-26],[-25,-13],[-12,-48],[-117,-87]],[[9876,17705],[-52,47],[-42,4],[-29,-76],[60,-17],[-43,-54],[-35,28],[-20,-19],[-39,65],[72,2],[-11,16],[-73,4],[45,96],[-29,34],[17,100],[-83,43],[-1,31],[30,11],[65,-20],[14,40],[-24,72],[-77,97],[-67,45],[-211,-127],[-13,43],[63,29],[36,94],[-221,-9],[-7,30],[-69,54],[-61,6],[16,73]],[[9087,18447],[0,0],[2,-1],[-57,165],[65,77],[64,26],[-17,33],[33,47]],[[9876,17705],[58,-73],[35,10],[-7,37],[42,5],[18,-100],[40,-7]],[[10062,17577],[-22,-72],[-30,-25],[-55,50],[-41,-8],[-58,-86],[-25,28],[-30,-4],[-9,-20],[-11,11],[0,-48],[-46,-4]],[[9735,17399],[-36,-4],[-52,56],[-75,23],[-38,38],[-19,-4],[0,-73],[-70,34],[-90,53],[-13,-23]],[[9342,17499],[-88,117],[-366,265],[29,132],[-107,157],[14,78],[-45,103],[11,193],[137,-13],[160,-84]],[[10714,17232],[-54,-26],[-24,11],[-36,-38],[-24,20],[-24,-32]],[[10552,17167],[-49,33],[-52,-28],[30,64],[-43,-7],[-55,32],[59,87],[-52,40],[19,9],[-29,36],[15,44],[-49,27],[-85,-59],[-93,-20],[-20,74],[-27,50],[-59,28]],[[10552,17167],[-29,-12],[-4,-40],[-88,14],[4,-73],[7,-37],[59,-36],[2,-35],[68,-33],[-2,-24],[-51,20],[-21,-39],[50,-32],[-21,-29],[31,-43],[41,-16],[-58,-11],[8,-40],[-16,-7],[-43,4],[-2,20],[0,-17],[-24,6],[9,-37],[-26,-9],[-2,-37],[-40,8],[20,-152],[-25,-2],[-33,90],[-53,-47]],[[10313,16521],[-47,22],[27,39],[-38,23],[18,25],[-40,21]],[[10233,16651],[-11,36],[20,49],[24,1],[-8,62],[-19,-4],[21,81],[-23,0],[-6,65],[-99,62],[-11,9]],[[10121,17012],[34,28],[3,43],[-52,-15],[-52,29],[18,65],[-50,19],[7,95],[-40,-6],[-2,-48],[-40,-30],[-8,50],[-14,-5],[10,35],[-27,0],[-12,95],[-27,1],[-3,-89],[31,-17],[1,-74],[-22,11],[4,58],[-21,33],[-46,-5],[5,55],[-36,-4],[-17,29],[70,4],[-3,23],[-97,7]],[[10121,17012],[-33,-1],[-70,-60],[-39,24],[-18,-19],[34,-69],[-31,-30],[-7,51],[-53,54],[-12,8],[-12,-54],[-22,79],[-19,10],[-31,-51],[-8,60],[-48,-3],[8,-88],[65,-107],[71,-36],[11,-38],[-33,-30],[-9,-59],[-89,63],[-60,-29]],[[9716,16687],[-45,57],[2,62],[-101,-55],[-222,-22]],[[9350,16729],[-3,6]],[[9347,16735],[85,131],[139,99],[5,4],[61,92],[-15,235],[-78,104],[-78,46],[-81,2],[-43,51]],[[10233,16651],[-94,-76],[3,87],[-100,-34],[-7,-72],[-15,-4],[-16,65],[-106,-79],[-97,-11],[-6,-16],[23,126],[-40,-52],[-118,66],[56,36]],[[10313,16521],[-30,-70],[5,-99],[-77,16],[-50,-68],[-25,19],[-18,-19],[28,-41],[-40,-50],[30,-37],[-43,-108],[-239,-260]],[[9854,15804],[-51,-52],[-13,10],[-65,28],[-60,68]],[[9665,15858],[-46,82],[40,81],[10,92],[0,122],[-29,84],[-60,109],[-99,91],[-115,181],[-16,29]],[[9665,15858],[-25,-55],[28,-55],[-84,41],[0,29],[-21,8],[-23,-34],[6,-61],[-46,-28],[-87,33]],[[9413,15736],[30,29],[-8,21],[-113,43],[-16,28],[45,37],[21,88],[-15,-1],[38,82],[-79,17],[-33,82],[-18,2],[-19,-45],[-38,-1],[-104,40],[-34,35],[-80,43],[23,68],[34,2],[9,84],[40,8],[-22,-114],[34,16],[45,-38],[32,24],[6,34],[30,7],[-1,72],[22,29],[23,-23],[13,41],[-54,133],[44,-20],[17,36],[0,-32],[11,26],[7,-25],[19,18],[42,-15],[5,20],[-23,13],[14,71],[-40,55],[27,9]],[[9854,15804],[82,-96],[43,-21]],[[9979,15687],[-69,-73],[-18,22],[-18,-27],[-92,-28],[-50,24],[0,-25],[-51,-30],[12,-43],[-40,-27],[-45,39],[-62,-11],[-39,20],[-45,-37],[-51,9]],[[9411,15500],[-90,11],[3,-20],[-77,36],[12,23],[65,-24],[62,7],[1,74],[-37,-21],[-40,6],[-4,21],[14,16],[85,-8],[18,26],[-10,89]],[[10221,15283],[-46,-43],[40,-97],[-75,-39]],[[10140,15104],[-12,52],[-10,-27],[-30,-4],[-44,46],[-13,39],[-25,-39],[-33,32],[-42,0],[-5,-39],[-23,2],[-36,-43],[-99,20],[-19,-131],[-124,-30],[-8,-75]],[[9617,14907],[-60,-4],[17,60],[-18,9],[29,72],[-50,18],[-20,75],[-40,13],[-14,34],[-147,-8],[5,113]],[[9319,15289],[8,82],[74,18],[20,52],[-11,42],[1,17],[0,0]],[[9979,15687],[40,-57],[202,-347]],[[10140,15104],[-43,-60],[18,-24],[-58,3],[-36,-25],[20,-63],[-32,-9],[67,-41],[12,18],[48,-6],[2,-24],[30,-7],[14,-129],[92,-21],[23,-41],[75,12],[-23,-65],[-109,-60],[81,-54],[-20,-30],[51,-19]],[[10352,14459],[-25,-47],[-119,-94],[12,35],[-20,-17],[-74,11],[-23,-19],[-35,32],[-20,-22],[-33,37],[-40,-9],[4,30],[-38,-8],[-36,-41],[-88,24],[-45,-21],[-70,85],[-19,-19]],[[9683,14416],[-4,52]],[[9679,14468],[17,73],[18,2],[-31,165],[22,71],[-13,59],[-39,25],[-7,39],[-29,5]],[[10805,14747],[0,-47],[-32,27],[26,-33],[-19,-16],[-47,47],[-27,-1],[-92,-20],[-19,-53],[-78,0],[21,-24],[9,-106],[-34,3],[56,-36],[-33,-55]],[[10536,14433],[-154,27],[-30,-1]],[[10221,15283],[149,-177],[113,-122],[108,-54],[97,-141],[117,-42]],[[10536,14433],[-82,-41],[25,-42],[121,-99],[194,-80]],[[10794,14171],[-23,-71],[68,-37],[-57,-53],[14,-27],[-22,-19],[92,-89]],[[10866,13875],[34,-68],[-47,-42],[8,-35],[-39,-5],[5,-39],[-29,24],[-50,-5],[-39,-68]],[[10709,13637],[-66,13],[-14,-43],[-141,-6],[-15,-38],[-106,57],[-17,52],[-3,-19],[-29,8],[-14,83],[-23,-4],[-17,-42],[-33,16],[-21,-14],[-45,40],[-33,2],[15,38],[-239,-45]],[[9908,13735],[14,46],[-35,45],[5,66],[-21,3],[20,35],[-4,97],[-103,11],[-14,11],[29,16],[-19,57],[-72,43],[-61,-20],[-31,48]],[[9616,14193],[-6,94],[17,49],[58,-3],[-2,83]],[[11566,14330],[63,-20],[10,-119],[-157,8],[-17,-54],[-145,22],[-98,121],[11,21],[-107,-30],[33,-35],[-21,-41],[13,-26],[-71,68],[-28,-33],[-16,14],[-18,-19],[-1,17],[-45,-35],[-52,21],[8,-51],[-39,-57],[-95,69]],[[10805,14747],[133,-40],[102,-41],[53,-88],[220,-202],[104,-38],[149,-8]],[[12210,14137],[-139,-36],[-16,-67],[-166,-22],[-10,-59],[12,14],[26,-47],[-43,19],[-3,-42],[-59,-8],[-79,-74],[-2,-23],[45,-34],[-12,-31],[-45,5],[-17,-50],[-38,-4],[-13,24],[-65,-104]],[[11586,13598],[-51,-30],[-16,29],[31,-19],[3,33],[-23,-6],[19,18],[-104,53],[-56,-60],[8,-104],[-76,13],[-29,69],[-1,-23],[-21,18],[-60,-30],[-24,20],[-8,-20],[-36,6],[38,126],[-29,17],[0,33],[-33,-2],[14,41],[-26,68],[-55,-13],[-58,50],[4,-37],[-39,-54],[-4,30],[-61,70],[-27,-19]],[[11566,14330],[181,58],[294,-146],[57,-59],[85,9],[27,-55]],[[12326,13997],[45,-14],[0,-147],[109,-48],[4,-26],[32,-16],[-41,-9],[32,-11],[0,-38],[56,-2],[22,31],[-9,-63],[40,-95],[87,-39],[87,14],[-33,-38],[-127,-58],[-60,-123],[-113,-58]],[[12457,13257],[-34,7],[-12,66],[-68,10],[-61,36],[-18,-32],[-32,-5],[-38,-92],[-55,-13],[-78,23],[-20,-30],[-31,8],[-4,-28],[64,-45],[-11,-28],[-107,41]],[[11952,13175],[-39,36],[-76,-41],[-11,31],[26,17],[18,78],[-43,27],[-50,-10],[-40,35]],[[11737,13348],[-16,29],[-29,-12],[1,51],[-53,48],[-80,-18],[9,42],[-31,15],[64,59],[-16,36]],[[12210,14137],[55,-111],[43,-87],[18,58]],[[11737,13348],[-32,-6],[-48,-69],[-59,17],[-6,59],[-21,13],[-44,-26],[-11,-70],[-63,0]],[[11453,13266],[-98,32],[0,-20],[-16,22],[49,-90],[-3,-109],[-30,-7],[-21,36],[-36,-11],[-23,19],[-30,-20],[-95,1],[-13,-44],[-16,23],[-37,-10],[-48,54],[-103,-8],[18,64],[-27,4],[-34,-32]],[[10890,13170],[-85,0],[-32,38],[48,54],[3,41],[-37,-8],[-28,24],[26,33],[-2,32],[-25,16],[27,76],[-60,91],[-16,70]],[[10890,13170],[-16,-45],[29,0],[-1,-36],[-55,-110],[16,-159]],[[10863,12820],[-77,-54],[-1,-26],[30,8],[-18,-64],[-59,-3],[-10,-78],[-13,42],[-49,7],[-15,47],[-63,25],[12,22],[-81,-14]],[[10519,12732],[-17,91],[59,13],[0,38],[23,-14],[15,104],[-17,-12],[-94,47],[-175,19],[-3,44],[-34,13],[-61,-108],[-83,8],[-16,31],[-26,-16],[14,-36],[-59,30]],[[10045,12984],[-35,16],[-4,79],[-82,43],[19,37],[-34,11],[-12,70],[-88,-16],[-47,64],[-56,-18],[-39,14],[0,112],[-32,19]],[[9635,13415],[75,41],[40,-7],[-1,92],[20,0],[9,-32],[55,42],[-15,15],[18,0],[3,28],[-48,42],[13,57],[101,-4],[17,24],[-14,22]],[[10045,12984],[-10,-46],[-26,-15],[48,-62],[-59,-17],[-20,-96],[-35,-13],[12,-22],[41,19],[7,-46],[-45,-15],[24,-37],[97,-18],[-56,-118],[11,-26],[-57,-29],[-18,-59],[-33,15],[-33,-41],[-8,18],[-55,-1],[-48,-41],[-56,22],[5,-50],[-33,-9],[0,-39],[-44,-3]],[[9654,12255],[-74,61],[40,-19],[12,32],[-2,60],[-60,22],[18,41],[-41,11],[-60,60],[-26,3],[-13,-31],[-62,27],[-31,-17],[-13,86],[-17,4],[-36,-1],[-10,-106],[-64,1]],[[9215,12489],[18,80],[-41,22],[3,37],[49,20],[16,44],[64,46],[16,112]],[[9340,12850],[1,45],[68,93],[-6,22],[-51,1],[-10,35],[77,126],[-45,2],[-28,71],[25,5],[12,56],[33,-19],[30,26],[21,-22],[-1,24],[29,12],[6,37],[15,-16],[11,33],[-12,44],[-49,-11],[4,39],[72,10],[93,-48]],[[9654,12255],[6,-27],[-24,-11],[42,-36],[-123,-100],[32,-70],[40,-1],[0,-43],[-27,-10],[-6,-44],[80,-3],[31,68],[29,6],[-14,56],[57,12],[10,49],[43,-12],[11,51],[31,-12],[4,-51],[45,-16]],[[9921,12061],[-9,-104],[-38,-70],[24,-12],[-34,-20],[-64,-114],[37,-29]],[[9837,11712],[-23,-23],[-19,16],[-43,-16],[-36,22],[-38,-20],[-6,24],[-16,-49],[28,-21],[-25,-37],[-9,-94]],[[9650,11514],[0,22],[-50,9],[-106,84],[20,27],[-45,45],[-88,12],[-11,-33],[-48,0],[-11,111],[-60,-34],[-34,81],[-44,8],[22,14]],[[9195,11860],[2,17],[-71,51],[4,55],[-35,61],[6,22],[103,16],[-25,72],[32,29],[-29,24],[20,72],[-30,6],[7,26],[-54,15],[1,32],[44,2],[15,59],[-16,8],[4,44],[42,18]],[[10519,12732],[-59,-184],[18,-41],[21,7],[-36,-23],[91,-62],[33,-2],[15,34],[-10,-114],[35,-43],[2,-55],[-89,-7],[-18,-40],[139,2],[2,-76]],[[10663,12128],[-221,-60]],[[10442,12068],[-40,49],[-2,-42],[-20,0],[-12,72],[-20,-26],[-77,-4],[-46,-55],[-69,1],[-43,22],[-15,86],[-33,8],[-33,13],[-39,-53],[-19,45],[-19,-1],[17,-66],[-51,-56]],[[10442,12068],[-45,-20],[4,-48],[43,-3],[5,-21],[31,35],[24,-60],[-28,-23],[45,-82],[-42,-56],[-26,24],[-22,-18],[-82,9],[38,-41],[28,6],[33,-28],[-56,-67],[30,0],[-15,-103],[26,-6],[-22,-24],[10,-44],[98,-34],[12,-38],[57,-22],[-26,-66],[-46,-24],[14,-55]],[[10530,11259],[-20,-81],[-49,-17],[-24,20],[-33,-17],[-17,29],[16,8],[-36,49],[-128,5],[-10,-81],[-53,-62],[-109,0],[-20,20],[-1,60],[-55,33],[-21,73],[24,60],[80,-6],[5,44],[-47,1],[-17,47],[-66,25],[-19,74],[13,38],[-76,109],[-30,22]],[[10995,12083],[83,9],[11,-66],[33,-11],[19,25],[-4,-15],[50,-27],[-16,-41],[13,-21],[83,-23],[-30,-117],[48,-46],[-21,-54],[17,-3],[9,-77],[-26,-78]],[[11264,11538],[-124,12],[-9,-34],[-109,38],[-53,-49],[-86,11],[-14,-96],[30,-88],[-20,-24],[-69,-23],[-95,59],[-26,-22]],[[10689,11322],[-36,24],[-44,-60],[-79,-27]],[[10663,12128],[61,-6],[-5,46],[27,1],[14,-1],[-6,-40],[53,-7],[11,-81],[27,-11],[39,17],[7,40],[104,-3]],[[11249,12887],[-18,-39],[20,-18],[-51,-47],[-14,-56],[-63,7],[43,-105],[-4,-134],[31,-52]],[[11193,12443],[-57,7],[-5,60],[-28,13],[-25,-16],[1,38],[-111,36],[-57,-20],[-26,20],[-4,-29],[15,-35],[40,-3],[-2,-29],[23,2],[11,-102],[25,-15],[-12,-50],[-32,10],[-36,-65],[13,-45],[-19,-17],[41,-24],[-4,-43],[55,-19],[-4,-34]],[[10863,12820],[34,-50],[52,16],[22,-29],[74,11],[39,72],[10,76],[75,-11],[18,20],[24,-21],[38,-17]],[[11453,13266],[10,-75],[31,22],[65,-59],[42,40],[43,-78],[57,-4],[-12,-122],[-51,-21],[12,-63],[-88,-17],[-61,39],[-21,-15],[-39,32],[-100,-5],[-28,26],[-64,-79]],[[11952,13175],[-12,-59],[-46,2],[10,-57],[-12,11],[-32,-80],[5,-37],[30,-19],[64,40],[7,-79],[25,-1],[37,-62],[-50,-81],[7,-23],[31,-4],[17,-46],[-34,-94],[-27,-16],[7,-59]],[[11979,12511],[-45,-17],[-33,-51],[-32,1],[-103,-60],[-36,-87],[-106,-75],[-52,-68],[-76,64],[-33,-12],[-74,52],[-95,-28],[6,39],[-55,8],[26,13],[-21,27],[6,48],[-25,-54],[-53,-11],[15,143]],[[11979,12511],[29,-20],[31,-245],[-82,-56]],[[11957,12190],[-45,-6],[-41,-68],[190,-82],[31,-20],[17,-48],[-31,-52],[-88,91],[-95,-67],[61,-162],[-13,-94],[20,-56],[-53,-19]],[[11910,11607],[-65,-13],[23,111],[-45,64],[-142,-256],[-31,10],[-2,74],[-100,6],[-2,-35],[-23,-9],[-48,13],[-8,38],[-72,32],[-45,-82]],[[11350,11560],[-33,-25],[-53,3]],[[12457,13257],[-9,-53],[156,-122],[49,-18],[90,11],[5,-17],[-86,-33],[29,-75],[28,-45],[48,19],[46,-26]],[[12813,12898],[54,-4],[11,-19],[-136,-45],[-25,-95],[-65,-83],[2,-44],[61,-14],[22,-50],[-97,-135],[-37,-13],[-42,14],[-79,88],[-17,89],[-30,40],[-135,60],[-21,-14],[5,-86],[-33,-116],[-39,-22],[-68,12],[-30,-17],[58,-174],[-16,-32],[-45,31],[-15,-35]],[[12096,12234],[-16,-3],[-33,5],[-36,-66],[-54,20]],[[12960,12953],[-147,-55]],[[12326,13997],[40,108],[87,-12],[3,-48],[61,-20],[22,-2],[2,25],[76,1],[23,-52],[91,30],[16,-30],[30,48],[167,4],[123,-83],[35,-68],[42,-154],[-31,-269],[-74,10],[-12,-95],[-62,-70],[-7,-61],[34,-27],[16,-109],[-8,-42],[-47,6],[-26,-50],[37,-17],[-4,-67]],[[12826,11909],[7,89],[-24,14],[20,25],[-82,40],[-5,-19],[-87,14],[-6,115],[-109,-67],[9,-44],[-51,54],[12,-35],[-124,-11],[-8,85],[-159,-64],[-13,43],[-2,-19],[-108,105]],[[12960,12953],[99,49],[31,-46],[-24,-130],[63,-34],[-48,-44],[56,-34],[-19,-43],[32,-21],[-32,-51],[-29,-128],[31,-12],[41,52],[67,5],[43,-122],[-104,17],[-40,-20],[-21,-100],[45,-50],[-17,-7],[21,-96],[-38,14],[-6,-109],[-48,26],[-44,-19],[-30,19],[-32,-31],[20,-14],[-18,-9],[20,-31],[-71,12],[-25,-64],[-57,-23]],[[12826,11909],[-30,-26],[18,-46],[-56,-2],[-4,-18],[-73,29],[-55,-31],[-1,46],[-26,13],[-48,-20],[-1,-50],[-96,43],[-23,-45],[-30,-4],[12,-54],[26,22],[32,-8],[-20,-115],[69,-61],[-34,-44],[-43,24],[50,-43],[-19,-8],[1,-28],[-48,-3],[6,-33],[-21,-20],[-99,-12],[40,-35],[67,-18],[2,-79],[-46,-47],[18,-42],[-12,-26],[17,18],[6,-26],[-34,-26],[-19,-73],[11,-63]],[[12363,10998],[-118,-13],[-55,-120],[-6,24],[-93,7],[-7,24],[73,101],[-11,24],[-144,-36],[-47,26],[-13,41],[18,47],[159,2],[37,23],[13,64],[-25,21],[-113,-7],[-206,128],[9,20],[87,-4],[-8,47],[-62,49],[74,-9],[-4,50],[18,3],[-42,35],[13,62]],[[12363,10998],[1,-71],[31,-28],[-5,-62],[-65,-82]],[[12325,10755],[-186,50],[-26,-23],[0,-44],[-109,-23],[-53,-54],[-76,29],[-35,-21]],[[11840,10669],[-138,59],[-39,-9],[-17,24],[-12,-19],[-65,2],[-92,25],[-1,29],[-37,-4],[-22,-51],[17,-31],[-42,-34],[-2,-25],[-41,-16],[-4,-48],[-23,6],[-57,37],[16,1],[-3,26],[-40,115],[37,51],[-24,45]],[[11251,10852],[21,33],[63,26],[26,84],[93,-3],[-30,31],[-70,10],[-30,63],[6,68],[38,16],[-31,13],[49,48],[34,103],[-22,44],[-44,20],[-4,152]],[[11251,10852],[-48,23],[17,-41],[-40,2],[-86,48],[-245,-90],[-1,-52],[-109,-58],[12,-95],[-22,-7]],[[10729,10582],[-35,27],[-148,6],[-46,37],[-9,48],[-56,57]],[[10435,10757],[-22,53],[10,49],[46,102],[77,98],[63,21],[178,-42],[45,-5],[25,20],[-2,38],[-27,22],[-149,59],[10,150]],[[11840,10669],[-11,-32],[19,-24],[253,28],[75,-48],[-87,-161],[26,-101],[-95,-16],[-25,-29],[35,-100]],[[12030,10186],[-30,12],[-72,4],[-39,-54],[-116,23],[-21,-30],[-45,36],[8,-37],[-28,-26],[-81,43],[-38,-36],[-31,35],[-77,-3]],[[11460,10153],[-37,79],[-55,14],[-88,-7],[-34,18],[-50,-43],[-65,9],[-8,-22],[-74,-9],[-2,112],[92,11],[116,67],[-33,73],[-133,-64],[8,48],[-28,22],[6,20],[-1,52],[-16,-2],[-7,-51],[-26,21]],[[11025,10501],[-52,99],[-135,-21],[-18,-45],[-44,2],[-47,46]],[[12947,10085],[-84,-22],[5,-40],[19,-3],[-50,-69],[36,-59],[-32,-29],[-13,-73],[-54,-1],[-55,30],[3,-32]],[[12722,9787],[-65,22],[-11,65],[-99,6],[10,-34],[-34,-3],[-20,7],[19,22],[-22,7],[-68,-39],[-34,16],[-43,-23],[-17,-45],[-76,13]],[[12262,9801],[-39,58],[-122,-42],[-82,8],[-37,120],[56,2],[27,40],[101,27],[104,-26],[26,36],[-197,96],[-69,66]],[[12325,10755],[-3,-9],[23,-21],[-5,-41],[142,18],[0,-118],[-38,-3],[-24,-67],[78,-4],[-2,16],[40,26],[-19,-18],[34,-13],[-8,-20],[102,43],[69,3],[-29,-93],[24,4],[32,-33],[-13,-19],[26,-122],[29,-38],[33,-15],[27,14],[49,-44],[-4,-51],[36,7],[23,-72]],[[12722,9787],[33,-56],[-17,-7],[14,-130],[-20,-31],[56,-43],[-9,-26],[-87,-31],[-16,32],[-42,-26],[-15,25],[-60,-8],[-26,29],[7,60],[-18,11],[-59,-10],[-32,24],[-53,-48],[-58,20],[3,-90],[-36,-38],[9,-71],[-30,2],[-27,-33],[-40,7],[-18,-54]],[[12181,9295],[-50,41],[7,-27],[-41,0],[-4,39],[-58,47],[3,54],[-113,34],[21,81],[146,28],[2,25],[-84,81],[5,17],[112,61],[98,-14],[37,39]],[[11692,9025],[-53,-39],[-11,35],[29,15],[-27,9],[-15,52],[-28,3],[-35,66],[-36,8],[-70,-13],[60,-51],[-31,-74],[-76,29],[-38,53],[-54,19]],[[11307,9137],[17,20],[-35,1],[12,59],[34,-8],[20,40],[-60,35],[1,75],[96,95],[23,91],[-44,42],[-73,-7]],[[11298,9580],[-11,31],[103,50],[-11,26],[-29,0],[15,49],[-30,59],[127,4],[6,13],[-55,22],[33,30]],[[11446,9864],[59,-21],[106,35],[-35,-38],[10,-24],[92,39],[21,-37],[-28,-51],[156,-8],[31,-24],[-66,0],[-46,-36],[-69,-78],[-15,-124],[-67,-19],[-22,-29],[3,-22],[69,-43],[106,14],[30,-19],[-25,-41],[20,-47],[-16,-44],[-80,-21],[47,-60],[-36,-79],[35,-22],[-34,-40]],[[12181,9295],[-24,-56],[14,-68],[-66,-136]],[[12105,9035],[-36,9],[1,23],[-38,24],[-50,6],[-16,2],[-1,-29],[-202,-19],[-22,-30]],[[11741,9021],[-49,4]],[[11446,9864],[-5,43],[118,95],[-99,151]],[[11741,9021],[22,-57],[90,-20],[-14,-33],[20,-32],[118,18],[-17,-46],[31,-55],[-71,-58],[28,-19],[71,11],[32,-111],[-39,-110],[35,-8]],[[12047,8501],[-94,-16],[-32,23]],[[11921,8508],[14,80],[-33,43],[-73,1],[-152,-61]],[[11677,8571],[-104,18],[-181,118],[52,75],[-60,134],[-60,-3]],[[11324,8913],[-23,4],[13,62],[64,-12],[-102,122],[7,37],[24,11]],[[12105,9035],[35,-51],[68,23],[63,-35],[26,56],[78,-9],[52,31]],[[12427,9050],[-29,-108],[42,4],[18,-39],[-16,-29],[41,17],[69,-82],[-26,-119],[-55,21],[-90,-73],[18,-95],[-48,-96],[27,7],[53,-33],[10,-49]],[[12441,8376],[-53,-60],[-88,29],[-17,80],[17,68],[-98,37],[-155,-29]],[[13128,9238],[-66,-21],[-335,42],[-69,13],[-29,-50],[-90,5],[32,-41],[-34,-40],[6,-35],[-41,-46],[8,43],[-83,-58]],[[12947,10085],[47,-4],[31,-35],[46,19],[22,-79],[57,-44],[5,-41],[14,15],[65,-22],[-20,42],[20,17],[31,-47],[34,-4],[-29,42],[10,40],[68,55],[-5,-52],[34,30],[36,-27],[-27,-53],[31,-2],[-7,-21],[-26,-3],[-31,-61],[30,-69],[-19,-33],[27,-29],[-34,-7],[-14,18],[-1,-30],[-26,-7],[14,20],[-37,13],[-3,24],[-41,-4],[-12,-107],[-34,-49],[32,-39],[-51,-41],[21,-27],[-7,-29],[26,-23],[19,13],[-20,-61],[33,-37],[-33,-39],[-52,6],[-6,-62],[-58,22],[21,-35]],[[13128,9238],[-20,-88],[48,0],[30,-34],[-25,-67],[-48,-5],[-24,29],[13,36],[-30,-5],[4,-98],[-30,-5],[4,29],[-24,11],[-35,-10],[27,36],[-16,9],[-56,-50],[2,-51],[55,-15],[12,-61],[54,-26],[-24,-85],[148,-72]],[[13193,8716],[7,-29],[-136,24],[-12,-29],[-33,21],[-20,-23],[12,-52],[-41,-39],[53,2],[19,-24],[-17,-7],[6,-94],[17,-15],[-17,-31]],[[13031,8420],[-39,1],[-68,-59],[-13,28],[-149,-39],[-85,3],[-20,19],[-216,3]],[[13031,8420],[-8,-22],[12,21],[4,-30],[-37,-11],[13,-22],[-54,5],[-14,-56]],[[12947,8305],[-13,-8],[48,-101],[-52,-77],[6,-50],[-49,-5],[-10,-57],[-27,-8]],[[12850,7999],[-27,59],[-80,-32],[-129,56],[-10,28],[-42,-22],[-38,22],[-190,22],[-100,-68],[10,28],[-37,-14],[-7,41],[-26,8],[-46,-15],[-44,-81]],[[12084,8031],[-43,127],[-122,2],[-81,25],[0,90],[62,175],[21,58]],[[12850,7999],[31,-85]],[[12881,7914],[4,-47],[57,-22],[-61,-59],[26,-135],[-40,-53]],[[12867,7598],[-101,36],[40,42],[-64,12],[25,38],[-33,12],[0,48],[-83,-23],[-50,61],[-10,-61],[-44,5],[15,-64],[-28,-25],[11,-29],[-29,-17],[12,-22],[-31,-63],[-43,13],[-104,97],[-32,7],[-12,-53],[-30,-6]],[[12276,7606],[-27,29],[-30,-19],[-3,25],[-30,11],[-54,113],[0,49],[-43,-8],[-6,58],[24,30],[-27,27],[-21,21]],[[12059,7942],[25,89]],[[12276,7606],[-7,-44],[-58,-31],[-31,-156],[-25,-1],[-3,-79],[-52,-49]],[[12100,7246],[-21,8],[-95,-52],[-56,5],[-1,43],[-23,-1],[-18,29]],[[11886,7278],[-173,27],[-34,-17],[-11,-47]],[[11668,7241],[-23,113]],[[11645,7354],[-13,98]],[[11632,7452],[96,181],[19,20],[63,2],[30,34],[33,152],[36,73],[34,14],[84,-24],[32,38]],[[12867,7598],[-16,2],[17,-71],[-58,-42],[-20,-66],[16,-147],[61,-23]],[[12867,7251],[-17,-24],[-39,14],[-45,-21],[24,-28],[-30,-43],[4,-58],[55,-94],[-28,-56]],[[12791,6941],[-19,-36],[-32,58],[-31,-6],[0,-24],[-76,6],[-68,126],[-39,-8],[-74,33],[-27,-15],[-4,30],[-61,-7],[-5,33],[-33,3]],[[12322,7134],[-43,4],[-56,42],[-12,-11],[-30,31],[-66,1],[-7,7]],[[12108,7208],[15,19],[-23,19]],[[13722,8013],[-38,20],[-1,31],[-81,19],[-14,-17],[-47,24],[-65,-10],[-29,56],[-3,-75],[-98,-28],[33,41],[-80,30],[-1,52],[102,12],[-147,120],[1,24],[-94,5],[-6,-60],[-70,10],[-3,41],[-57,-18],[-77,15]],[[13193,8716],[71,26],[47,-46],[-23,-37],[26,-40],[122,-11],[26,14],[-25,82],[25,90],[77,-55],[-22,-58],[59,51],[37,-65],[48,28],[25,-21],[60,11],[50,-40],[5,26],[91,23],[35,-36],[-2,-77],[29,14],[-19,17],[45,-8],[13,-31],[57,-27],[98,42],[30,39],[33,-40],[-14,48],[27,-5],[-6,-38],[15,32],[57,-35],[-71,-13],[36,-49],[-35,-43],[2,-55],[-22,-1],[-1,50],[-59,3],[-27,-55],[-77,-26],[-23,-74],[-27,6],[19,-34],[-6,-64],[-34,9],[-24,-79],[-35,3],[-49,-92],[-34,-17],[-42,13],[5,-29],[-64,-29]],[[13722,8013],[24,-44],[-38,-19],[-2,-40],[-21,-3],[57,-56],[5,-107],[45,-28],[-17,-65],[-26,-20]],[[13749,7631],[-79,-4],[-53,46],[-22,-31],[-51,-6],[-29,20],[0,58],[-78,34],[-80,1],[-33,-57],[-42,0],[6,32],[-56,9],[-17,43],[-26,1],[-3,125],[39,39],[-12,17],[-17,19],[-8,-20],[-122,18],[-34,-67],[-151,6]],[[13749,7631],[-12,-24],[8,-29],[29,-10],[-8,-30],[-151,32],[27,-33],[61,-5],[3,-74],[27,-39],[-66,-62],[14,-116],[41,45],[26,-15],[21,28],[70,-14],[-6,-71],[-27,-19],[95,-73],[-11,-22],[-44,-6],[19,-38],[-12,-38]],[[13853,7018],[-80,-40],[-57,32],[-58,-2]],[[13658,7008],[10,95],[74,-1],[0,30],[-139,29],[-44,-29],[-48,-1],[-3,64],[-46,41],[-28,-14],[-39,-87],[-54,52],[32,57],[-57,14],[-40,-48],[-23,55],[-33,6],[-47,-31],[-34,4],[-7,-38],[-85,77],[-2,18],[-31,-29],[-22,10],[-19,-74],[-38,-22],[-43,23],[-25,42]],[[13658,7008],[-23,23],[-28,-6],[1,-33],[-33,7],[-22,-23],[-32,10],[-10,47],[-33,6],[-35,-40],[-10,-55],[-6,51],[-54,11],[-47,-36],[-33,11],[-27,-85],[59,-33],[-32,-45]],[[13293,6818],[-4,0],[-57,38],[-15,-18],[6,-47],[-24,-44],[44,-56],[-85,-113]],[[13158,6578],[-2,53],[-27,-4]],[[13129,6627],[-14,35],[-117,-18],[-5,26],[-41,18],[-46,-9],[-19,41],[16,1],[-3,35],[23,1],[-3,35],[-18,7],[3,38],[-33,5],[2,40],[-18,0],[-60,0]],[[12796,6882],[-5,59]],[[13853,7018],[43,-26],[11,-68],[54,-1],[24,-36],[83,40],[101,-175],[-26,-129],[-34,-47],[21,-6],[-8,-58],[-38,8],[-29,-36],[-34,5],[-1,-47],[-51,-11],[6,-46],[-29,4],[-35,-64],[46,-39],[-22,-72],[52,-87]],[[13987,6127],[-50,0],[-24,-70],[-34,-24],[-45,34],[-40,-33]],[[13794,6034],[26,65],[-30,135],[19,55],[-62,21],[1,60],[-84,-85],[-14,51],[-47,-20],[-10,55],[-45,2],[3,51],[-23,1],[-37,-41],[-28,38],[-28,-1],[73,209],[-58,59],[62,57],[-62,20],[-19,28],[-54,-8],[-84,32]],[[13794,6034],[-32,-33],[-92,25],[-11,-25],[-60,-15]],[[13599,5986],[3,41],[-80,3],[-26,-24],[-52,36],[-50,-34],[-68,37],[-35,-31],[10,39],[-17,41],[-62,-20],[-46,5],[-41,34],[-74,-16],[-6,21],[-56,12]],[[12999,6130],[59,161],[73,85],[14,173],[13,29]],[[13129,6627],[-22,-75],[-208,-121],[43,-33],[-120,-5],[-12,-46],[-25,9],[-28,80],[-47,-7],[-11,-67],[-96,48],[-35,-18],[-19,-68],[-95,22]],[[12454,6346],[-6,28],[29,0],[12,29],[-11,43],[-48,35]],[[12430,6481],[-8,79],[66,-25],[27,14],[-1,-18],[30,-11],[5,66],[71,-30],[37,89],[16,-3],[27,47],[36,114],[16,-7],[-2,20],[42,17],[4,49]],[[12430,6481],[-77,-59],[-63,35],[11,37],[-33,13],[-45,-112],[-25,58],[-68,8],[12,44],[48,41],[-1,76],[32,89],[-17,8],[8,35],[37,6],[-4,54],[69,83],[-13,113],[-24,-16],[45,140]],[[12454,6346],[-19,-16],[-43,27],[-30,-29],[-77,-13],[-26,-45],[-24,17],[-15,-82]],[[12220,6205],[-104,11],[-20,-38],[-48,5],[-11,41]],[[12037,6224],[18,73],[-54,28],[11,57],[-29,-1],[-5,46],[-16,1],[-6,15],[-30,-30],[-33,-62],[-83,-13],[0,-43],[-21,66],[-35,-35]],[[11754,6326],[-32,68],[-31,46],[-45,-4]],[[11646,6436],[14,77]],[[11660,6513],[93,3],[26,22],[4,37],[29,1],[-5,40],[32,-2],[18,97],[-19,21],[5,136],[43,-11],[84,79]],[[11970,6936],[151,10],[-5,92],[-39,40],[-25,-7],[-7,31],[33,54],[-19,34],[49,18]],[[11886,7278],[-2,-33],[21,-9],[-16,-68],[-78,27],[-46,-55],[-113,31]],[[11652,7171],[16,70]],[[11970,6936],[-61,134],[-47,-3],[-15,-20],[-14,19],[-5,24],[-4,-33],[-42,-14],[15,-63],[-44,4],[-3,-33],[-27,-11],[-40,23],[-37,-14]],[[11646,6949],[-29,155],[35,67]],[[11564,6692],[-17,13],[-41,-1]],[[11506,6704],[-9,7]],[[11497,6711],[-18,112],[65,46]],[[11544,6869],[21,7]],[[11565,6876],[41,-10],[14,-14],[-18,-44],[31,-22],[-19,-19],[-6,-82],[-44,7]],[[11660,6513],[-68,-41],[-38,6],[39,52],[-9,106],[-27,14],[7,42]],[[11565,6876],[56,29],[25,44]],[[11646,6436],[-96,-25],[0,-110]],[[11550,6301],[-30,12],[-4,32],[-91,10],[-49,-26]],[[11376,6329],[-58,55],[-14,53],[98,88],[12,125],[79,29],[13,25]],[[11550,6301],[-6,-62],[-106,3]],[[11438,6242],[-11,46],[-51,41]],[[11754,6326],[-9,-27],[-44,-17],[59,-129],[-4,-90],[37,-14],[-13,-41],[20,-11],[-4,-82],[-37,-25]],[[11759,5890],[-25,76],[-27,2]],[[11707,5968],[-12,35],[53,54],[-67,-6],[24,61],[-26,24],[-116,6],[-5,-37],[-133,22]],[[11425,6127],[4,73]],[[11429,6200],[9,42]],[[11759,5890],[24,-43],[25,1],[-14,-22]],[[11794,5826],[-71,-3],[-13,-39],[-93,12]],[[11617,5796],[5,136]],[[11622,5932],[85,36]],[[11622,5932],[-41,19],[-36,-26],[-42,33],[-60,-2]],[[11443,5956],[-15,132]],[[11428,6088],[-3,39]],[[11617,5796],[-7,-22]],[[11610,5774],[-48,9],[-24,33],[-139,17]],[[11399,5833],[44,123]],[[11610,5774],[-12,-85],[-20,-16]],[[11578,5673],[-13,10],[-129,11]],[[11436,5694],[-39,121]],[[11397,5815],[2,18]],[[11884,5800],[-27,-80],[-43,-14]],[[11814,5706],[-59,-18],[-140,-124],[-33,-2]],[[11582,5562],[-4,111]],[[11794,5826],[72,-2],[18,-24]],[[12044,5679],[42,-40],[82,-18],[60,-4],[35,34],[59,-14]],[[12322,5637],[11,-7],[-30,0],[-11,-53],[-25,11],[5,-19],[-17,0],[24,-53],[-13,-44],[-21,-33],[-15,6],[5,-31],[-74,-54],[1,-65],[-59,6],[-6,35],[-66,-21],[-40,25],[-12,36],[-23,0],[-16,47],[-32,-17],[-8,-38],[-87,7],[-19,46],[-16,-22]],[[11778,5399],[-5,42],[34,17],[-4,61],[-27,18],[39,160],[-1,9]],[[11884,5800],[35,8],[16,-1],[30,-101],[79,-27]],[[11778,5399],[100,-105],[-68,-244]],[[11810,5050],[-78,64]],[[11732,5114],[-35,51],[-85,170]],[[11612,5335],[35,8],[0,1]],[[11647,5344],[2,5],[1,3]],[[11650,5352],[5,87],[-16,7],[44,2],[8,37],[16,-44],[7,-32],[64,-10]],[[11650,5352],[-58,146]],[[11592,5498],[-18,23],[8,41]],[[12037,6224],[-10,-1],[-31,22],[-36,-39],[-55,12],[-46,-70],[62,-30],[2,-45],[61,-19],[33,-54],[41,18],[-7,49],[47,-15],[-33,-100],[21,-69],[3,16],[8,-20],[41,10],[11,34],[23,5],[-2,48]],[[12170,5976],[141,13],[34,-23]],[[12345,5966],[-32,-44],[34,-7],[-2,-23],[-48,4],[-14,-89],[-16,-11],[-48,36],[-33,-90],[-7,20],[-92,5],[-43,-88]],[[12220,6205],[5,-96],[-67,-49],[27,-28],[-15,-56]],[[12999,6130],[-16,-37],[41,-26],[-19,-97],[10,-123],[43,-19],[5,-36]],[[13063,5792],[-11,28],[-10,-23],[-34,-5],[-33,19],[-49,-47],[-12,27],[15,58],[-22,-7],[-18,22],[-20,-17],[-38,48],[-37,-10],[-25,-42],[7,28],[-28,-12],[-24,19],[28,47],[-4,60],[-34,19],[-9,-20],[-80,-4],[10,25],[-50,3],[-6,42],[-42,2],[-23,37],[-40,-10],[-4,30],[-26,4],[-23,12],[-22,-20],[0,-78],[-28,-2],[13,-42],[-39,-17]],[[13063,5792],[-19,-59],[41,-13],[52,-57],[34,11],[12,-27],[33,4],[25,-53],[45,4],[-5,-18],[39,-27],[8,-108],[36,-55]],[[13364,5394],[-29,-49],[-67,8],[27,36],[-48,2],[-38,-30],[-36,50],[-35,-3],[-15,40],[-20,-62],[-45,25],[-25,-10],[6,-39],[-22,-46],[-28,5],[-50,-160],[-66,79],[8,73],[-35,-13],[-18,34],[31,39],[-16,59],[31,15],[-21,46],[10,32],[-40,2],[-44,58],[38,44],[-12,32],[-54,25],[-11,-29],[-27,-6],[-43,14],[-4,33],[-36,1],[-77,-14],[-94,-70]],[[12459,5615],[-39,-14],[-25,38],[-51,20],[-15,5],[-7,-27]],[[13364,5394],[55,27],[-5,-75],[37,11],[22,-30],[-48,-4],[44,-13],[-38,-67],[53,21],[16,-69],[-7,-41],[-44,18],[8,-64],[168,-57]],[[13625,5051],[-78,-70],[-35,16],[-57,-13],[-52,46],[-41,-6],[-14,-34],[21,-55],[-101,26],[-19,38],[-102,-85],[18,-30],[-59,-116],[6,-57],[33,-15],[10,-51],[57,-15],[1,-24],[-25,-10],[27,-26],[2,-57]],[[13217,4513],[-24,-12],[14,41],[-55,17],[-41,41],[-13,61],[-120,50],[-5,59],[24,35],[-18,42],[-72,26],[-13,41],[-87,92],[-75,15],[34,59]],[[12766,5080],[2,37],[-30,13],[7,41],[-37,16],[-64,86],[2,54],[-32,21],[19,70],[-14,26],[-52,4],[-13,53],[-85,22],[15,71],[-25,21]],[[14040,3857],[-50,-21],[-40,51],[-25,-99],[-40,-2],[-36,75],[-44,34],[-51,-15],[-67,70],[-96,-109],[-58,-12],[-7,96],[-48,13],[-7,57],[32,108],[-43,22]],[[13460,4125],[-34,75],[54,116],[27,38],[-8,19]],[[13499,4373],[4,29],[-56,14],[-106,-32],[-59,16],[-11,29],[25,56],[-41,-40],[-15,33],[29,27],[-39,28],[-13,-20]],[[13625,5051],[1,-1]],[[13626,5050],[18,-24],[56,-10],[97,-128],[73,-49],[11,-77],[40,-63],[-13,-103],[78,-51],[5,-51],[-30,-91],[21,-46],[-47,-66],[-36,-9],[-7,-76],[32,-3],[-53,-123],[161,-102],[46,4],[-38,-125]],[[14062,5328],[-83,28],[-16,-44],[-42,57]],[[13921,5369],[15,167],[-43,-7],[-23,-39],[-18,29],[-55,-61],[-23,28],[-75,-43],[-32,21],[-87,-33],[-18,32],[-13,37],[25,134],[30,13],[11,-32],[46,41],[-22,54],[-48,-40],[3,55],[-35,-6],[54,73],[-29,82],[15,112]],[[13987,6127],[1,-1],[122,-68],[33,-61],[-3,-36],[-32,4],[-34,-41],[-25,-88],[-63,-47],[29,-113],[117,-68],[-93,-117],[23,-163]],[[13921,5369],[-72,-42],[-57,-87],[-36,-10],[-15,-94],[-115,-86]],[[14062,5328],[76,-42],[55,-254],[29,-73],[70,-70],[-34,-120],[53,-74],[-128,-102],[101,-104],[-52,-68],[31,-49],[-21,-188],[20,-20],[52,5],[107,-133],[-14,-14],[-97,14],[-22,-50],[114,-92],[-29,-73],[91,22],[18,-131],[152,-177],[-12,-73]],[[14622,3462],[-54,34],[-6,40],[30,10],[-34,42],[-26,-2],[-13,24],[-39,-8],[-14,36],[-54,1],[-19,-72],[-181,-2],[-42,59],[-41,145],[-75,39],[-14,49]],[[14622,3462],[-24,-82],[35,-92],[25,-2],[63,61],[33,-34],[-21,-41],[-211,-150],[-39,-72],[28,-208],[137,-210],[21,-150],[-48,-253],[-187,-44],[-25,-69],[-7,-93],[91,-93],[19,-104],[-7,-87],[-59,-134],[-11,-95],[54,-95],[126,-135],[113,-202],[235,-258],[11,-67],[-59,-102],[-18,-123],[27,7],[-3,-26],[-1196,-268],[-1059,90]],[[12666,331],[187,427],[-109,335],[38,194],[59,163],[-7,240],[18,137],[99,327]],[[12951,2154],[12,46],[-87,85],[37,34],[34,-10],[-3,100],[29,60],[83,118],[82,63],[-18,70],[-43,41],[91,173],[-148,73],[79,62],[94,184],[76,5],[42,85],[65,40],[-16,32],[-87,51],[-11,52],[-99,24],[19,149],[48,69],[35,3],[17,41],[89,46],[9,83],[54,36],[-5,63],[31,93]],[[12951,2154],[-121,8],[-114,36],[-83,-6],[-43,51],[-55,7],[7,150],[115,182],[29,97],[-57,302],[38,212]],[[12667,3193],[27,135],[102,89],[36,87],[-17,18],[-154,18],[-37,37],[-4,39],[173,289],[-21,142],[40,36],[133,42],[-110,-10],[-31,20]],[[12804,4135],[65,37],[-39,98],[64,3],[-24,32],[37,40],[51,-33],[354,-3],[137,69],[50,-5]],[[12666,331],[-477,-113],[-42,38],[-21,-18],[-363,76]],[[11763,314],[190,404],[-4,103],[-112,319],[28,87],[176,241],[-42,115],[-11,108],[-63,151],[7,60],[39,27],[25,55]],[[11996,1984],[72,94],[9,58],[-18,58],[-64,82],[-6,50],[144,187],[-60,32],[-40,51],[-143,38],[-8,67],[26,82],[71,-9],[87,36],[-46,65],[4,67],[-31,20],[27,48],[-31,54]],[[11989,3064],[24,42],[79,-11],[14,-108],[31,-38],[33,-4],[-11,223],[78,27],[54,79],[-54,128],[13,20]],[[12250,3422],[121,4],[65,85],[15,70]],[[12451,3581],[38,19],[54,-31],[19,-57],[54,-47],[-4,-46],[55,-226]],[[11763,314],[-450,-20]],[[11313,294],[-88,45],[74,122],[0,173],[-79,118],[-212,60],[-28,89],[42,142]],[[11022,1043],[8,261],[-104,162],[0,58],[218,115],[27,41],[2,56],[35,29],[163,-25],[71,198],[-13,93],[-30,46],[-56,-88],[-64,4],[-9,-45],[-35,-15],[-34,-63],[-54,12],[29,77],[-23,48],[54,34],[-1,118],[36,28],[-81,54],[3,56]],[[11164,2297],[35,72],[-42,67]],[[11157,2436],[-12,25],[16,39],[74,-18],[25,-31],[43,7],[68,-27],[92,73],[-1,-73],[145,69],[28,-13],[24,-62],[-50,-72],[-89,-36],[50,-91],[-13,-94],[39,-66],[-78,-73],[1,-89],[48,-58],[26,-1],[41,43],[16,63],[50,-16],[35,30],[43,-1],[36,83],[121,-2],[29,-21],[-12,-20],[44,-20]],[[11022,1043],[-99,1],[44,171],[-54,-17],[-230,73],[-10,108],[-23,133],[-60,9],[-13,153],[-119,267],[66,142],[1,49],[-100,154],[-111,100],[-57,22]],[[10257,2408],[130,160]],[[10387,2568],[105,106]],[[10492,2674],[223,-140],[19,-57],[39,-17],[53,-29],[45,-85],[-23,-167],[44,-57],[14,25],[87,-8],[42,65],[5,61],[-32,14],[-42,91],[33,48],[74,-19],[50,-91],[41,-11]],[[11313,294],[-473,-294],[-754,121],[-312,24],[-183,395],[-29,-4],[-192,472],[13,81],[130,235],[71,92],[36,9],[180,229]],[[9800,1654],[109,119],[210,323]],[[10119,2096],[-8,88],[146,224]],[[11131,3356],[-38,-110],[3,-80],[-26,-13],[18,-58],[-36,-69],[43,-28],[-7,-94],[21,29],[24,-2],[-20,-53],[51,31],[0,-26],[22,-5],[-13,-6],[74,-24],[-2,-59],[-19,-12],[39,-28],[-28,-38]],[[11237,2711],[-28,-89],[-28,-12],[-43,-72],[-4,-21],[23,-6],[-22,-54],[22,-21]],[[10492,2674],[105,127]],[[10597,2801],[89,116],[51,108],[3,96],[-63,158]],[[10677,3279],[57,60],[95,53],[51,-52],[45,44]],[[10925,3384],[75,-9],[131,-19]],[[11237,2711],[20,-8],[40,48],[23,-39],[90,5],[60,-21],[1,153],[49,-1],[-9,67],[47,26],[-18,17],[-49,-20],[-2,24],[38,9],[2,43],[45,15],[51,125],[-37,-21],[10,35],[-26,24],[4,26],[22,43],[115,0],[6,27]],[[11719,3288],[46,6],[17,-26],[63,-4],[12,32],[29,-20],[-10,-13],[33,-93],[-70,-19],[1,-34],[157,15],[-8,-68]],[[11470,3469],[40,4],[21,-30],[36,49],[29,-27],[56,-1]],[[11652,3464],[18,-42],[-38,-126],[87,-8]],[[11131,3356],[6,15],[5,-20],[15,17],[35,-17],[44,70],[-25,18],[13,45],[-31,30],[0,61],[-36,11],[-6,31],[33,-16],[79,23],[64,-3],[20,-37],[38,15],[18,-34],[-17,-55],[15,-27],[69,-14]],[[11652,3464],[21,43],[25,6],[-22,23],[4,46],[36,88]],[[11716,3670],[27,-21],[63,2],[30,-29],[-8,-27],[82,-47],[3,47],[90,-82],[35,7],[25,82],[58,-23],[88,13],[23,-31],[18,-139]],[[12137,4502],[34,-8],[-20,-82],[28,-109],[45,-22],[39,32],[214,-90],[-106,-70],[12,-43],[-47,12],[-47,-87],[-21,3],[25,-81],[-71,-56],[2,-31],[27,-17],[-97,-5],[166,-88],[39,-53],[6,-69],[86,-57]],[[11716,3670],[71,74],[-10,29],[26,46],[-16,73]],[[11787,3892],[18,45],[50,-23],[25,21],[56,-29],[3,42],[-23,28],[10,32],[101,41],[16,42],[2,88],[-52,26],[-3,-46],[-41,4],[-18,122],[-45,25],[28,32],[-23,45],[37,22],[-72,36],[11,97],[16,8],[-24,11],[14,40],[2,3]],[[11875,4604],[50,-3],[7,25],[7,-26],[-11,-44],[71,-28],[19,19],[50,-7],[43,34],[-2,-52],[28,-20]],[[12137,4502],[25,40],[30,-12],[10,46],[-19,30],[25,31],[26,-1]],[[12234,4636],[0,-17],[-4,-57],[68,14],[26,-24],[-32,-28],[57,-33],[-9,-30],[141,21],[-50,-30],[2,-38],[-66,-31],[-12,-75],[269,-65],[27,-32],[59,16],[55,-13],[39,-79]],[[12234,4636],[35,20],[-62,40],[3,50],[-61,-12],[11,24],[-39,-8],[16,77],[-27,-48],[-101,86],[-7,-25],[-51,213],[-24,12]],[[11927,5065],[66,44],[111,-44],[41,20],[65,-5],[17,32],[13,-19],[-22,-127],[73,-28],[42,8],[16,31],[147,6],[-51,-73],[14,-10],[78,78],[69,25],[10,38],[50,-16],[25,8],[5,51],[70,-4]],[[11787,3892],[-35,38],[6,34],[-28,-3],[-7,52],[-50,31],[-17,38],[22,14],[-3,36],[-45,-5],[-56,44]],[[11574,4171],[3,42],[-28,19],[19,34],[-46,43],[5,21]],[[11527,4330],[35,23],[21,-30],[32,35],[22,-21],[9,45],[62,53],[-18,17],[17,37],[33,-9],[44,28],[23,47],[-7,50],[75,-1]],[[11470,3469],[-5,44],[32,64],[-39,30],[-1,44],[-47,-17],[13,19],[-21,16],[-38,-17],[-8,97],[-33,-14],[-25,20],[-10,-22],[-41,12],[15,32],[-19,6],[3,33],[60,17],[-33,59],[22,97],[-32,27],[-5,163]],[[11258,4179],[20,18],[55,-27],[-24,60],[23,-8],[82,-38],[118,11],[8,-20],[34,-4]],[[10925,3384],[4,51],[-44,24],[27,61],[1,69],[23,21],[23,-14],[14,91],[65,19],[-34,118]],[[11004,3824],[26,-10],[30,54],[-37,-11],[-2,17],[55,10],[-56,28],[22,88],[-19,18],[-5,134],[-29,20]],[[10989,4172],[19,43],[46,-26],[34,40]],[[11088,4229],[8,-32],[2,-26],[160,8]],[[10677,3279],[-5,11],[-60,143],[-87,64],[-234,61],[-82,-11]],[[10209,3547],[-86,3],[-43,34]],[[10080,3584],[100,151],[-6,75]],[[10174,3810],[168,-12],[-5,110],[34,3],[17,89],[23,-22],[102,5],[57,-38],[72,1],[66,-44],[93,1],[33,-25],[100,-12],[70,-42]],[[10174,3810],[6,93],[64,160]],[[10244,4063],[2,202],[-26,109]],[[10220,4374],[147,-1],[75,-26],[35,15],[19,-25],[20,22],[68,-33],[18,12],[26,-46],[42,-6],[34,-46],[40,-15],[29,24],[45,-53],[39,14],[20,-33],[53,-14],[16,45],[43,-36]],[[10220,4374],[65,89],[108,73]],[[10393,4536],[20,-12],[-12,-34],[32,-8],[-11,-78],[36,-12],[34,26],[-4,47],[36,-23],[7,15],[34,-7],[7,90],[75,-39],[-55,105],[74,-21],[4,49],[86,16],[37,-54],[5,133],[-26,69],[15,16],[26,-28],[3,40]],[[10816,4826],[71,4],[10,-34],[56,15],[35,-26],[-6,-56],[35,-26],[-6,-60],[-19,12],[-7,-31],[2,-43],[48,-16],[10,-36],[-4,-58],[-22,14],[-21,-27],[25,-64],[100,-55],[-58,50],[3,30],[24,2],[9,-23],[52,-3],[29,-55],[-94,-111]],[[11034,4936],[9,-34],[-27,-30],[41,21],[20,-8],[-2,-34],[33,28],[-12,-71],[25,-43],[28,4]],[[11149,4769],[-10,-69],[20,-31],[29,6],[7,43],[83,-45],[4,58],[42,-47],[19,5]],[[11343,4689],[20,-9],[-9,-100],[18,-40],[34,100],[36,-67],[25,30],[32,-4],[-3,-56],[-27,-30],[28,-6],[17,-64]],[[11514,4443],[17,-15],[-21,-91],[17,-7]],[[10816,4826],[44,97]],[[10860,4923],[-1,-30],[48,17],[28,65],[32,-49],[54,-9],[13,19]],[[11514,4443],[-6,27],[46,46],[64,22],[59,56],[44,-18],[42,57],[-20,85],[-22,5],[30,101],[65,-7],[18,-67],[68,4],[25,-24],[46,16],[-34,26],[-27,89],[5,61],[2,106],[-21,14]],[[11898,5042],[29,23]],[[11898,5042],[-88,8]],[[11732,5114],[-46,-85],[54,-106],[-81,-1]],[[11659,4922],[-16,23],[10,45],[-30,40],[-154,36]],[[11469,5066],[9,43]],[[11478,5109],[9,68],[19,-8],[31,33]],[[11537,5202],[20,55],[42,37]],[[11599,5294],[13,41]],[[11659,4922],[-10,-18],[-18,12],[-19,-84],[-25,49],[-26,-66]],[[11561,4815],[-20,9],[-23,90],[-44,49],[-76,37],[-23,39]],[[11375,5039],[79,1],[15,26]],[[11343,4689],[-4,20],[40,5],[-12,66]],[[11367,4780],[38,-6],[64,45],[43,-24],[49,20]],[[11367,4780],[-29,6],[-19,186],[-40,40]],[[11279,5012],[13,70]],[[11292,5082],[83,-43]],[[11149,4769],[37,28],[57,170],[26,2],[10,43]],[[11227,5092],[65,-10]],[[11034,4936],[84,55],[43,58],[-16,69]],[[11145,5118],[82,-26]],[[11111,5138],[34,-20]],[[10860,4923],[9,16],[-99,30],[-36,-12],[-11,133],[-5,12]],[[10718,5102],[168,56]],[[10886,5158],[61,-30],[-20,-50],[15,-10],[32,65],[31,-4],[38,41],[1,-35],[51,-23],[16,26]],[[10393,4536],[50,45],[7,59],[-85,129]],[[10365,4769],[-25,69],[26,67],[201,45],[118,123]],[[10685,5073],[33,29]],[[11033,5324],[18,-44],[31,-3],[29,-139]],[[10886,5158],[13,44],[-36,59],[4,57]],[[10867,5318],[68,34],[81,-23],[17,-5]],[[11033,5324],[170,-35],[55,13]],[[11258,5302],[11,-36],[-57,-42],[42,-13],[-15,-77]],[[11239,5134],[-12,-42]],[[11412,5305],[-8,-22],[27,-19],[-8,-26],[-22,0],[-12,-79]],[[11389,5159],[-62,-1],[0,-72],[-88,48]],[[11258,5302],[59,88]],[[11317,5390],[0,-32],[45,3],[-14,-42],[25,-5],[3,17],[36,-26]],[[11389,5159],[-1,-36],[51,2],[-11,32],[31,4],[-2,-38],[21,-14]],[[11412,5305],[31,-10],[10,19]],[[11453,5314],[5,-7],[-2,-19],[28,0],[18,-67],[25,2],[10,-21]],[[11488,5393],[-16,-31]],[[11472,5362],[-19,-48]],[[11317,5390],[40,53]],[[11357,5443],[41,-20],[-9,-20],[37,25],[19,-6],[-9,-27],[52,-2]],[[11472,5362],[127,-68]],[[11488,5393],[7,64]],[[11495,5457],[69,-30],[15,-37],[50,-9],[18,-37]],[[11357,5443],[10,34]],[[11367,5477],[94,-16],[5,17]],[[11466,5478],[28,-16],[1,-5]],[[11367,5477],[58,122],[30,-15]],[[11455,5584],[31,-20]],[[11486,5564],[-20,-86]],[[11486,5564],[106,-66]],[[11455,5584],[2,28],[0,9]],[[11457,5621],[-21,73]],[[11457,5621],[-124,-18]],[[11333,5603],[-37,17],[31,51],[-72,35],[60,0],[36,129]],[[11351,5835],[24,-25],[22,5]],[[11317,5390],[-55,62],[-25,-5]],[[11237,5447],[19,59],[-20,37]],[[11236,5543],[19,25],[57,-5],[21,40]],[[11258,5302],[-1,25],[-81,33],[4,85]],[[11180,5445],[46,-12],[11,14]],[[11180,5445],[-89,-16],[-2,51],[-30,16]],[[11059,5496],[40,110],[25,15],[93,-14],[-15,-48],[34,-16]],[[10867,5318],[-16,38],[27,9],[-9,27],[21,-3],[13,28],[-27,10],[12,45]],[[10888,5472],[42,37],[-10,47]],[[10920,5556],[29,-8],[54,-21],[13,-46],[36,-5],[7,20]],[[10685,5073],[-32,10],[-13,42],[-32,-3]],[[10608,5122],[-29,60],[69,87],[-34,38],[-90,16],[-10,28],[22,37],[-16,44],[49,3],[-6,40],[26,3],[21,89]],[[10610,5567],[37,32],[10,-16],[32,11],[33,-34],[-12,-17],[25,-41],[-19,-50],[25,-7],[-5,-25],[110,16],[17,34],[25,2]],[[10608,5122],[-57,-23],[-23,89],[-53,45],[-67,-68],[-51,6]],[[10357,5171],[-43,-8],[-21,73],[-27,-18],[-19,22],[-78,-20],[-41,44],[-25,-14],[-64,143],[28,39],[-16,34],[-33,4],[-11,24],[-42,-14],[10,12]],[[9975,5492],[73,24],[32,51]],[[10080,5567],[30,21],[55,-48],[44,25],[11,-43],[32,-3],[27,40],[115,12],[46,46],[10,-51],[14,27],[31,1],[12,79],[92,-80],[11,-26]],[[10365,4769],[-45,-10],[-15,23],[-37,2],[12,56],[-17,12],[-86,-19],[-50,21],[38,57],[-29,36]],[[10136,4947],[11,28],[72,33],[69,-28],[58,62],[-18,54],[33,36],[-4,39]],[[10136,4947],[-75,13],[-41,1],[-16,-33],[-63,-12],[-11,27],[-54,13],[-25,-32],[-28,36]],[[9823,4960],[29,44],[-36,18],[-8,39],[37,43],[34,-27],[4,68],[-89,33],[-101,-13]],[[9693,5165],[79,107],[-16,80],[44,47],[3,66],[-44,59],[-74,10],[11,39],[-59,28],[22,28]],[[9659,5629],[34,-25],[2,62],[42,-8],[47,42],[42,-2],[73,-6],[15,-54],[-23,-35],[54,-2],[-15,-62],[45,-47]],[[10244,4063],[-80,58],[-27,-38],[-38,30],[-7,46],[-87,19],[-2,85],[64,47],[-66,78],[-23,137],[-56,13]],[[9922,4538],[-17,101],[15,95],[-85,39],[2,38],[-42,49],[28,100]],[[10080,3584],[-40,30],[-101,19],[-74,54],[-26,65],[-59,56],[-148,76]],[[9632,3884],[-26,36],[-26,150],[26,203],[-9,99],[-57,144]],[[9540,4516],[83,-6],[103,83],[25,-31],[14,-40],[37,-13],[120,29]],[[9540,4516],[-35,112],[-97,53]],[[9408,4681],[-130,49],[-18,25],[1,51],[86,79],[8,36]],[[9355,4921],[28,-3],[4,23],[74,-38],[3,25],[115,-2],[28,31],[41,-3],[-27,33],[16,119],[56,59]],[[9355,4921],[-61,79],[3,45],[-27,6],[27,39]],[[9297,5090],[23,27],[-13,50],[-108,33],[-10,38],[-85,87],[26,125],[30,21],[-17,44]],[[9143,5515],[55,62],[65,-23],[57,27],[42,35],[10,69],[84,-12],[-1,37],[71,-22],[4,20]],[[9530,5708],[20,-13],[40,6],[64,-44],[5,-28]],[[9749,6434],[53,-178],[-44,-64],[35,-77],[-10,-64],[57,-40],[14,-46],[71,21],[101,-52],[-3,42],[33,50],[31,-3],[-6,68],[21,7],[3,-50],[33,-33],[-32,-52]],[[10106,5963],[-1,-77],[-26,-23],[14,-123],[-24,-110],[14,-33],[-17,-18],[14,-12]],[[9530,5708],[-40,79],[-2,104],[-31,83],[19,2]],[[9476,5976],[19,46],[41,2],[46,207],[2,157],[54,19],[16,-16],[38,45],[40,-7],[17,5]],[[10598,5963],[-20,-48],[21,-108],[21,-9],[10,24],[-24,22],[24,45],[63,-17],[4,-21],[21,31],[102,-1],[8,15]],[[10828,5896],[0,-38],[46,-11],[2,14],[49,-38],[-35,-82],[21,-50],[26,-5],[-4,-44],[20,13],[29,-26],[-7,-29],[-45,-4],[-10,-40]],[[10106,5963],[163,36],[17,39],[-28,18],[52,15],[1,-35],[48,-21],[3,-53],[43,-1],[15,-36],[1,20],[33,8],[25,-42],[7,57],[28,13],[33,-35],[36,3],[3,33],[12,-19]],[[11253,5880],[98,-45]],[[10828,5896],[30,-1],[23,30],[21,0],[-7,-15],[35,-29],[50,5],[6,-36],[72,-22],[18,-1],[4,36],[117,-18],[9,24],[47,11]],[[11253,5880],[-3,177]],[[11250,6057],[85,52],[73,-2],[20,-19]],[[11250,6057],[-123,16],[-55,40]],[[11072,6113],[29,74],[67,37],[-6,28]],[[11162,6252],[74,4],[24,30],[89,-74],[80,-12]],[[11162,6252],[14,73],[-57,71],[37,53],[19,92],[125,3],[45,22],[-25,55],[18,86]],[[11338,6707],[16,72],[53,30],[-4,-25],[10,-59],[84,-14]],[[11232,6908],[48,-13]],[[11280,6895],[-9,-30],[29,-18],[-3,-35],[-62,14],[-14,-36],[-59,-43],[0,-42],[34,-1],[19,25],[123,-22]],[[11072,6113],[-22,4],[-3,27],[-76,8],[-6,33],[-74,23],[-29,124],[-36,23],[2,31],[-24,-3],[-20,18],[-7,-40]],[[10777,6361],[-18,20]],[[10759,6381],[-4,60],[22,20],[3,-21],[15,6],[14,78],[31,6],[-19,53],[22,122],[-53,18],[-89,-20],[7,28],[-67,45],[13,41],[49,5],[-19,48],[94,-3],[18,39]],[[10796,6906],[37,-32],[161,28],[52,-16],[19,28],[47,-32],[29,32],[87,-4],[4,-2]],[[11280,6895],[37,27],[76,-36],[82,80],[34,9],[20,-35],[-15,-32],[30,-23],[0,-16]],[[11232,6908],[6,77],[51,84],[32,7],[25,93],[-24,7],[-17,-24],[4,61],[-52,8],[29,44],[-73,147],[106,57],[41,-33],[33,21],[-7,15],[37,-13],[53,-96],[96,9],[73,-18]],[[11632,7452],[-86,-2],[6,17],[-31,-4],[-9,18],[-45,-27],[-45,71],[-40,-6],[-2,-27],[-40,12],[-21,35],[22,34],[-64,54]],[[11277,7627],[20,60],[-17,41],[50,39],[-8,31],[107,-56],[13,-34],[32,17],[14,95],[-42,-3],[-4,68],[-35,-1],[24,44],[-5,44],[40,3],[-32,48],[22,69],[-60,18]],[[11396,8110],[41,1],[-2,89],[25,13],[-23,68],[62,51],[-39,26],[3,47],[66,14],[0,79],[69,-41],[28,7],[51,107]],[[11277,7627],[-13,-4],[-25,15],[-14,-71],[-37,-14],[-98,41],[-48,-15],[-70,47],[-75,-43],[-11,-89]],[[10886,7494],[-35,-73],[-86,35],[-21,95],[-31,53],[-50,25],[-39,122],[-56,18],[20,48],[-19,7],[5,29],[-41,4],[-8,54],[-38,34]],[[10487,7945],[34,88]],[[10521,8033],[22,117],[-43,-2],[4,40],[46,38],[20,74],[44,-11],[34,27]],[[10648,8316],[134,-5],[23,-31],[21,32],[40,-1],[-16,-3],[6,-21],[36,13],[20,-53],[18,28],[27,-67],[71,-46],[75,-4],[14,16],[30,-2],[13,-25],[43,16],[37,-15],[15,37],[39,-25],[55,15],[17,-65],[30,0]],[[10796,6906],[1,13]],[[10797,6919],[49,74],[-12,24],[23,-7],[26,26],[23,78],[-25,15],[35,9],[-47,105],[66,52],[11,53],[-48,25],[22,111],[-34,10]],[[10598,5963],[133,326],[56,43],[-10,29]],[[9882,6465],[45,4],[70,-53],[-18,33],[13,24],[173,-19],[1,25],[76,3],[48,-47],[48,5],[18,26],[76,-12],[13,-33],[19,8],[2,-28],[34,-15],[28,19],[-10,-25],[33,-13],[122,37],[12,21],[-1,-33],[62,-7],[-7,-33],[20,29]],[[9749,6434],[-29,65]],[[9720,6499],[26,32],[62,-26],[26,0],[2,-36],[46,-4]],[[10257,7055],[76,-27],[20,-29],[20,29],[37,-21],[70,23],[4,-16],[-35,-2],[-2,-44],[25,0],[24,-38],[21,25],[22,-13],[63,23],[17,30],[117,-24],[-2,-24],[63,-28]],[[9882,6465],[46,101],[4,-33],[19,-4],[35,121],[-11,30],[67,52],[64,6],[-14,88],[78,98],[16,108],[71,23]],[[10257,7055],[-36,66],[22,100],[-109,-23],[-21,32],[-100,-43],[-44,23],[-24,84],[-38,20],[39,32],[-50,38],[-47,-21]],[[9849,7363],[-22,18],[16,51],[60,-26],[-1,56],[59,-43],[10,45],[29,-13],[3,22],[32,1],[-12,60],[-50,49],[56,57],[14,121],[11,-24],[48,33],[8,-19],[27,14],[70,-27],[24,30],[20,-10],[8,39],[75,-9],[23,54],[51,29],[5,33],[38,-12],[36,53]],[[9720,6499],[-57,163],[45,137],[-73,61],[-18,75],[114,202],[-27,32],[8,57],[-76,58]],[[9636,7284],[35,63],[57,8],[67,-47],[57,29],[-3,26]],[[9476,5976],[-22,64],[-30,13],[-13,-43],[-27,-2],[19,-47],[-57,7],[-1,34],[-45,6],[-37,37],[-24,-64],[-42,-16],[-89,-8],[-46,36],[135,183],[30,7],[-15,96],[50,118],[2,10]],[[9264,6407],[16,-12],[18,36],[50,9],[26,-25],[47,11],[44,77],[-134,34],[-119,-21],[-34,45],[33,91],[-93,33],[19,36],[-16,50],[44,53],[-20,15],[35,60],[-2,56],[60,-37],[27,23],[-9,36],[38,-6],[6,-42],[69,-21],[13,-54],[90,21],[-28,149],[36,6],[32,215]],[[9512,7245],[37,-15],[31,76],[31,-14]],[[9611,7292],[4,-4],[21,-4]],[[9264,6407],[-62,12],[-70,-46],[-143,21],[-14,-54],[72,-23],[-21,-37],[-54,7],[-11,36],[-59,50],[-47,-16],[-30,38],[-43,-14],[-34,33],[-58,-16]],[[8690,6398],[-17,66],[73,34],[35,76],[-11,51],[52,21],[55,152],[-26,71],[-32,0],[-10,-39],[-4,36],[-31,9],[-39,202],[50,73],[-73,88],[14,104]],[[8726,7342],[29,-12],[47,27],[14,-78],[-19,-17],[32,-20],[-24,-45],[43,3],[22,33],[43,-19],[12,66],[56,-30],[4,37],[22,-11],[-9,31],[73,-101],[31,-7],[4,22],[59,13],[18,-22],[-1,24],[18,-17],[45,10],[5,81],[48,22],[38,-44],[-19,-96],[105,58],[90,-5]],[[8512,7575],[69,-68]],[[8581,7507],[53,-62],[9,-84],[31,-29],[52,10]],[[8690,6398],[-36,-16]],[[8654,6382],[-19,7],[6,28],[-68,-16],[3,63],[-87,-9],[-17,-41],[-26,10]],[[8446,6424],[-46,-18],[-38,20],[33,82],[-46,54],[-113,-27],[-94,56],[-33,164],[-47,26],[-103,-46],[-86,44],[-70,85],[-52,-12]],[[7751,6852],[-121,9],[20,28],[34,-6],[26,44],[-46,44],[20,47],[-72,-9],[0,33],[-22,8],[-3,67],[74,-3],[-2,61]],[[7659,7175],[68,-8],[4,-24],[61,-26],[34,17],[47,-25],[7,-37],[43,1],[23,-75],[64,20],[9,-39],[43,-9],[71,26],[2,22],[25,3],[-54,14],[1,49],[56,42],[35,-2],[50,147],[-2,72],[-43,16],[0,66],[-16,4],[22,34]],[[8209,7463],[110,-6],[38,31],[70,1],[22,37],[-10,64],[15,21],[-57,9],[2,26],[67,13],[8,-17],[38,-67]],[[9143,5515],[-34,35],[-83,26],[-3,40],[-44,-8],[-7,97],[-39,-8],[-21,36]],[[8912,5733],[-12,60],[-27,3],[-62,88],[-16,70],[-43,18],[-7,50],[-20,3],[29,48],[-22,76],[-59,68],[-26,3],[17,25],[-22,46],[18,31],[-6,60]],[[9632,3884],[-58,-30]],[[9574,3854],[-17,-15],[-51,47],[1,-42],[-100,29],[-25,-4],[-8,-29],[-71,-6],[-47,28],[30,115],[-84,13],[15,64],[-15,56],[37,20],[-70,27],[-25,0]],[[9144,4157],[14,95],[-68,23],[66,110],[-35,-13],[-7,37]],[[9114,4409],[29,7],[-3,37],[28,18],[0,45],[-52,77],[32,56],[6,-24],[36,-6],[1,25],[62,5],[7,28],[131,-46],[17,50]],[[9114,4409],[-24,-9],[2,-30]],[[9092,4370],[-17,-9],[-32,35],[-73,-8],[-50,93],[-92,5],[-24,79],[-53,6],[-7,-18],[-22,19],[-11,56],[40,120],[-35,162]],[[8716,4910],[91,24],[39,33],[14,-33],[21,2],[104,102],[40,-3],[106,63],[166,-8]],[[9092,4370],[-48,-72],[-50,-11],[-42,-53],[-34,-9],[-10,-39],[-61,-49],[7,-56],[-27,-33],[-123,45],[-10,-15],[-61,13],[-46,51],[-39,-41]],[[8548,4101],[18,34],[-15,25],[-93,36],[-101,-25],[-18,25],[-37,-31],[2,36],[-44,4],[-37,-28]],[[8223,4177],[13,32],[-26,3],[0,157],[63,226],[-55,126],[59,135],[56,0],[10,109],[63,29],[9,77]],[[8415,5071],[37,-6],[65,-76],[121,-9],[28,-61],[50,-9]],[[9144,4157],[-57,-20],[-26,-126],[25,-16],[-23,-54],[-32,-16],[75,-23],[-65,-28],[28,-65],[-35,-27],[-32,2],[-15,-46],[0,-21],[41,-28],[-91,-58],[-19,-104],[72,-36],[35,49],[52,20],[15,-73],[26,-16],[-27,-79]],[[9091,3392],[-57,-3],[-51,-36],[-18,42],[-148,-23],[-100,25],[-33,29],[-68,12],[-98,-31]],[[8518,3407],[-13,52],[15,-4],[8,36],[25,-29],[32,28],[11,78],[-77,15],[2,50],[-66,12],[47,352]],[[8502,3997],[46,104]],[[9574,3854],[22,-90],[-42,-187],[25,-11],[28,26],[1,-36],[19,1],[33,30],[0,-49],[-51,-24],[-32,-143],[-35,-13],[-33,-61],[-38,17],[-38,-94],[19,-15]],[[9452,3205],[-79,24],[-151,98],[-45,-34],[24,72],[-110,27]],[[10209,3547],[-19,-90],[-70,-91],[16,-24],[-30,-45],[75,-7],[-45,-122],[22,-7],[39,34],[70,-27],[52,-110],[65,-35],[-16,-109],[22,-27],[43,-1],[-31,-54],[21,-46],[174,15]],[[10387,2568],[-100,19],[-160,-27],[-141,131],[-27,120],[19,55],[-88,19],[-30,83],[-65,11],[12,61],[-38,34],[-7,19],[0,-22],[-46,-31],[-20,28],[-58,-46]],[[9638,3022],[-24,27],[7,24],[-46,30],[11,31],[-38,11],[-49,62],[-47,-2]],[[10119,2096],[-267,15],[-84,-34],[-39,-59],[-56,5],[-24,27],[22,52],[-8,52],[-56,90],[-67,-9],[-50,51],[-60,16],[-48,92],[-90,15],[-89,-22],[-39,45],[-43,-5],[-23,24],[30,49],[4,63],[-19,25],[78,145]],[[9191,2733],[107,30],[10,47],[27,-5],[18,81],[40,-26],[34,21],[6,49],[67,15],[-19,22],[13,40],[127,-32],[17,47]],[[9191,2733],[-100,-34],[-12,39]],[[9079,2738],[-9,83],[-64,16],[-20,74],[-42,10],[-16,96],[-32,-15],[-48,26],[1,-89],[-49,21],[-1,-17],[-141,7],[23,48],[-5,62],[21,19],[-16,18],[10,66],[-40,11],[1,-22],[-20,-2],[-10,17],[-47,-49],[-25,5],[-16,-88],[-46,-47],[-5,-79],[-24,-7],[-9,-37],[-39,19]],[[8411,2884],[-10,106],[-19,-12],[-27,31],[-20,71]],[[8335,3080],[85,90],[49,14],[11,138],[38,85]],[[8411,2884],[-30,-30],[-36,41],[-17,-66],[-78,-46],[-11,-64],[-98,19],[-22,-42],[-35,-7],[2,-63],[-26,-4],[47,-47],[-37,14],[-62,-19],[32,-33],[6,-54],[140,-46],[-47,-55],[7,-40],[24,-5],[-13,-51],[48,-27],[-10,-76]],[[8195,2183],[-93,15]],[[8102,2198],[-55,45],[-57,1],[-18,28],[-100,-1],[-14,-24],[-37,23],[5,-54],[-22,33],[-30,-3],[-6,-45],[-40,10],[-72,-87],[-43,24],[-16,102],[-55,17]],[[7542,2267],[17,48],[53,-13],[7,18],[-45,38],[-78,-8],[-30,112],[18,31],[-20,76],[-85,23],[11,69],[27,32]],[[7417,2693],[45,56],[35,-33],[19,61],[-53,16],[9,64],[29,17],[-45,14],[-10,42],[33,23]],[[7479,2953],[57,51],[167,-5],[26,-35],[79,5],[57,64],[73,-7],[30,-53],[10,24],[66,-2],[17,27],[44,2],[7,39],[223,17]],[[9396,1574],[-67,-27],[-36,20],[-18,-22],[2,-75],[-66,-64],[-19,-48],[-145,-114],[-30,-51],[-47,-15],[4,-15]],[[8974,1163],[-81,67],[0,-51],[-67,10],[-35,39],[17,78],[35,-13],[37,53],[-55,36],[-33,76],[32,-10],[1,46],[54,23],[-43,19],[-11,-21],[-28,46],[-19,-36],[-48,28],[-22,52],[17,54],[-40,29],[11,48],[-38,-17],[-37,14],[-6,-23],[-204,63],[-8,-40],[-54,46],[-24,14],[-4,-63],[-49,3],[-9,-74],[-21,-15]],[[8242,1644],[-79,56],[69,178],[-57,42],[26,87],[-43,34],[6,43],[-30,14],[17,11],[-10,41],[-39,48]],[[8195,2183],[75,-48],[42,13],[38,-27],[48,2],[46,50],[34,-26],[68,28],[31,-30],[61,-8],[55,22],[37,-28],[11,32]],[[8741,2163],[68,-21],[136,52],[47,-43],[44,-21],[-2,-23],[23,-13],[-3,41],[21,6],[-4,-50],[51,-34],[35,8],[53,-114],[-1,-59],[65,-34],[-17,-82],[39,-36],[-15,-22],[26,-33],[12,-105],[57,20],[20,-26]],[[9079,2738],[-60,-6],[-9,-34],[-168,36],[-5,-226],[32,-50],[-35,-26],[-59,10],[-49,-72],[-11,29],[-26,-23],[8,-82],[40,-59],[4,-72]],[[9800,1654],[-83,-53],[-35,6],[20,66],[77,88],[-4,24],[-54,-24],[60,109],[-65,38],[-177,-233],[-143,-101]],[[8974,1163],[-122,-90],[-159,-3],[-49,-72],[-19,17],[-26,-32]],[[8599,983],[-25,7],[0,-24],[-57,8],[-43,74],[-61,-27],[-62,60],[-154,42],[13,40],[35,4],[-84,62],[-8,44],[-3,23],[-75,49],[-96,29]],[[7979,1374],[0,27],[48,11],[-18,90],[53,-17],[4,115],[38,12],[9,-23],[62,-5],[67,60]],[[8599,983],[-142,-101],[-139,-57],[-68,-11],[-51,70],[-37,-72],[-293,-66],[-63,20],[-29,-44],[-290,-80],[9,92],[-23,5],[-35,98],[-48,-9],[-5,23],[6,40],[22,4],[-2,72],[30,93],[-13,38],[13,47],[-45,53],[26,36],[-110,8],[2,22],[40,8]],[[7354,1272],[32,9],[13,38],[36,2],[25,-63],[57,17],[11,-66],[81,20],[50,-24],[160,45],[59,-15],[13,55],[45,-11],[28,27],[15,68]],[[7354,1272],[-38,17],[-1,122],[-23,10]],[[7292,1421],[-9,99],[-56,31],[47,40],[4,44],[33,44],[-16,90],[69,25],[-4,145],[-25,13],[-5,69],[127,42],[31,107],[-12,90],[60,-9],[6,16]],[[6444,1956],[94,-21],[34,-28],[-23,-30],[76,-25],[12,-23],[119,-22],[13,-47],[75,19],[2,47],[-38,11],[-31,58],[32,61],[-26,68],[-39,12],[-6,35],[82,16],[2,75],[67,-8],[77,31],[-40,62],[-51,-7],[-2,55],[-28,39],[19,37],[-41,79],[16,90],[-29,5]],[[6810,2545],[47,59],[41,-25],[4,-29],[31,5],[17,30],[40,-8],[10,-26],[-26,-14],[-4,-30]],[[6970,2507],[44,-65],[25,52]],[[7039,2494],[-21,58],[25,0],[26,43],[-65,13],[-21,26],[24,30],[-6,38],[109,1],[-2,-35],[22,16],[19,-24],[2,42],[45,3],[18,26],[126,1],[25,22],[52,-61]],[[7292,1421],[-164,8],[-27,-25],[-29,21],[9,27],[-39,2],[-50,-19],[0,-39],[-17,2],[8,68],[-58,19],[-16,47],[-38,2],[-37,-40],[-12,43],[-59,-12],[-15,-1],[8,34],[-48,-20],[-5,26],[-50,12],[-5,50],[-30,0],[-35,-43],[-39,36],[4,35],[-49,8],[31,43],[-26,14],[-26,94],[-48,23],[15,119],[-1,1]],[[4519,3885],[85,-24],[36,19],[31,-32]],[[4671,3848],[11,-61],[-17,-63],[75,-8],[34,21],[8,-38],[58,-66],[-1,133],[41,20],[-4,-82],[-20,12],[22,-42],[47,26],[38,68],[167,-104],[59,0],[50,-66],[-3,-78],[137,-90],[22,23],[23,-6],[36,-54],[75,9]],[[5529,3402],[-19,-56],[188,-86]],[[5698,3260],[143,-139],[78,-122]],[[5919,2999],[87,-15],[77,-143],[100,-87],[-17,-25],[31,12],[86,-169],[-16,-104],[47,-24],[-15,-22],[27,-69]],[[6326,2353],[-67,31],[-61,-25],[-89,53],[-35,49],[-37,-60],[7,-144],[-114,-74],[-59,15],[-87,-18],[-71,-90],[40,-65],[-15,-84],[13,-41],[-284,12],[-41,30],[-15,82],[-58,40],[-43,70],[42,168],[98,188],[4,53],[-44,115],[20,87],[-57,52],[-94,32],[-93,93],[-30,62],[-34,17],[-62,-12],[-427,88],[-26,-37],[-48,13],[7,25],[-40,74],[-36,-12],[-8,4],[-43,12],[22,36],[-52,16],[14,86],[-40,49],[-110,-37],[-207,-17],[-3,1],[-14,3],[-17,193],[21,21],[-6,58],[25,80],[148,-33],[60,46],[23,-14],[-7,73],[33,21],[38,-8],[-10,-19],[31,-21],[-10,-15],[-37,32],[-28,-65],[32,-12],[28,34],[48,-20],[45,115],[-40,9],[-20,-24],[-21,24],[-9,116],[40,-5],[-9,-100],[39,9],[26,100],[21,-68],[26,65]],[[6436,4618],[30,-71],[-51,-4],[-10,-44],[-107,-49],[-26,9],[-67,-38],[-44,10],[-34,-34],[-67,-153],[-42,17],[-4,-61],[61,-9],[27,-16],[-13,-20],[73,-19],[36,-60],[39,-2],[-66,-114],[120,-75],[42,-89],[-8,-62]],[[6325,3734],[3,-32],[-19,-10],[-68,51],[-29,-26],[-33,10],[-11,24],[-17,-23],[-43,6],[-21,-88],[-1,-51],[47,-68],[-21,-38],[-33,23],[13,-63],[-27,-131],[57,1],[6,-45],[-9,-23]],[[6119,3251],[-27,0],[-61,57]],[[6031,3308],[-33,-28],[1,-39],[-73,-52],[26,-30],[-11,-34],[16,-55],[-38,-71]],[[5698,3260],[-188,86],[19,56]],[[4671,3848],[86,6],[44,-17],[3,201]],[[4804,4038],[111,66],[-24,159],[66,127]],[[4957,4390],[-25,23]],[[4932,4413],[7,16],[67,-12],[34,42],[64,13],[9,47],[37,34],[61,-46],[21,61],[30,-8],[9,-29],[-5,36],[53,11],[26,-20],[95,-5],[50,-36],[-11,-24],[25,-46],[92,-6],[86,-62],[65,11],[21,-16],[10,36],[58,-15],[31,105],[4,92],[-33,8],[-5,86]],[[5833,4686],[154,-39],[61,20],[-4,-76],[50,-68],[72,9],[79,67],[106,7],[28,-16],[25,32],[32,-4]],[[5656,6168],[58,-36],[44,-127],[64,-6],[37,-57],[-27,-51],[-99,-63],[2,-59],[-35,-78],[57,-135],[-41,-107],[46,-69],[17,-90]],[[5779,5290],[-21,-42],[-69,-38],[13,-25],[-29,-62],[22,-6],[-13,-29],[43,-5],[-17,-33],[11,-78],[-37,-61],[26,-36],[85,-6],[42,-27],[12,-65],[-70,-74],[56,-17]],[[4932,4413],[-46,74]],[[4886,4487],[167,329],[21,164],[-36,13],[16,57],[-60,21],[27,4],[-23,115],[-98,3],[-63,46],[41,48],[-35,47],[32,91],[52,60],[45,-7],[43,-44],[24,7],[48,-35],[41,21],[24,59],[31,-13],[-30,41],[41,57],[-34,31],[93,35],[-93,51],[6,31],[20,-6],[-10,28],[-57,2],[-16,-20]],[[5103,5723],[-29,69],[5,92],[41,-15],[24,46],[26,-32],[19,18],[54,-7],[31,-46],[43,-20],[21,-47],[42,0],[29,96],[-18,2],[-9,121],[26,43],[43,2],[6,37],[27,17],[-6,30],[72,46],[90,4],[16,-11]],[[6325,3734],[89,-3],[38,-42],[53,24],[65,-36],[7,-53],[32,4]],[[6609,3628],[-17,-60],[50,-33],[-1,-24],[-68,-21],[7,-57],[-23,22],[-11,-60],[75,-68],[8,-40],[32,7],[48,-52],[2,-24],[-33,-15],[-14,-108],[-29,-31],[7,-33],[61,-24],[-8,-103],[42,-128],[-28,-11],[-49,24],[-40,-15],[-100,-113],[18,-56],[35,-29],[60,11],[41,-35],[50,3],[-24,33],[27,19],[32,-95],[51,33]],[[6444,1956],[0,1],[-19,24],[-60,96],[68,71],[-21,46],[21,46],[-52,45],[-24,66],[-31,2]],[[6031,3308],[61,-57],[27,0]],[[6921,4259],[3,-54],[-132,-63]],[[6792,4142],[-136,-34],[-20,11],[-4,56],[-85,-2],[-45,36],[-32,-31],[-44,17],[98,115],[48,-16],[24,22],[-17,13],[23,1],[5,24],[20,-8],[7,23],[31,-10],[112,28],[50,-21],[20,15],[21,-51],[49,-32],[4,-39]],[[7583,3701],[17,-48],[-24,-9],[18,-101],[-50,-172],[28,-11],[18,-86],[27,-14],[-131,-234],[-7,-73]],[[7039,2494],[-25,-52],[-44,65]],[[6609,3628],[57,39],[-28,42],[27,29],[60,-9],[8,25],[39,-15],[31,24],[25,-48],[48,45],[49,-11],[3,-20],[42,15],[52,43],[-7,17],[-70,-21],[-22,66],[37,12]],[[6960,3861],[44,11],[16,-17],[21,-41],[141,10],[30,22],[3,-29],[30,6],[11,-29],[71,-38],[203,5],[17,32],[36,-92]],[[7583,3701],[72,12],[5,39],[58,-26],[18,-32],[44,38],[74,-20],[-6,-26],[47,-11],[16,33],[22,6],[15,-24],[15,24],[15,-43],[41,-5],[-14,39],[23,24],[-27,36],[49,40],[-39,62],[25,122],[93,24],[176,-13],[11,22],[17,-18],[85,14],[84,-21]],[[7602,4724],[-58,3],[-4,-59],[5,-19],[74,-13],[22,-31],[-15,-14],[17,-19],[-3,-71],[-45,-43],[-8,-49],[-52,-4],[-74,-297],[102,-9],[28,23],[76,-32],[51,-52],[87,35],[67,-30],[25,84],[99,7],[98,55],[129,-12]],[[6960,3861],[2,65],[-33,35],[48,17],[1,62],[-79,-1],[-12,19],[29,-3],[-11,24],[28,24],[-6,28],[-28,15],[-54,-45],[-53,41]],[[6921,4259],[32,124],[-29,17],[9,92],[17,-4],[25,60],[71,-45],[64,-2],[27,23],[0,35],[-35,-9],[3,34],[63,48],[4,-58],[82,-81],[-10,85],[43,5],[8,70],[30,4],[-14,-50],[33,-12],[-5,-52],[35,-22],[51,107],[-19,87],[46,5],[5,54],[67,-1],[16,69]],[[7540,4842],[13,4],[37,-1],[-2,-23],[22,-9],[-32,-30],[24,-59]],[[6436,4618],[82,12],[23,-38],[39,9],[59,-31],[2,-19],[36,8],[-22,-28],[39,-31],[96,20],[4,59],[36,-2],[-15,80],[26,1],[1,24],[42,26],[-52,61],[-16,186],[40,53],[59,27]],[[6915,5035],[42,6],[59,0],[1,-32],[29,-22],[37,21],[71,-29],[56,5],[70,-74],[-1,-28],[21,0],[-6,-17],[41,-29],[26,13],[8,-29],[44,-11],[63,39],[-5,-35],[21,-5],[4,20],[44,14]],[[8146,5273],[43,-20],[41,10],[48,-72]],[[8278,5191],[28,-48],[109,-72]],[[7602,4724],[7,-52],[38,-6],[23,40],[24,209],[132,43],[-26,118],[28,25],[26,96],[37,15],[-24,36],[24,39],[-13,29]],[[7878,5316],[62,-4],[70,26],[53,-17],[83,-48]],[[8278,5191],[10,23],[83,29],[44,-9],[55,76],[-26,22],[8,105],[-38,36],[-102,24],[72,121],[25,18],[35,-19],[82,7],[-4,39],[49,84],[124,-21],[48,4],[21,27],[62,-17],[50,12],[36,-19]],[[8146,5273],[19,30],[-13,83],[25,-4],[6,48],[-46,21],[-31,-9],[-46,34],[-41,-4],[-17,60],[22,0],[15,30],[-18,10],[49,35],[-50,17],[-17,-34],[-17,40],[74,34],[8,95],[38,73],[17,96],[27,33],[42,-4],[17,23],[40,176],[47,8],[11,73],[136,-13],[23,72],[-69,17],[-8,40],[76,-15],[-29,54],[10,32]],[[7878,5316],[-37,24],[22,58],[-13,7],[31,40],[-48,9],[26,59],[-17,34],[-42,2],[-6,113],[-66,84],[-27,5],[-15,33],[-52,-2],[14,107],[-54,31],[14,47],[-22,60]],[[7586,6027],[-20,50],[-45,1],[6,61],[-70,37],[19,20],[-39,50],[20,29],[-1,-20],[45,-26],[9,58],[-28,11],[17,41],[78,-46],[-1,65],[-27,25],[-63,0],[15,32],[-59,25],[-38,85],[9,20],[-73,11],[3,28],[36,26],[73,3],[-17,32],[26,29]],[[7461,6674],[16,20],[125,-66],[4,97],[54,33],[65,-13],[21,24],[-12,31],[17,52]],[[7182,7185],[28,-8],[0,-26],[51,1],[107,-65],[68,-10],[117,51],[7,27],[54,3],[7,-23],[20,8],[-4,33],[22,-1]],[[7461,6674],[-108,17],[-24,23],[-57,-3],[-13,-28],[-91,47],[-26,-14],[-7,-51],[26,-36],[-42,-17],[-3,-21],[-63,-16],[-55,33],[-37,-48],[-29,28],[5,28],[-51,-2],[-16,-30],[-59,51],[-14,-100],[-135,20],[-2,-82],[53,-49],[-6,-35],[30,-54],[10,28],[19,-11],[-5,-57],[-63,25],[-1,22],[-50,11],[-4,52],[-20,-50],[-73,10],[-9,60],[-98,15],[1,39],[-48,-54],[-69,98],[-43,-13],[-21,43],[-42,17],[-19,-45],[-75,30],[-26,-45],[-71,-10],[14,189],[-19,39],[-49,13],[2,34],[-29,15]],[[5949,6790],[133,188],[98,-8],[43,32],[36,-6],[43,62]],[[6302,7058],[124,-52],[53,40],[36,13],[15,-15],[64,40],[6,51],[101,40],[46,82],[80,5],[97,40],[31,-44],[31,-23],[89,2],[32,-17],[1,-25],[74,-10]],[[7586,6027],[-37,-1],[-33,-40],[-62,-22],[-125,31],[-13,-37],[-64,-28],[-25,8],[-3,42],[-32,9],[-15,-82],[-51,-2],[5,24],[-15,-3],[-8,-52],[-181,38],[3,55],[-14,-26],[-102,7],[-38,-197]],[[6776,5751],[-15,-5],[1,-59],[-29,33],[-31,-13],[-60,16],[-22,56],[-45,-80],[-37,7],[-61,-41],[25,-8],[11,-42],[-19,-52],[-35,-5],[6,-29],[-35,-46],[-25,22],[-61,-12],[-41,22],[-30,-26],[-44,92],[-30,-5],[-43,43],[-69,3],[-42,-32],[-14,15],[-30,-123],[19,-26],[-9,-30],[34,-1],[4,-51],[-37,-111],[-70,-36],[1,31],[-63,-5],[-43,66],[-58,-29]],[[5656,6168],[53,60],[-47,212],[-59,53],[2,51],[-34,34],[-20,66],[34,42],[-4,62]],[[5581,6748],[30,37],[118,-34],[159,0],[61,39]],[[6915,5035],[2,26],[33,-3],[7,24],[-45,11],[-6,113],[-46,91],[27,136],[-9,39],[38,61],[-140,218]],[[4428,6078],[166,-124],[21,9],[70,-93],[152,-77],[43,-80],[39,-2],[20,-43],[19,25],[16,-18],[46,32],[83,16]],[[4886,4487],[46,-74],[25,-23]],[[4804,4038],[-211,103],[-35,37],[-4,108],[49,127],[12,134],[-172,103],[-191,30],[-24,89],[17,18],[-54,37],[-18,96],[15,35],[193,-23],[34,53],[-32,37],[37,31],[-43,45],[0,67],[-27,10],[12,102],[-64,7],[-28,26],[-10,23],[23,31],[-22,13],[-5,40],[-39,15],[-115,-5],[-103,26],[-137,-39],[-85,2],[-30,34],[16,45],[-15,7],[-6,2],[-3,1],[-55,25],[-4,58],[-20,7],[1,4],[32,235],[-95,93],[-158,64],[-117,97]],[[3323,6088],[157,259],[45,128],[-25,34],[60,11]],[[3560,6520],[32,-1],[164,-43],[75,-94],[112,-10],[91,-112],[99,-20],[134,-65],[20,-46],[67,-39],[74,-12]],[[2799,8392],[-21,-88],[80,-67],[62,-21],[22,-81],[65,-65],[-6,-53],[-52,-44],[30,-102],[34,4],[45,-37],[54,36],[29,-37],[31,15],[-9,-76],[17,-10],[27,22],[35,-10],[21,39]],[[3263,7817],[68,-43],[91,5]],[[3422,7779],[15,-38],[84,29],[-11,-49],[44,-110],[30,-28],[60,25],[31,-70],[148,43],[25,-99],[-8,-54],[54,0],[-33,-56],[14,-28],[121,-46]],[[3996,7298],[-25,-10],[-54,-106],[71,-161],[-19,-42],[21,-15],[-15,-72],[-75,-51],[-40,2],[-19,-42],[-50,-15],[-30,-74],[-36,13],[-64,-73],[-71,-2],[-40,-88],[10,-42]],[[3323,6088],[-67,55],[-40,-21],[-51,11],[-17,-21],[-30,6],[-9,-62],[-77,108],[-54,9],[-95,169],[-60,10],[-3,3],[-1,0],[-114,79],[-20,44],[0,4],[30,10],[-3,91],[72,102],[-16,144],[13,16],[58,-6],[22,92],[-13,26],[64,76],[-67,9],[-75,110],[108,49],[25,50],[51,32],[58,-68],[27,49],[26,-10],[7,29],[105,-21],[24,86],[60,5],[19,60],[-12,59],[-78,-46],[-21,-18],[13,-17],[-30,-15],[-57,12],[25,25],[-47,44],[-7,40],[-243,-34],[-125,61],[-18,-46],[-91,-54],[-35,27],[-11,47],[-56,17],[-82,5],[1,-32],[-41,19],[-25,-35],[-66,26],[-99,72],[2,37],[-8,-31],[-42,12],[-71,-27],[-48,-45],[-99,-25],[-27,13],[-2,-7],[-60,-5],[-82,33],[6,40],[-98,-15],[-31,81],[-27,-3],[-24,39]],[[1564,7667],[55,33],[89,2],[99,-55],[67,11],[82,-54],[123,21],[33,82],[-46,63],[74,19],[-37,50],[52,67],[-39,75],[58,55],[74,-9],[11,19],[-35,103],[-119,218],[2,79],[29,46],[36,8],[57,-9],[30,-30],[86,-1],[27,-36],[72,65],[68,12],[32,34]],[[2544,8535],[41,-46],[46,-35],[6,-42],[162,-20]],[[2172,9572],[47,-42],[58,46],[43,-60],[-8,-49],[40,-41],[-26,-43],[43,-77],[-14,-97],[-45,-9],[71,-52],[56,-69],[6,-40],[47,-24],[59,4],[23,-17],[-19,-43],[63,-34],[-11,-114],[-37,-5],[-49,-86],[6,-25],[-37,3],[13,-100],[43,-63]],[[1564,7667],[-1,21],[-22,-22],[-23,9],[2,87],[-72,44],[18,91],[-47,13],[-37,44],[-43,-7]],[[1339,7947],[45,153],[91,71],[23,42],[-36,130],[36,112],[127,7],[71,68],[-12,137],[-46,7],[42,23],[28,60],[-104,94],[47,74],[-14,14],[18,43],[13,15],[17,-14],[31,36],[68,-15]],[[1784,9004],[8,-17],[18,29],[95,17],[26,32],[44,-48],[-4,-45],[29,-48],[104,168],[94,79],[-16,20],[-56,-2],[-61,58],[-53,6],[-54,54],[-53,-2],[-49,40],[-99,33],[40,96],[-32,72],[25,19],[51,163]],[[1841,9728],[18,88],[3,1],[3,-5],[58,-11],[-76,-139],[20,-48],[55,8],[3,-57],[53,8],[6,23],[-39,46],[55,19],[34,-17],[79,9],[4,-55],[55,-26]],[[580,9859],[14,0],[3,0]],[[597,9859],[22,-124],[-71,7],[-33,-42],[24,-54],[-27,-14],[38,-22],[-2,-89],[-32,-58],[86,-5],[-18,-48],[53,10],[-1,-39],[48,0],[3,-27],[46,4],[1,-25],[41,-1],[17,-30],[6,26],[31,-3],[-24,-69],[117,-84],[38,-58],[2,-50],[-50,-37],[52,-102],[97,8],[8,53],[43,37],[-12,114],[56,169],[26,-16],[-31,-97],[70,-27],[-3,-55],[42,86],[45,-3],[-19,-104],[28,-28],[-5,-54],[117,-37],[5,71],[27,19],[41,11],[67,-31],[180,80],[26,-19],[-6,-30],[49,6],[-31,-74]],[[1339,7947],[-85,-2],[-39,21],[-3,25],[-61,-1],[-114,55],[20,90],[-39,96],[-39,22],[-76,-6],[-14,41],[-18,-30],[-49,3],[-207,60],[-24,-44],[-102,-4],[-30,-31],[-55,42],[-71,12],[-57,73],[4,139],[-79,115],[-123,-10],[3,137],[-60,51],[-21,53],[80,188],[44,19],[92,98],[-12,55],[79,46],[-37,49],[12,113],[-33,32],[89,39],[34,-18],[20,18],[-15,40],[-57,-1],[25,25],[-51,62],[29,11],[-5,18],[-99,16],[-4,151],[56,90],[54,23],[1,0],[1,-1],[-8,-12],[110,8],[46,-32],[129,-32]],[[1023,10428],[2,0],[23,2],[57,-33],[56,-1],[-22,-49],[35,-17],[64,-14],[141,34],[25,-55],[54,24],[68,-20],[-31,-53],[28,-38],[-5,-37],[-40,-70],[58,-61],[-11,-69],[-35,-46],[9,-25],[7,-10],[-27,-21],[1,-37],[123,23],[29,-12],[-7,-36],[51,-2],[25,-34],[36,5],[8,-21],[96,-27]],[[597,9859],[43,29],[280,49],[91,-13],[60,32],[5,21],[-89,14],[4,88],[-27,10],[-46,97],[20,23],[-52,25],[10,66],[28,10],[27,53],[41,14],[10,54],[18,-2],[3,-1]],[[3175,9716],[-26,-78],[-40,7],[40,-53],[-85,-87],[29,-71],[-34,6],[-18,-61],[68,-115],[10,-79],[-10,-29],[-85,9],[-28,-120],[3,-122],[33,-4],[21,-38],[31,8],[23,-42]],[[3107,8847],[-63,-83],[-71,3],[-72,-49],[-50,36],[-9,-44],[-38,-4],[-65,-158],[80,-99],[52,-14],[-72,-43]],[[2172,9572],[34,-6],[33,34],[-1,42],[-24,-13],[-29,51],[128,62],[18,-35],[56,6],[-1,54],[45,-1],[-12,48]],[[2419,9814],[32,-14],[71,22],[91,-44],[82,-4],[67,49],[-8,77],[34,53],[70,1],[12,-96],[58,-54],[-12,-25],[70,-13],[62,38],[36,-13],[36,15],[55,-90]],[[4276,8720],[51,-52],[39,-104],[-45,-44],[-44,12],[-47,-21],[-4,-116],[-32,-15],[4,-38],[-48,4]],[[4150,8346],[-43,-92],[-5,-69],[-65,-60],[57,-79],[82,-20],[19,-74],[-94,-186],[38,-32],[-60,-38],[2,-23],[41,-25],[-126,-350]],[[3422,7779],[-91,-5],[-68,43]],[[3107,8847],[29,-14],[60,17],[91,-69],[24,57],[80,-13],[19,27],[-73,98],[-11,61],[77,-25],[29,39],[-1,67],[56,-18],[22,14],[8,46],[-20,24],[28,4],[35,165],[36,48],[112,-38],[-18,-91],[74,-44],[-45,-51],[-13,-49],[90,-21],[-23,-106],[29,-20],[32,18],[-11,-92],[38,-119],[116,-41],[47,29],[102,-6],[29,27],[30,-21],[-11,-32],[102,2]],[[4530,9838],[-1,-146],[46,-14],[7,24],[37,-16],[38,29],[53,-39],[-15,-39],[-60,-31],[11,-173],[-26,-17],[-45,13],[-25,-23],[28,-26],[-17,-73],[-73,12],[-31,-106],[-62,16],[-33,-18],[-20,-148],[30,-55],[-57,-23],[4,-39],[43,-52],[-38,-14],[18,-64],[-23,-91],[-24,14],[-19,-19]],[[3175,9716],[128,25],[83,-50],[51,1],[-24,110],[76,105]],[[3489,9907],[101,40],[34,45],[32,-19],[63,68],[34,-16],[35,30],[76,-28],[188,-1],[72,-85],[8,-74],[71,13],[29,-37],[47,-2],[-13,67],[-53,82],[23,19],[46,-13],[0,69],[31,23],[20,-16],[29,-36],[65,22],[51,-21],[21,-60],[-62,-57],[-2,-26],[95,-56]],[[2419,9814],[29,50],[69,9],[-3,59],[-56,-26],[-19,23],[12,83],[50,43],[-49,57],[12,92],[95,104],[-1,64],[48,22],[68,-13],[31,71],[63,39],[55,2],[-1,100],[3,3],[32,0],[31,53],[63,16],[6,4],[64,18],[160,-40],[58,17],[157,73],[111,89],[-13,35],[2,1],[73,11]],[[3569,10873],[8,-135],[45,-50],[-13,-46],[97,-20],[13,-52],[57,-27],[3,81],[177,47],[-34,-103],[-108,-42],[-14,-98],[10,-72],[32,-46],[-59,2],[-21,42],[-17,-37],[-26,16],[-26,-26],[-57,3],[-8,-31],[-55,24],[-17,-15],[39,-4],[-6,-23],[-75,-5],[5,-42],[70,-69],[-139,-7],[36,-71],[-60,-116],[42,-47],[21,3]],[[4671,10870],[25,-62],[134,-47],[42,-69]],[[4872,10692],[-3,-45],[-34,-17],[3,-101],[-31,-29],[17,-125],[-124,-34],[70,-7],[-13,-56],[38,5],[-6,-193],[98,-120],[-52,3]],[[4835,9973],[-56,17],[-2,-43],[-40,10],[-3,-102],[-29,-40],[-36,19],[-139,4]],[[3569,10873],[7,-1],[348,83],[24,9],[93,28],[92,-20],[42,-81],[230,48],[28,40]],[[4433,10979],[66,-43],[128,-26],[44,-40]],[[5947,10364],[90,-33],[120,0],[115,-57]],[[6272,10274],[153,-165]],[[6425,10109],[-83,-146],[-62,-13],[-8,-62],[-35,-17],[39,-52],[9,-60],[-17,-11],[23,-40],[-37,29],[-23,-78],[-10,27],[-29,-11],[-8,37],[-18,0],[0,-37],[-185,-102],[-47,30],[-193,-46],[-39,39],[-9,-43],[-62,-35],[-40,-63],[-33,-1],[14,-46],[-41,-5],[-53,-54]],[[5478,9349],[-11,24],[-61,34],[-54,-30]],[[5352,9377],[-83,179],[-221,98],[-28,-23],[-41,38],[-32,133],[11,108],[-103,37],[-20,26]],[[4872,10692],[41,-40],[201,11],[55,-28],[114,29],[90,-4],[90,-67],[113,-31],[53,-51],[230,-131],[88,-16]],[[5352,9377],[-6,-31],[-30,-12],[13,-14],[-15,-31],[10,-39],[41,-1],[-12,-58],[-62,-1],[-25,-25],[26,-39],[-30,-31],[37,-20],[-34,-50],[42,-36],[-42,-39],[-42,8],[5,-26],[-28,-12],[-46,54],[-65,19],[-26,-48],[-49,-14],[-39,18],[-91,-63],[-30,-49],[39,-20],[6,-36],[-53,-60],[10,-30],[-30,-23],[11,-41],[-26,-28],[26,-82],[-22,-73],[52,-5],[69,60],[93,-12],[85,-109],[34,-27],[80,-13],[30,-46]],[[5258,8292],[45,-137],[74,-98],[84,-65],[-3,-39],[-33,-26]],[[5425,7927],[-143,27],[-34,-93],[-120,-160]],[[5128,7701],[-105,106],[-104,1],[-60,30],[-40,72],[-134,71],[-31,75],[-38,-5],[-81,44],[-75,-12],[-68,82],[-83,15],[-52,131],[-94,26],[-13,9]],[[5128,7701],[30,-111],[-64,-51],[31,-8],[11,-32],[45,-9],[2,-33],[-32,-14],[49,-80],[-51,-27],[-46,-70],[-106,-64],[-56,-152],[11,-15]],[[4952,7035],[-49,-24],[-37,27],[15,24],[-48,54],[-108,-49],[2,-45],[36,-5],[6,-56],[-24,-45],[23,-49],[-48,-6],[-15,-41],[30,-20],[-9,-19],[-61,12],[-27,-16],[-59,-109],[-65,11],[-51,61],[-41,8],[-51,-28],[48,-121],[42,-42],[68,-12],[28,-107],[-52,10],[5,-124],[-41,-6],[-4,-33],[-44,0],[-19,-36],[29,-34],[44,-10],[-39,-95],[14,-15],[-22,-17]],[[4952,7035],[70,-30],[14,23],[41,-20],[47,8],[85,-34],[-14,-25],[49,-21],[52,3],[36,32],[43,-36],[-32,-65],[30,-26],[9,-52],[103,-5],[32,-29],[64,-10]],[[6176,7552],[-28,-47],[9,-30],[34,-2],[-13,-49],[38,-11],[-22,-107],[70,-104],[-2,-82],[40,-62]],[[5425,7927],[35,-34],[26,27],[21,-21],[109,-14],[15,40],[37,-49],[9,28],[32,-3],[9,49],[39,12],[8,-20],[-16,-88],[27,16],[159,-70],[-1,-76],[47,-47],[87,41],[-9,-45],[-58,4],[-21,-22],[4,-35],[17,28],[25,-8],[-32,-38],[21,-37],[18,7],[-33,-59],[-1,-74],[78,59],[11,64],[6,-52],[37,20],[6,56],[39,-34]],[[5478,9349],[-15,-44],[30,-34],[65,-10],[-86,-103],[6,-30],[45,18],[-19,-21],[41,8],[14,-52],[27,26],[44,-29],[21,35],[53,0],[64,-55],[64,4],[7,-46],[54,25],[30,-44],[27,26]],[[5950,9023],[23,-29],[-37,-43],[10,-64],[-46,1],[-12,-35],[-39,42],[-27,-31],[-45,21],[18,-61],[-42,-11],[-4,-20],[-45,39],[9,-41],[38,-11],[0,-42],[-54,7],[-28,-80],[18,-28],[-25,1],[-29,-60],[7,-24],[51,-13],[79,46],[-62,-110],[-46,-7],[-25,25],[-102,-92],[-42,8],[-26,46],[-46,-33],[-77,5],[-36,-65],[-39,-9],[-11,-63]],[[6841,9836],[180,-137],[104,-38]],[[7125,9661],[-119,-120],[-4,-54],[-61,26],[-147,-170],[-25,24],[-26,-46],[-24,1],[-2,-20],[59,-29],[-6,-21],[45,13],[6,-46],[71,-11],[-118,-178],[-21,-183],[-75,-4],[-22,-23],[-20,40],[-48,13],[-63,-31],[-44,-90],[-32,34],[-17,-9]],[[6432,8777],[-118,60],[-74,0],[-21,58],[48,29],[-33,18],[-23,-22],[-39,14],[26,38],[-1,43],[-36,-9],[-57,39],[-63,-59],[-9,27],[18,26],[-16,41],[25,77],[-18,-1],[-2,52],[-16,0],[-10,-58],[-31,-18],[-3,-51],[-32,-25],[17,-24],[-14,-9]],[[6425,10109],[202,-157],[214,-116]],[[6432,8777],[9,-99],[71,-5],[28,-45]],[[6540,8628],[-44,2],[27,-26],[-17,-63],[22,-53],[-26,-15],[-16,-88],[-35,-23],[35,-55],[54,-14],[-21,-18],[69,-48],[-69,-38],[-18,10],[-42,-40],[59,-79],[59,0],[23,26],[17,-31],[39,13],[-10,-31],[27,20],[7,-15],[-10,-80],[-85,-51],[10,-110],[-28,-33],[10,-35],[-28,-45],[31,-8],[-18,-61],[-61,-66],[-25,43],[-69,-29],[-19,17],[7,42],[-81,3],[-55,-76],[-83,-21]],[[7132,8465],[0,-100],[-42,-29],[27,-30],[-14,-10],[26,-63],[54,-9],[2,-137]],[[7185,8087],[-84,-21],[-34,-99],[-63,-52],[8,-31],[-25,-54],[49,-13],[6,-72],[72,-10],[-13,-29],[92,-3],[-9,-14],[47,-53],[41,-11],[-37,-46],[-60,-9],[4,-34],[63,-60],[-1,-66],[24,-45],[-20,-74],[-44,-11],[-19,-95]],[[6540,8628],[50,-29],[-21,70],[28,-13],[68,-41],[27,33],[44,-26],[59,26],[27,-28],[94,-1],[16,-21],[-38,-63],[54,-29],[2,-40],[62,-12],[27,47],[25,6],[68,-42]],[[7185,8087],[81,-44],[126,51],[92,-40],[39,91],[41,-6],[-2,25],[27,-24],[25,1],[61,-115],[78,4],[2,-105],[18,-19],[33,-23],[119,7],[-29,-17],[19,-6],[-14,-27],[60,-43],[-16,-27],[23,-33],[-27,-35],[1,-55],[64,8],[32,-21],[34,20],[94,-23],[14,-30],[-15,-57],[44,-81]],[[7132,8465],[21,7],[11,54],[74,51],[27,56],[77,-17],[5,-54],[-40,34],[-8,-15],[43,-33],[15,-83],[62,-17],[56,33],[-15,41],[123,0],[32,78],[126,-90],[33,-6],[3,28],[72,-39],[54,52],[3,-32],[27,-7],[-2,35],[42,35],[-4,-29],[114,18],[3,64],[-23,10],[31,14],[21,95]],[[8115,8748],[63,-36],[71,5],[-5,-72],[25,-16],[-45,-27],[-5,-105],[34,-12],[31,-101],[34,-18],[-14,-16],[-18,21],[-7,-21],[77,-42],[23,-60],[33,-5],[-26,-114],[34,33],[111,-33],[10,-25],[30,-7],[14,24],[20,-15],[-16,27],[18,39],[1,-54],[59,-42],[-12,-49],[35,-6],[21,-34],[-13,-58],[41,-3],[10,-22],[-100,-109],[-2,-116],[-29,-20],[-61,7],[-7,-48],[-38,-43]],[[7989,8838],[30,-45],[96,-45]],[[7125,9661],[182,-120]],[[7307,9541],[58,-66],[184,-216],[254,-176],[46,-100],[140,-145]],[[8911,9365],[3,-59],[-46,-74],[68,-76],[-8,-44],[28,-9],[-30,-35],[1,-95],[-60,49],[-57,-27],[-12,-106],[40,-27],[-32,-60],[146,-68],[-4,-19],[-30,1],[68,-63],[39,-7],[37,33],[7,-26],[108,-69]],[[9177,8584],[-3,-15],[-80,-3],[-6,-21],[42,-29],[-53,-8],[-64,-102],[20,-30],[-9,-18],[97,-36],[-10,-58],[-47,14],[-11,-33],[-24,0],[-21,57],[-37,7],[-16,-37],[70,-57],[-42,-2],[9,-60],[-25,-20],[-28,24],[-49,-4],[34,-84],[-44,-195],[-72,-97],[-58,-9],[-14,-117],[-70,-7],[-18,-43],[-46,-3],[-2,-44],[16,2],[-35,-49]],[[7989,8838],[90,-4],[27,25],[0,32],[18,-29],[57,55],[-4,41],[-55,32],[72,153],[64,-51],[25,23],[3,68],[33,-9],[38,40],[38,-67],[-14,-39],[35,-22],[46,7],[19,38],[68,-54],[32,-2],[17,83],[81,7],[12,35],[24,5],[4,66],[35,25],[6,36],[22,25],[44,2],[-13,32]],[[8813,9391],[18,-23]],[[8831,9368],[25,-34],[31,-13],[24,44]],[[9265,8828],[105,-60],[-18,-34],[-58,-21],[-14,-85],[-58,-19],[-42,0],[-51,64],[-110,44],[-13,21],[16,36],[73,30],[170,24]],[[9627,8388],[1,-54],[44,-15],[17,-46],[26,-4],[-17,-90],[29,-14],[-2,-22],[-228,16],[-49,-59],[16,-31],[-15,-61],[68,-50],[26,-88],[69,11],[47,-39],[-24,-95],[-45,-22],[0,-21],[55,-43],[-23,-23],[4,-127],[-23,-6],[-3,-40],[36,-37],[-25,-136]],[[9177,8584],[13,-4],[153,-40],[91,-53],[-24,47],[44,-3],[58,-45],[7,-47],[108,-51]],[[9627,8388],[85,4],[32,112]],[[9744,8504],[25,-28],[-22,-48],[18,-27],[23,18],[36,-16],[28,-50],[-18,-18],[100,0],[101,-51],[70,39],[21,-42],[125,-43],[12,-53],[32,-23],[93,-36],[100,-94],[33,1]],[[10838,9570],[-31,-52],[51,-51],[-69,-50],[-29,-50],[16,-104],[-10,-112],[-25,-47],[46,-66],[-57,-29],[-5,-33],[23,-4],[-27,-31],[66,-23],[-50,-50],[68,-72]],[[10805,8796],[-26,-22],[-34,19],[-83,-2],[17,-69],[-26,-28],[-29,4],[-1,-19],[-35,1],[-7,-29],[-23,8],[10,42],[-37,13],[-12,32],[-33,-4],[12,22],[-20,21],[-41,-13],[-63,28],[-30,-20],[4,-21],[-126,5],[-114,40],[-26,76],[-88,-12],[-15,33]],[[9979,8901],[-8,105],[36,-13],[24,-50],[86,5],[20,20],[47,-9],[12,104],[-14,30],[-19,-35],[-49,22],[4,29],[-46,14],[-31,-15],[12,56],[47,15],[-50,97],[12,70],[-32,-35],[-71,-19],[-19,30],[-28,-15]],[[9912,9307],[-34,-11],[-9,28],[-81,-14],[3,-17],[-13,13],[20,57],[176,107],[-8,70],[38,9],[26,79],[33,10],[-14,26],[-108,49],[29,67],[65,26]],[[10035,9806],[26,-38],[14,48],[24,11],[62,-9],[18,-33],[74,-3],[21,38],[-15,10],[31,7],[-15,15],[50,-5],[0,26],[16,-18],[9,42]],[[10350,9897],[108,23]],[[10458,9920],[4,-18],[-15,-3],[22,-120],[-87,-78],[6,-19],[18,15],[26,-45],[66,-6],[8,-33],[36,1],[-14,-22],[107,5],[27,-12],[-14,-11],[13,-14],[40,-8],[137,18]],[[10648,8316],[-2,47],[31,28],[-16,65],[55,-13],[20,168],[37,85]],[[10773,8696],[57,-41],[22,19],[48,-11],[13,20],[-16,17],[47,22],[67,-9],[15,42],[45,22],[-22,10],[-18,58],[41,37],[49,9],[4,30],[37,1],[42,-65],[22,-1],[12,19],[64,5],[22,33]],[[10805,8796],[66,18],[-23,-63],[-70,-27],[-5,-28]],[[9744,8504],[-14,55],[18,39],[57,-17],[37,-53],[32,-10],[37,51],[91,-9],[24,36],[17,50],[-57,78],[-5,71],[-19,4],[16,18],[-34,14],[-2,65],[34,6],[3,-1]],[[8911,9365],[6,22],[77,-10],[28,11],[2,32],[72,3],[36,-39],[-29,-41],[-31,1],[15,-59],[50,-47],[29,11],[22,-37],[36,22],[79,-21],[50,-79],[-3,-77],[31,-17],[177,36],[40,-39],[-13,68],[-35,5],[11,65],[35,20],[75,-55],[82,1],[88,-47],[27,42],[-6,56],[24,-35],[24,16],[-23,24],[-2,47],[27,63]],[[8831,9368],[27,19],[-28,37],[28,113],[-58,17],[-14,38],[-26,11],[-52,-10],[-73,88],[31,56],[-37,-25],[-35,28],[-8,78],[16,15],[57,-75],[76,37],[-33,54],[24,37],[-38,24],[23,41],[-17,28],[25,28]],[[8719,10007],[26,-22],[186,68],[22,3],[-18,-67],[22,-13],[18,23],[29,-57],[25,72],[33,-48],[29,26],[1,-24],[22,-6],[26,10],[-21,36],[47,12],[22,-58],[89,-17],[18,-58],[68,-18],[20,85],[74,3],[19,32],[17,-16],[27,11],[12,-32],[32,16],[0,-26],[107,-24],[1,-70],[24,-36],[24,12],[27,-27],[107,-24],[78,38],[19,43],[78,-24],[6,-24]],[[10838,9570],[13,-17],[53,12],[3,28],[80,-4],[35,18],[2,28],[82,40],[80,-45],[0,-29],[54,0],[6,-42],[49,-3],[3,24]],[[10458,9920],[23,18],[30,-15],[18,21],[-27,28],[39,-12],[33,19],[63,-40],[65,4],[13,-55],[57,34],[63,100],[-23,34],[40,0],[-61,145],[50,69],[-17,49],[19,84],[67,74],[-5,-65],[23,-43],[49,-39],[52,3],[31,60],[-44,90],[9,18]],[[10350,9897],[-11,31],[-70,19],[-38,71],[-38,-5],[-17,25],[47,91],[8,66],[-17,21],[99,21],[-5,139],[-71,31]],[[10237,10407],[63,20],[9,47],[23,13],[-20,131],[64,-27],[-15,78],[-47,-10],[-16,19],[4,19],[45,-2],[-17,36],[12,39],[22,-6],[71,-7]],[[10237,10407],[-120,24],[-77,76],[-102,-10],[-8,13],[31,6],[5,105],[35,20],[-1,43],[-44,-3],[3,14],[-12,30],[-27,3],[-62,-34],[-69,6],[-37,-31],[-24,43],[-54,-60],[-54,8]],[[9620,10660],[-61,33],[-7,25],[-44,9],[13,79],[-30,-17],[-24,28],[-58,-8],[9,29],[-23,5],[47,21],[9,36],[-41,21],[8,45],[21,10],[-43,70],[6,40],[39,-16],[-12,66],[84,-1],[7,59],[32,-6],[16,41],[37,12],[-3,31],[-75,38],[10,64],[20,0]],[[9557,11374],[21,-5],[34,48],[13,90],[25,7]],[[8719,10007],[-6,21],[-33,-19],[-40,233],[26,22],[-9,56],[52,-3],[26,40],[-33,49],[-79,27]],[[8623,10433],[35,37],[77,-32],[25,-45],[62,30],[8,-59],[58,0],[39,-67],[47,45],[107,3],[33,-39],[10,-58],[80,-9],[43,53],[30,-35],[27,59],[26,-77],[33,-34],[26,12],[18,73],[55,65],[48,9],[-7,67],[68,42],[22,154],[39,21],[-12,12]],[[8813,9391],[-133,-4],[-13,27],[-15,-10],[-155,55],[-29,57],[-40,-30],[-1,39],[-140,35],[-43,42],[-25,-25],[-19,10],[-98,-38],[-26,27],[-29,-19],[-23,60],[-39,19],[-57,-36],[-82,197],[-44,-30],[-25,-75],[-81,6],[-7,91],[-62,-20],[-8,-26],[25,-7],[-16,-121],[-98,45],[-93,-24],[-21,17],[0,80],[34,64],[-54,107],[10,30],[-50,15],[46,55],[10,-27],[-11,104],[35,24],[7,38],[-27,43],[37,-22],[13,37],[-16,26],[40,16],[26,-14],[2,86],[43,10],[13,83],[111,35],[36,108]],[[7721,10551],[30,-18],[75,8],[56,-51],[57,-15],[214,83],[103,-41],[39,76],[38,10]],[[8333,10603],[29,-2],[44,-68],[45,14],[33,51],[34,-1],[36,-65],[69,-99]],[[7307,9541],[-13,133],[37,33],[-1,62],[-63,60],[21,56],[-33,43],[13,100],[-29,10],[21,15],[-17,15],[2,81],[-39,10],[24,46],[73,-12],[-14,79],[25,42],[-38,16],[58,-14],[-8,111],[-91,0],[-6,62],[-64,-3],[-59,54],[-104,-33]],[[7002,10507],[-20,56],[11,83],[48,23],[-23,8],[39,44],[-21,32],[16,12],[-42,47],[28,57],[39,1],[-4,114]],[[7073,10984],[103,-65]],[[7176,10919],[7,-51],[-30,-81],[63,-64],[90,-151],[139,-10],[120,-55],[44,34],[20,57],[65,1],[27,-48]],[[7002,10507],[19,-61],[-38,-71],[-29,40],[-63,28],[13,74],[-56,78],[38,63],[29,2],[-7,74],[-115,-3],[-38,-33],[0,31],[-9,-26],[-67,-9],[-5,-134]],[[6674,10560],[-59,-40],[7,-39],[15,4],[-19,-28],[-18,11],[-21,-36],[-48,3],[5,-34],[-18,28],[-67,-5],[-16,-35],[-19,12],[5,25],[-16,-10]],[[6405,10416],[-24,4],[3,35],[-24,18],[14,20],[22,-11],[16,83],[-42,22],[-13,41],[33,39],[66,18],[25,59],[-42,80],[-19,5],[-37,-44],[-33,42],[-54,3],[3,-16],[-53,17],[-27,-13],[-1,-49],[-123,6]],[[6095,10775],[49,43],[19,86],[96,95],[10,158],[-19,44],[62,-16],[36,21]],[[6348,11206],[77,5],[61,31],[56,-28],[27,-72],[61,-35],[167,-25],[49,27],[60,-14],[62,-91],[105,-20]],[[6841,9836],[62,64],[28,-20],[13,25],[-8,32],[-81,29],[-39,53],[-1,404],[-41,57],[-52,-11],[-4,26],[-44,65]],[[6272,10274],[75,68],[15,-17],[43,91]],[[5947,10364],[74,133],[-4,103],[-52,11],[-32,-46],[-31,21],[-18,-46],[-80,58],[-5,45],[-23,18],[-155,-1],[-14,59],[16,26],[89,10]],[[5712,10755],[53,9],[89,-32],[86,27],[91,-70],[32,81],[32,5]],[[5700,11536],[63,-61],[84,-135],[143,-96],[53,-10],[76,23],[229,-51]],[[5712,10755],[-38,55],[-126,-34],[-6,69],[-43,14],[-13,-25],[-18,19],[-41,-15],[-31,40],[4,30]],[[5400,10908],[67,32],[-9,34],[-47,18],[50,29],[-33,59]],[[5428,11080],[35,10],[12,67],[59,32],[2,25],[-40,11],[-4,34],[39,114],[-26,25],[29,26],[-31,30],[39,74],[-43,9],[59,67]],[[5558,11604],[105,-56],[37,-12]],[[4671,10870],[23,37],[104,38],[14,23],[101,13]],[[4913,10981],[77,-19],[72,20],[6,-26],[8,19],[19,-9],[-11,-42],[78,-23],[45,21],[141,-26],[52,12]],[[4913,10981],[-63,33],[-25,40],[74,47],[-12,40]],[[4887,11141],[71,84],[56,-30],[30,-27],[54,21],[0,-49],[47,-29],[60,49],[18,-38],[55,-13],[17,26],[46,-98],[48,44],[39,-1]],[[4433,10979],[-27,42],[59,200],[73,39],[-10,115],[-22,32]],[[4506,11407],[42,17],[81,-77],[61,14],[16,-87],[33,11],[32,-51],[116,-93]],[[4506,11407],[-74,84],[25,109],[-45,58],[0,2],[25,18],[18,-11],[23,-25],[0,-60],[53,-20],[55,53],[64,5],[45,92],[52,16],[24,-8],[4,-83],[41,-43],[19,28],[-8,59],[-30,49],[6,44],[-32,28],[50,54],[1,2],[93,40],[2,-1],[21,0],[67,-61],[17,-85],[46,-27],[68,13],[14,71],[43,26],[49,-41],[239,-107],[77,-82]],[[6620,11959],[55,-38],[-15,-48],[20,-29],[14,28],[-2,-25],[36,18],[-22,41],[25,57],[94,-23],[2,-39],[47,-56],[36,-11],[12,-65],[-24,-48],[51,-31],[1,-21],[92,-14],[-6,-50],[87,-10],[7,-25],[51,4],[2,-39],[89,-9],[13,-116],[74,-3],[-12,-49],[29,-13],[47,17],[35,-153],[134,-13]],[[7592,11196],[-53,-66],[10,-26],[-19,-29],[18,-15],[-34,-9],[-13,-34],[-78,-11],[-5,-18],[-120,42],[-25,-101],[-82,11],[-15,-21]],[[5700,11536],[22,32],[50,-54],[57,19],[16,-21],[-30,3],[-8,-22],[36,-15],[59,6],[39,31],[42,-39],[25,32],[54,108],[-37,31],[-23,-10],[-66,94],[-42,26],[-2,76],[16,5],[142,-23],[74,-61],[31,33],[40,-9],[-41,-44],[6,-29],[39,36],[26,-12],[12,43],[40,-29],[29,50],[55,-20],[19,-9],[-32,-46],[-32,0],[-27,-79],[50,-22],[10,18],[46,-8],[66,82],[-54,71],[21,53],[-31,11],[21,187],[38,10],[21,-24],[-24,-26],[28,-23],[12,-69],[-15,1],[34,-35],[108,94]],[[6459,12691],[6,-6],[1,-1],[142,-58],[17,24],[203,3],[-4,-66],[-42,-12],[-35,-52],[43,-45],[102,-2],[40,72],[248,-96],[56,-1],[5,-32],[53,-27],[40,36],[47,-18]],[[7381,12410],[76,-33],[146,-146],[-13,-28],[38,-38],[10,21],[42,-17],[3,21],[42,8],[57,-22],[71,30],[-8,-21],[83,3],[13,20],[51,-10],[47,-56],[-37,-27],[18,-44],[-11,-22],[-35,-3],[-9,-63],[-6,23],[-36,-2],[-17,25],[28,18],[-1,33],[-91,-28],[-25,30],[-21,-10],[6,-41],[-94,-60],[15,-96],[74,-34],[-118,-47],[-53,-57],[-7,-42],[-23,3],[43,-55],[53,5],[-37,-62],[-27,-166]],[[7628,11420],[-23,-102],[-21,-17],[-58,22],[-14,-49],[82,-1],[-2,-77]],[[6620,11959],[-10,33],[20,15],[-38,90],[-2,68],[31,37],[7,75],[-138,46],[0,69],[20,3],[7,34],[-24,64],[-62,-18],[-36,69],[16,23],[-52,36],[8,45],[56,60],[36,-17]],[[7954,11374],[12,-70],[76,-35],[32,37],[-4,-52],[35,-2]],[[8105,11252],[0,-144],[82,30],[39,-41],[-13,-19],[19,-27],[55,-34],[2,23],[48,-13],[10,-54],[18,17],[37,-46],[-42,-132],[38,-60],[-4,-16],[-45,5],[7,-122],[-23,-16]],[[7628,11420],[12,-9],[22,5],[40,-57],[45,-6],[-16,-42],[32,-59],[75,98],[16,-20],[30,46],[70,-2]],[[8105,11252],[40,-14],[23,40],[7,-18],[23,5],[35,61],[120,-50],[50,16],[36,-24],[4,38],[22,2],[24,55],[43,-21],[-28,-94],[18,-46],[26,4],[-2,24],[35,-9],[63,81],[28,-11],[7,45],[16,3],[29,-43],[65,-32],[-39,-183],[71,-5],[25,32],[111,38],[0,42],[27,1],[11,29],[19,107],[61,-2],[13,46],[32,-12],[8,40],[26,-6],[7,21],[47,-25],[25,42],[39,-21],[-5,34],[51,-11],[50,-55],[77,9],[7,-36],[5,70],[41,11],[59,-56]],[[8787,11967],[40,-30],[40,21],[138,-45],[93,-52],[97,-1]],[[7954,11374],[53,67],[-24,43],[8,37],[57,21],[1,72],[53,9],[40,51],[-39,44],[37,22],[0,83],[26,44],[95,-37],[37,22],[52,-10],[-11,-25],[49,0],[22,-52],[18,29],[32,-49],[31,39],[30,-41],[50,69],[54,-9],[1,32],[-17,2],[52,36],[48,103],[17,10],[10,-19],[51,0]],[[8228,12557],[23,-112],[21,28],[25,-11],[27,10],[-33,-22],[43,0],[0,24],[-18,11],[30,9],[50,-21],[-5,-24],[21,-14],[-30,-67],[30,-34],[7,-79],[225,-67],[82,-167],[61,-54]],[[7381,12410],[3,56],[-69,28],[16,46],[-47,-11],[-1,21],[97,28],[7,-28],[51,15],[18,-21],[64,29],[29,41],[23,-7],[42,66]],[[7614,12673],[57,-75],[119,-18],[28,59],[27,4],[1,71],[96,64],[86,-16],[-2,-25],[35,-32],[65,-10],[1,-41],[49,-43],[3,-46],[49,-8]],[[8809,13024],[-3,-27],[26,-6],[-4,-39],[113,-24],[96,-78],[82,21],[6,64],[23,19],[35,-37],[-10,-85],[55,-13],[112,31]],[[8228,12557],[24,-1],[94,90],[-8,152],[52,-4],[-3,42],[24,19],[-8,111],[44,61],[56,25],[157,-72],[51,10],[17,38],[-56,26],[47,7],[87,-18],[3,-19]],[[9018,13705],[-37,-33],[10,-17],[-21,-23],[16,-12],[-19,-18],[48,-10],[-10,-63],[33,-8],[15,20],[6,-45],[-20,-11],[47,-21],[-10,-44],[51,-23],[2,-28],[-57,-63],[-50,-5],[8,60],[-35,9],[-11,-39],[-36,-24],[59,-15],[29,-50],[-2,-86],[-21,-23],[-26,12],[-1,-31],[-28,28],[-26,-27],[-21,19],[-30,-107],[-22,-5],[-5,21],[-18,-30],[-27,11]],[[7614,12673],[-11,51],[-72,29],[19,42],[-32,40],[11,30],[36,-20],[39,53],[-89,31],[48,57],[-22,56],[9,29],[61,-35],[49,11],[13,-42],[32,13],[51,-105],[52,11],[24,-34],[52,37],[39,-12],[-27,122],[39,12],[9,52],[77,12],[37,28],[-130,109],[-48,16],[9,18],[33,-10],[20,24],[12,-17],[86,-1],[5,27],[35,1],[72,-9],[47,-57],[73,31],[94,-57],[69,14],[26,129],[-24,50],[-79,41],[-13,66],[-95,2],[-68,37],[39,77],[-50,52],[29,27],[-12,36],[34,-13],[49,-77],[20,10],[2,36],[101,5]],[[8394,13708],[31,-13],[67,32],[25,-26],[26,41],[26,-1],[7,-29],[85,4],[15,32],[33,-17],[33,54],[96,23],[10,-29],[1,-24],[50,27],[33,-13],[11,-25],[-29,-15],[101,-4],[3,-20]],[[9018,13705],[51,-30],[7,-36],[59,-19],[67,49],[88,15],[94,-66],[92,-8],[23,31],[10,-25],[31,5],[32,-25],[17,139],[-47,12],[16,31],[-45,-17],[-61,92],[11,22],[23,-10],[24,131],[-14,16],[-7,-17],[-35,43],[75,147],[-72,94],[34,-3],[74,-77],[51,-6]],[[8394,13708],[23,54],[45,27],[26,-12],[32,165],[74,-27],[75,49],[38,59],[30,-8],[6,63],[35,5],[-11,33],[-24,3],[4,43],[101,121],[35,102],[32,4]],[[8915,14389],[82,-17],[37,-50],[96,-9],[47,19],[-15,69],[28,47],[-12,15],[78,-7],[-1,-49],[28,-4],[11,-29],[64,97],[63,-110],[24,-5],[55,21],[19,59],[-23,9],[7,21],[87,7],[37,-26],[52,21]],[[8915,14389],[-31,79],[68,26],[15,43],[-28,32],[-29,-54],[-50,25],[4,29],[25,5],[-3,75],[41,26],[-17,22],[13,38],[76,4],[-4,16],[22,4],[-6,62],[-53,26],[17,61],[58,4],[4,45],[-21,9],[-1,-28],[-53,-19],[17,54],[-27,59],[-23,-15],[1,-67],[-25,-15],[-20,39],[41,20],[-26,24],[28,38],[-21,35],[1,89],[27,-5],[15,24],[-26,71],[-51,51],[-94,-4],[4,57],[1,6],[142,-18],[105,-56],[-1,-44],[112,-31],[3,34],[57,-19],[18,37],[99,6]]],"transform":{"scale":[0.00022222792943598672,0.00020156549228012385],"translate":[85.8198337828029,21.483673178174683]},"objects":{"India_AC":{"type":"GeometryCollection","geometries":[{"arcs":[[[0]],[[1]],[[2]],[[3]],[[4]],[[5]],[[6]],[[7]],[[8]],[[9]],[[10]],[[11]],[[12]],[[13]],[[14]],[[15]],[[16]],[[17]],[[18]],[[19]],[[20]],[[21]],[[22]],[[23]],[[24]],[[25]],[[26]],[[27]],[[28]],[[29]],[[30]],[[31]],[[32]],[[33]],[[34]],[[35,36,37,38,39,40]]],"type":"MultiPolygon","properties":{"ac_no":1,"name":"MEKLIGANJ (SC)","state_code":"S25","ls_parent":"JALPAIGURI (SC)"}},{"arcs":[[41,42,43,44,-36,45]],"type":"Polygon","properties":{"ac_no":2,"name":"MATHABHANGA (SC)","state_code":"S25","ls_parent":"COOCHBEHAR (SC)"}},{"arcs":[[46,47,-43,48,49]],"type":"Polygon","properties":{"ac_no":3,"name":"COOCHBEHAR UTTAR (SC)","state_code":"S25","ls_parent":"COOCHBEHAR (SC)"}},{"arcs":[[50,51,52,-44,-48]],"type":"Polygon","properties":{"ac_no":4,"name":"COOCHBEHAR DAKSHIN","state_code":"S25","ls_parent":"COOCHBEHAR (SC)"}},{"arcs":[[-53,53,54,-37,-45]],"type":"Polygon","properties":{"ac_no":5,"name":"SITALKUCHI (SC)","state_code":"S25","ls_parent":"COOCHBEHAR (SC)"}},{"arcs":[[55,56,-54,-52,57]],"type":"Polygon","properties":{"ac_no":6,"name":"SITAI (SC)","state_code":"S25","ls_parent":"COOCHBEHAR (SC)"}},{"arcs":[[[58]],[[-56,59,60]]],"type":"MultiPolygon","properties":{"ac_no":7,"name":"DINHATA","state_code":"S25","ls_parent":"COOCHBEHAR (SC)"}},{"arcs":[[61,62,63,64,65,-60,-58,-51,-47,66]],"type":"Polygon","properties":{"ac_no":8,"name":"NATABARI","state_code":"S25","ls_parent":"COOCHBEHAR (SC)"}},{"arcs":[[[67]],[[68,69,70,71,72,73,-64,74,75]]],"type":"MultiPolygon","properties":{"ac_no":9,"name":"TUFANGANJ","state_code":"S25","ls_parent":"ALIPURDUARS (ST)"}},{"arcs":[[76,77,-76,-62,78,79,80,81,82,83,84]],"type":"Polygon","properties":{"ac_no":10,"name":"KUMARGRAM (ST)","state_code":"S25","ls_parent":"ALIPURDUARS (ST)"}},{"arcs":[[-84,85,-82,86,87,88,89]],"type":"Polygon","properties":{"ac_no":11,"name":"KALCHINI (ST)","state_code":"S25","ls_parent":"ALIPURDUARS (ST)"}},{"arcs":[[-81,90,-79,-67,-50,91,-87]],"type":"Polygon","properties":{"ac_no":12,"name":"ALIPURDUARS","state_code":"S25","ls_parent":"ALIPURDUARS (ST)"}},{"arcs":[[-88,-92,-49,-42,92,93]],"type":"Polygon","properties":{"ac_no":13,"name":"FALAKATA (SC)","state_code":"S25","ls_parent":"ALIPURDUARS (ST)"}},{"arcs":[[-89,-94,94,95,96]],"type":"Polygon","properties":{"ac_no":14,"name":"MADARIHAT (ST)","state_code":"S25","ls_parent":"ALIPURDUARS (ST)"}},{"arcs":[[-95,-93,-46,-41,97,98]],"type":"Polygon","properties":{"ac_no":15,"name":"DHUPGURI (SC)","state_code":"S25","ls_parent":"JALPAIGURI (SC)"}},{"arcs":[[-98,-40,99,100,101]],"type":"Polygon","properties":{"ac_no":16,"name":"MAYNAGURI (SC)","state_code":"S25","ls_parent":"JALPAIGURI (SC)"}},{"arcs":[[-100,-39,102,103,104]],"type":"Polygon","properties":{"ac_no":17,"name":"JALPAIGURI (SC)","state_code":"S25","ls_parent":"JALPAIGURI (SC)"}},{"arcs":[[-104,105,106,107,108]],"type":"Polygon","properties":{"ac_no":18,"name":"RAJGANJ (SC)","state_code":"S25","ls_parent":"JALPAIGURI (SC)"}},{"arcs":[[109,-108,110,111,112,113,114,115]],"type":"Polygon","properties":{"ac_no":19,"name":"DABGRAM-PHULBARI","state_code":"S25","ls_parent":"JALPAIGURI (SC)"}},{"arcs":[[116,-101,-105,-109,-110,117,118]],"type":"Polygon","properties":{"ac_no":20,"name":"MAL (ST)","state_code":"S25","ls_parent":"JALPAIGURI (SC)"}},{"arcs":[[-96,-99,-102,-117,119,120]],"type":"Polygon","properties":{"ac_no":21,"name":"NAGRAKATA (ST)","state_code":"S25","ls_parent":"ALIPURDUARS (ST)"}},{"arcs":[[121,-120,-119,122,123,124]],"type":"Polygon","properties":{"ac_no":22,"name":"KALIMPONG","state_code":"S25","ls_parent":"DARJEELING"}},{"arcs":[[125,126,127]],"type":"Polygon","properties":{"ac_no":23,"name":"DARJEELING","state_code":"S25","ls_parent":"DARJEELING"}},{"arcs":[[128,-123,-118,129,-115,130,131,132,133,-127,134]],"type":"Polygon","properties":{"ac_no":24,"name":"KURSEONG","state_code":"S25","ls_parent":"DARJEELING"}},{"arcs":[[-114,135,-112,136,137,-133,138,-131]],"type":"Polygon","properties":{"ac_no":25,"name":"MATIGARA-NAXALBARI(SC)","state_code":"S25","ls_parent":"DARJEELING"}},{"arcs":[[-136,-113]],"type":"Polygon","properties":{"ac_no":26,"name":"SILIGURI","state_code":"S25","ls_parent":"DARJEELING"}},{"arcs":[[-111,-107,139,140,141,-137]],"type":"Polygon","properties":{"ac_no":27,"name":"PHANSIDEWA (ST)","state_code":"S25","ls_parent":"DARJEELING"}},{"arcs":[[142,143,144,-141]],"type":"Polygon","properties":{"ac_no":28,"name":"CHOPRA","state_code":"S25","ls_parent":"DARJEELING"}},{"arcs":[[-144,145,146,147]],"type":"Polygon","properties":{"ac_no":29,"name":"ISLAMPUR","state_code":"S25","ls_parent":"RAIGANJ"}},{"arcs":[[148,149,150,151,152,-147]],"type":"Polygon","properties":{"ac_no":30,"name":"GOALPOKHAR","state_code":"S25","ls_parent":"RAIGANJ"}},{"arcs":[[-151,153,154,155,156,157]],"type":"Polygon","properties":{"ac_no":31,"name":"CHAKULIA","state_code":"S25","ls_parent":"RAIGANJ"}},{"arcs":[[158,159,160,-156,161,-154,-150]],"type":"Polygon","properties":{"ac_no":32,"name":"KARANDIGHI","state_code":"S25","ls_parent":"RAIGANJ"}},{"arcs":[[162,163,164,165,-160]],"type":"Polygon","properties":{"ac_no":33,"name":"HEMTABAD (SC)","state_code":"S25","ls_parent":"RAIGANJ"}},{"arcs":[[166,167,168,-164,169]],"type":"Polygon","properties":{"ac_no":34,"name":"KALIAGANJ (SC)","state_code":"S25","ls_parent":"RAIGANJ"}},{"arcs":[[-169,170,171,-165]],"type":"Polygon","properties":{"ac_no":35,"name":"RAIGANJ","state_code":"S25","ls_parent":"RAIGANJ"}},{"arcs":[[-168,172,173,174,175,176,177,-171]],"type":"Polygon","properties":{"ac_no":36,"name":"ITAHAR","state_code":"S25","ls_parent":"BALURGHAT"}},{"arcs":[[178,179,180,-173,-167,181]],"type":"Polygon","properties":{"ac_no":37,"name":"KUSHMANDI (SC)","state_code":"S25","ls_parent":"BALURGHAT"}},{"arcs":[[182,183,-179,184]],"type":"Polygon","properties":{"ac_no":38,"name":"KUMARGANJ","state_code":"S25","ls_parent":"BALURGHAT"}},{"arcs":[[185,186]],"type":"Polygon","properties":{"ac_no":39,"name":"BALURGHAT","state_code":"S25","ls_parent":"BALURGHAT"}},{"arcs":[[187,-186,188,189,-183]],"type":"Polygon","properties":{"ac_no":40,"name":"TAPAN(ST)","state_code":"S25","ls_parent":"BALURGHAT"}},{"arcs":[[-190,190,191,192,-180,-184]],"type":"Polygon","properties":{"ac_no":41,"name":"GANGARAMPUR (SC)","state_code":"S25","ls_parent":"BALURGHAT"}},{"arcs":[[-193,193,194,-174,-181]],"type":"Polygon","properties":{"ac_no":42,"name":"HARIRAMPUR","state_code":"S25","ls_parent":"BALURGHAT"}},{"arcs":[[195,196,197,-194,-192]],"type":"Polygon","properties":{"ac_no":43,"name":"HABIBPUR (ST)","state_code":"S25","ls_parent":"MALDAHA UTTAR"}},{"arcs":[[-198,198,199,-175,-195]],"type":"Polygon","properties":{"ac_no":44,"name":"GAZOLE (SC)","state_code":"S25","ls_parent":"MALDAHA UTTAR"}},{"arcs":[[-177,200,201,202]],"type":"Polygon","properties":{"ac_no":45,"name":"CHANCHAL","state_code":"S25","ls_parent":"MALDAHA UTTAR"}},{"arcs":[[203,204,205,206,-202]],"type":"Polygon","properties":{"ac_no":46,"name":"HARISCHANDRAPUR","state_code":"S25","ls_parent":"MALDAHA UTTAR"}},{"arcs":[[-176,-200,207,208,-204,-201]],"type":"Polygon","properties":{"ac_no":47,"name":"MALATIPUR","state_code":"S25","ls_parent":"MALDAHA UTTAR"}},{"arcs":[[209,210,211,-205,-209]],"type":"Polygon","properties":{"ac_no":48,"name":"RATUA","state_code":"S25","ls_parent":"MALDAHA UTTAR"}},{"arcs":[[-211,212,213,214,215]],"type":"Polygon","properties":{"ac_no":49,"name":"MANIKCHAK","state_code":"S25","ls_parent":"MALDAHA DAKSHIN"}},{"arcs":[[-197,216,217,-213,-210,-208,-199]],"type":"Polygon","properties":{"ac_no":50,"name":"MALDAHA (SC)","state_code":"S25","ls_parent":"MALDAHA UTTAR"}},{"arcs":[[218,219,220,221,-214,-218]],"type":"Polygon","properties":{"ac_no":51,"name":"ENGLISH BAZAR","state_code":"S25","ls_parent":"MALDAHA DAKSHIN"}},{"arcs":[[-222,222,223,224,225,-215]],"type":"Polygon","properties":{"ac_no":52,"name":"MOTHABARI","state_code":"S25","ls_parent":"MALDAHA DAKSHIN"}},{"arcs":[[226,-223,-221]],"type":"Polygon","properties":{"ac_no":53,"name":"SUJAPUR","state_code":"S25","ls_parent":"MALDAHA DAKSHIN"}},{"arcs":[[-227,-220,227,228,229,-224]],"type":"Polygon","properties":{"ac_no":54,"name":"BAISNABNAGAR","state_code":"S25","ls_parent":"MALDAHA DAKSHIN"}},{"arcs":[[230,231,-225,-230]],"type":"Polygon","properties":{"ac_no":55,"name":"FARAKKA","state_code":"S25","ls_parent":"MALDAHA DAKSHIN"}},{"arcs":[[232,233,234,-231,-229]],"type":"Polygon","properties":{"ac_no":56,"name":"SAMSERGANJ","state_code":"S25","ls_parent":"MALDAHA DAKSHIN"}},{"arcs":[[235,236,237,238,-234,239]],"type":"Polygon","properties":{"ac_no":57,"name":"SUTI","state_code":"S25","ls_parent":"JANGIPUR"}},{"arcs":[[240,241,242,243,-237]],"type":"Polygon","properties":{"ac_no":58,"name":"JANGIPUR","state_code":"S25","ls_parent":"JANGIPUR"}},{"arcs":[[244,245,-241,-236,246]],"type":"Polygon","properties":{"ac_no":59,"name":"RAGHUNATHGANJ","state_code":"S25","ls_parent":"JANGIPUR"}},{"arcs":[[247,248,249,250,251,252,-242,-246]],"type":"Polygon","properties":{"ac_no":60,"name":"SAGARDIGHI","state_code":"S25","ls_parent":"JANGIPUR"}},{"arcs":[[253,-248,-245,254]],"type":"Polygon","properties":{"ac_no":61,"name":"LALGOLA","state_code":"S25","ls_parent":"JANGIPUR"}},{"arcs":[[255,256,-249,-254,257]],"type":"Polygon","properties":{"ac_no":62,"name":"BHAGABANGOLA","state_code":"S25","ls_parent":"MURSHIDABAD"}},{"arcs":[[258,259,260,261,-256,262]],"type":"Polygon","properties":{"ac_no":63,"name":"RANINAGAR","state_code":"S25","ls_parent":"MURSHIDABAD"}},{"arcs":[[-262,263,264,265,-250,-257]],"type":"Polygon","properties":{"ac_no":64,"name":"MURSHIDABAD","state_code":"S25","ls_parent":"MURSHIDABAD"}},{"arcs":[[-266,266,267,268,269,270,-251]],"type":"Polygon","properties":{"ac_no":65,"name":"NABAGRAM (SC)","state_code":"S25","ls_parent":"JANGIPUR"}},{"arcs":[[-270,271,272,273,274]],"type":"Polygon","properties":{"ac_no":66,"name":"KHARGRAM (SC)","state_code":"S25","ls_parent":"JANGIPUR"}},{"arcs":[[275,276,277,278,279,-273]],"type":"Polygon","properties":{"ac_no":67,"name":"BURWAN (SC)","state_code":"S25","ls_parent":"BAHARAMPUR"}},{"arcs":[[280,281,282,-276,-272,-269]],"type":"Polygon","properties":{"ac_no":68,"name":"KANDI","state_code":"S25","ls_parent":"BAHARAMPUR"}},{"arcs":[[283,284,-277,-283]],"type":"Polygon","properties":{"ac_no":69,"name":"BHARATPUR","state_code":"S25","ls_parent":"BAHARAMPUR"}},{"arcs":[[285,286,287,-284,-282,288]],"type":"Polygon","properties":{"ac_no":70,"name":"REJINAGAR","state_code":"S25","ls_parent":"BAHARAMPUR"}},{"arcs":[[289,290,-289,-281,-268,291]],"type":"Polygon","properties":{"ac_no":71,"name":"BELDANGA","state_code":"S25","ls_parent":"BAHARAMPUR"}},{"arcs":[[292,-292,-267,-265]],"type":"Polygon","properties":{"ac_no":72,"name":"BAHARAMPUR","state_code":"S25","ls_parent":"BAHARAMPUR"}},{"arcs":[[-261,293,294,-290,-293,-264]],"type":"Polygon","properties":{"ac_no":73,"name":"HARIHARPARA","state_code":"S25","ls_parent":"MURSHIDABAD"}},{"arcs":[[-295,295,296,297,298,-286,-291]],"type":"Polygon","properties":{"ac_no":74,"name":"NAODA","state_code":"S25","ls_parent":"BAHARAMPUR"}},{"arcs":[[299,300,301,-296,-294,-260]],"type":"Polygon","properties":{"ac_no":75,"name":"DOMKAL","state_code":"S25","ls_parent":"MURSHIDABAD"}},{"arcs":[[302,-300,-259,303]],"type":"Polygon","properties":{"ac_no":76,"name":"JALANGI","state_code":"S25","ls_parent":"MURSHIDABAD"}},{"arcs":[[304,-301,-303,305]],"type":"Polygon","properties":{"ac_no":77,"name":"KARIMPUR","state_code":"S25","ls_parent":"MURSHIDABAD"}},{"arcs":[[-305,306,307,-297,-302]],"type":"Polygon","properties":{"ac_no":78,"name":"TEHATTA","state_code":"S25","ls_parent":"KRISHNANAGAR"}},{"arcs":[[-308,308,309,310,311,-298]],"type":"Polygon","properties":{"ac_no":79,"name":"PALASHIPARA","state_code":"S25","ls_parent":"KRISHNANAGAR"}},{"arcs":[[-312,312,313,314,-287,-299]],"type":"Polygon","properties":{"ac_no":80,"name":"KALIGANJ","state_code":"S25","ls_parent":"KRISHNANAGAR"}},{"arcs":[[-311,315,316,317,318,-313]],"type":"Polygon","properties":{"ac_no":81,"name":"NAKASHIPARA","state_code":"S25","ls_parent":"KRISHNANAGAR"}},{"arcs":[[319,320,321,-316,-310,322]],"type":"Polygon","properties":{"ac_no":82,"name":"CHAPRA","state_code":"S25","ls_parent":"KRISHNANAGAR"}},{"arcs":[[323,324,-321]],"type":"Polygon","properties":{"ac_no":83,"name":"KRISHNANAGAR UTTAR","state_code":"S25","ls_parent":"KRISHNANAGAR"}},{"arcs":[[325,326,327,328]],"type":"Polygon","properties":{"ac_no":84,"name":"NABADWIP","state_code":"S25","ls_parent":"KRISHNANAGAR"}},{"arcs":[[-322,-325,329,330,331,-329,332,-317]],"type":"Polygon","properties":{"ac_no":85,"name":"KRISHNANAGAR DAKSHIN","state_code":"S25","ls_parent":"RANAGHAT (SC)"}},{"arcs":[[-332,333,334,335,336,337,-326]],"type":"Polygon","properties":{"ac_no":86,"name":"SANTIPUR","state_code":"S25","ls_parent":"RANAGHAT (SC)"}},{"arcs":[[338,339,340,-334,-331]],"type":"Polygon","properties":{"ac_no":87,"name":"RANAGHAT UTTAR PASCHIM","state_code":"S25","ls_parent":"RANAGHAT (SC)"}},{"arcs":[[341,-339,-330,-324,-320,342]],"type":"Polygon","properties":{"ac_no":88,"name":"KRISHNAGANJ (SC)","state_code":"S25","ls_parent":"RANAGHAT (SC)"}},{"arcs":[[343,344,345,-340,-342]],"type":"Polygon","properties":{"ac_no":89,"name":"RANAGHAT UTTAR PURBA(SC)","state_code":"S25","ls_parent":"RANAGHAT (SC)"}},{"arcs":[[-346,346,347,348,349,-335,-341]],"type":"Polygon","properties":{"ac_no":90,"name":"RANAGHAT DAKSHIN (SC)","state_code":"S25","ls_parent":"RANAGHAT (SC)"}},{"arcs":[[350,351,352,353,354,-349]],"type":"Polygon","properties":{"ac_no":91,"name":"CHAKDAHA","state_code":"S25","ls_parent":"RANAGHAT (SC)"}},{"arcs":[[355,356,357,358,359,360,-354]],"type":"Polygon","properties":{"ac_no":92,"name":"KALYANI (SC)","state_code":"S25","ls_parent":"BANGAON (SC)"}},{"arcs":[[361,362,363,364,365,-356,-353]],"type":"Polygon","properties":{"ac_no":93,"name":"HARINGHATA (SC)","state_code":"S25","ls_parent":"BANGAON (SC)"}},{"arcs":[[366,-347,-345,367]],"type":"Polygon","properties":{"ac_no":94,"name":"BAGDA (SC)","state_code":"S25","ls_parent":"BANGAON (SC)"}},{"arcs":[[368,369,-351,-348,-367]],"type":"Polygon","properties":{"ac_no":95,"name":"BANGAON UTTAR (SC)","state_code":"S25","ls_parent":"BANGAON (SC)"}},{"arcs":[[370,371,372,-362,-352,-370]],"type":"Polygon","properties":{"ac_no":96,"name":"BANGAON DAKSHIN (SC)","state_code":"S25","ls_parent":"BANGAON (SC)"}},{"arcs":[[373,374,375,376,377,-363,-373]],"type":"Polygon","properties":{"ac_no":97,"name":"GAIGHATA (SC)","state_code":"S25","ls_parent":"BANGAON (SC)"}},{"arcs":[[-372,378,379,380,-374]],"type":"Polygon","properties":{"ac_no":98,"name":"SWARUPNAGAR","state_code":"S25","ls_parent":"BANGAON (SC)"}},{"arcs":[[-381,381,382,383,-375]],"type":"Polygon","properties":{"ac_no":99,"name":"BADURIA","state_code":"S25","ls_parent":"BASIRHAT"}},{"arcs":[[384,385,386,-377]],"type":"Polygon","properties":{"ac_no":100,"name":"HABRA","state_code":"S25","ls_parent":"BARASAT"}},{"arcs":[[-378,-387,387,-364]],"type":"Polygon","properties":{"ac_no":101,"name":"ASHOKNAGAR","state_code":"S25","ls_parent":"BARASAT"}},{"arcs":[[-388,-386,388,389,390,391,392,393,394,-365]],"type":"Polygon","properties":{"ac_no":102,"name":"AMDANGA","state_code":"S25","ls_parent":"BARRACKPUR"}},{"arcs":[[395,396,-358]],"type":"Polygon","properties":{"ac_no":103,"name":"BIJPUR","state_code":"S25","ls_parent":"BARRACKPUR"}},{"arcs":[[-366,-395,397,398,-396,-357]],"type":"Polygon","properties":{"ac_no":104,"name":"NAIHATI","state_code":"S25","ls_parent":"BARRACKPUR"}},{"arcs":[[399,400,401,402,403]],"type":"Polygon","properties":{"ac_no":105,"name":"BHATPARA","state_code":"S25","ls_parent":"BARRACKPUR"}},{"arcs":[[-394,404,-404,405,-398]],"type":"Polygon","properties":{"ac_no":106,"name":"JAGATDAL","state_code":"S25","ls_parent":"BARRACKPUR"}},{"arcs":[[-405,-393,406,407,408,-400]],"type":"Polygon","properties":{"ac_no":107,"name":"NOAPARA","state_code":"S25","ls_parent":"BARRACKPUR"}},{"arcs":[[409,410,-408]],"type":"Polygon","properties":{"ac_no":108,"name":"BARRACKPUR","state_code":"S25","ls_parent":"BARRACKPUR"}},{"arcs":[[411,412,413,414,415,-410,-407,-392]],"type":"Polygon","properties":{"ac_no":109,"name":"KHARDAHA","state_code":"S25","ls_parent":"DUM DUM"}},{"arcs":[[-413,416,417,418,419]],"type":"Polygon","properties":{"ac_no":110,"name":"DUM DUM UTTAR","state_code":"S25","ls_parent":"DUM DUM"}},{"arcs":[[-420,420,421,422,-414]],"type":"Polygon","properties":{"ac_no":111,"name":"PANIHATI","state_code":"S25","ls_parent":"DUM DUM"}},{"arcs":[[-419,423,424,425,-421]],"type":"Polygon","properties":{"ac_no":112,"name":"KAMARHATI","state_code":"S25","ls_parent":"DUM DUM"}},{"arcs":[[-425,426,427,428,429]],"type":"Polygon","properties":{"ac_no":113,"name":"BARANAGAR","state_code":"S25","ls_parent":"DUM DUM"}},{"arcs":[[430,431,432,-427,-424,-418,433]],"type":"Polygon","properties":{"ac_no":114,"name":"DUM DUM","state_code":"S25","ls_parent":"DUM DUM"}},{"arcs":[[434,435,436,-431,437]],"type":"Polygon","properties":{"ac_no":115,"name":"RAJARHAT NEW TOWN","state_code":"S25","ls_parent":"BARASAT"}},{"arcs":[[438,439,440,441,442,443]],"type":"Polygon","properties":{"ac_no":116,"name":"BIDHANNAGAR","state_code":"S25","ls_parent":"BARASAT"}},{"arcs":[[-444,444,445,-432,-437]],"type":"Polygon","properties":{"ac_no":117,"name":"RAJARHAT GOPALPUR","state_code":"S25","ls_parent":"DUM DUM"}},{"arcs":[[446,447,448,-438,-434,-417,-412,-391]],"type":"Polygon","properties":{"ac_no":118,"name":"MADHYAMGRAM","state_code":"S25","ls_parent":"BARASAT"}},{"arcs":[[-390,449,-447]],"type":"Polygon","properties":{"ac_no":119,"name":"BARASAT","state_code":"S25","ls_parent":"BARASAT"}},{"arcs":[[450,451,-448,-450,-389,-385,-376,-384]],"type":"Polygon","properties":{"ac_no":120,"name":"DEGANGA","state_code":"S25","ls_parent":"BARASAT"}},{"arcs":[[452,453,454,-435,-449,-452]],"type":"Polygon","properties":{"ac_no":121,"name":"HAROA","state_code":"S25","ls_parent":"BASIRHAT"}},{"arcs":[[455,456,457,458,-454]],"type":"Polygon","properties":{"ac_no":122,"name":"MINAKHAN (SC)","state_code":"S25","ls_parent":"BASIRHAT"}},{"arcs":[[459,460,461,-457,462,463]],"type":"Polygon","properties":{"ac_no":123,"name":"SANDESHKHALI (ST)","state_code":"S25","ls_parent":"BASIRHAT"}},{"arcs":[[464,465,-382,-380,466]],"type":"Polygon","properties":{"ac_no":124,"name":"BASIRHAT DAKSHIN","state_code":"S25","ls_parent":"BASIRHAT"}},{"arcs":[[-466,467,-463,-456,-453,-451,-383]],"type":"Polygon","properties":{"ac_no":125,"name":"BASIRHAT UTTAR","state_code":"S25","ls_parent":"BASIRHAT"}},{"arcs":[[468,469,-464,-468,-465]],"type":"Polygon","properties":{"ac_no":126,"name":"HINGALGANJ (SC)","state_code":"S25","ls_parent":"BASIRHAT"}},{"arcs":[[-470,470,471,472,-460]],"type":"Polygon","properties":{"ac_no":127,"name":"GOSABA (SC)","state_code":"S25","ls_parent":"JAYNAGAR (SC)"}},{"arcs":[[-473,473,474,475,-461]],"type":"Polygon","properties":{"ac_no":128,"name":"BASANTI (SC)","state_code":"S25","ls_parent":"JAYNAGAR (SC)"}},{"arcs":[[-474,-472,476,477,478,479,480,481]],"type":"Polygon","properties":{"ac_no":129,"name":"KULTALI (SC)","state_code":"S25","ls_parent":"JAYNAGAR (SC)"}},{"arcs":[[-478,482,483,484,485,486]],"type":"Polygon","properties":{"ac_no":130,"name":"PATHARPRATIMA","state_code":"S25","ls_parent":"MATHURAPUR (SC)"}},{"arcs":[[-485,487,488,489,490]],"type":"Polygon","properties":{"ac_no":131,"name":"KAKDWIP","state_code":"S25","ls_parent":"MATHURAPUR (SC)"}},{"arcs":[[-484,491,492,493,-488]],"type":"Polygon","properties":{"ac_no":132,"name":"SAGAR","state_code":"S25","ls_parent":"MATHURAPUR (SC)"}},{"arcs":[[494,495,-486,-491,496,497,498,499]],"type":"Polygon","properties":{"ac_no":133,"name":"KULPI","state_code":"S25","ls_parent":"MATHURAPUR (SC)"}},{"arcs":[[-479,-487,-496,500,501]],"type":"Polygon","properties":{"ac_no":134,"name":"RAIDIGHI","state_code":"S25","ls_parent":"MATHURAPUR (SC)"}},{"arcs":[[502,503,-501,-495,504]],"type":"Polygon","properties":{"ac_no":135,"name":"MANDIRBAZAR (SC)","state_code":"S25","ls_parent":"MATHURAPUR (SC)"}},{"arcs":[[-480,-502,-504,505,506]],"type":"Polygon","properties":{"ac_no":136,"name":"JAYNAGAR (SC)","state_code":"S25","ls_parent":"JAYNAGAR (SC)"}},{"arcs":[[507,-481,-507,508,509,510]],"type":"Polygon","properties":{"ac_no":137,"name":"BARUIPUR PURBA(SC)","state_code":"S25","ls_parent":"JADAVPUR"}},{"arcs":[[-475,-482,-508,511,512]],"type":"Polygon","properties":{"ac_no":138,"name":"CANNING PASCHIM(SC)","state_code":"S25","ls_parent":"JAYNAGAR (SC)"}},{"arcs":[[-458,-462,-476,-513,513,514]],"type":"Polygon","properties":{"ac_no":139,"name":"CANNING PURBA","state_code":"S25","ls_parent":"JAYNAGAR (SC)"}},{"arcs":[[515,516,517,-510]],"type":"Polygon","properties":{"ac_no":140,"name":"BARUIPUR PASCHIM","state_code":"S25","ls_parent":"JADAVPUR"}},{"arcs":[[-516,-509,-506,-503,518,519]],"type":"Polygon","properties":{"ac_no":141,"name":"MAGRAHAT PURBA(SC)","state_code":"S25","ls_parent":"JAYNAGAR (SC)"}},{"arcs":[[-519,-505,-500,520,521,522,523]],"type":"Polygon","properties":{"ac_no":142,"name":"MAGRAHAT PASCHIM","state_code":"S25","ls_parent":"MATHURAPUR (SC)"}},{"arcs":[[-521,-499,524,525,526,527]],"type":"Polygon","properties":{"ac_no":143,"name":"DIAMOND HARBOUR","state_code":"S25","ls_parent":"DIAMOND HARBOUR"}},{"arcs":[[-522,-528,528,529,530]],"type":"Polygon","properties":{"ac_no":144,"name":"FALTA","state_code":"S25","ls_parent":"DIAMOND HARBOUR"}},{"arcs":[[-523,-531,531,532,533]],"type":"Polygon","properties":{"ac_no":145,"name":"SATGACHHIA","state_code":"S25","ls_parent":"DIAMOND HARBOUR"}},{"arcs":[[534,535,536,537,-517,-520,-524,-534,538,539]],"type":"Polygon","properties":{"ac_no":146,"name":"BISHNUPUR (SC)","state_code":"S25","ls_parent":"DIAMOND HARBOUR"}},{"arcs":[[-512,-511,-518,-538,540,541,-514]],"type":"Polygon","properties":{"ac_no":147,"name":"SONARPUR DAKSHIN","state_code":"S25","ls_parent":"JADAVPUR"}},{"arcs":[[-459,-515,-542,542,-439,-436,-455]],"type":"Polygon","properties":{"ac_no":148,"name":"BHANGAR","state_code":"S25","ls_parent":"JADAVPUR"}},{"arcs":[[543,544,545,546,547,548,-441]],"type":"Polygon","properties":{"ac_no":149,"name":"KASBA","state_code":"S25","ls_parent":"KOLKATA DAKSHIN"}},{"arcs":[[549,550,551,-545]],"type":"Polygon","properties":{"ac_no":150,"name":"JADAVPUR","state_code":"S25","ls_parent":"JADAVPUR"}},{"arcs":[[-537,552,553,-550,-544,-440,-543,-541]],"type":"Polygon","properties":{"ac_no":151,"name":"SONARPUR UTTAR","state_code":"S25","ls_parent":"JADAVPUR"}},{"arcs":[[-554,554,555,556,-551]],"type":"Polygon","properties":{"ac_no":152,"name":"TOLLYGANJ","state_code":"S25","ls_parent":"JADAVPUR"}},{"arcs":[[-553,-536,557,-555]],"type":"Polygon","properties":{"ac_no":153,"name":"BEHALA PURBA","state_code":"S25","ls_parent":"KOLKATA DAKSHIN"}},{"arcs":[[558,-556,-558,-535,559,560]],"type":"Polygon","properties":{"ac_no":154,"name":"BEHALA PASCHIM","state_code":"S25","ls_parent":"KOLKATA DAKSHIN"}},{"arcs":[[561,-560,-540,562,563,564]],"type":"Polygon","properties":{"ac_no":155,"name":"MAHESHTALA","state_code":"S25","ls_parent":"DIAMOND HARBOUR"}},{"arcs":[[-539,-533,565,566,567,-563]],"type":"Polygon","properties":{"ac_no":156,"name":"BUDGE BUDGE","state_code":"S25","ls_parent":"DIAMOND HARBOUR"}},{"arcs":[[568,-565,569,570]],"type":"Polygon","properties":{"ac_no":157,"name":"METIABURUZ","state_code":"S25","ls_parent":"DIAMOND HARBOUR"}},{"arcs":[[571,572,573,-561,-562,-569]],"type":"Polygon","properties":{"ac_no":158,"name":"KOLKATA PORT","state_code":"S25","ls_parent":"KOLKATA DAKSHIN"}},{"arcs":[[574,575,-573,576,577]],"type":"Polygon","properties":{"ac_no":159,"name":"BHABANIPUR","state_code":"S25","ls_parent":"KOLKATA DAKSHIN"}},{"arcs":[[-546,-552,-557,-559,-574,-576,578]],"type":"Polygon","properties":{"ac_no":160,"name":"RASHBEHARI","state_code":"S25","ls_parent":"KOLKATA DAKSHIN"}},{"arcs":[[-547,-579,-575,579,580]],"type":"Polygon","properties":{"ac_no":161,"name":"BALLYGUNGE","state_code":"S25","ls_parent":"KOLKATA DAKSHIN"}},{"arcs":[[581,582,-580,-578,583,584]],"type":"Polygon","properties":{"ac_no":162,"name":"CHOWRANGEE","state_code":"S25","ls_parent":"KOLKATA UTTAR"}},{"arcs":[[-548,-581,-583,585]],"type":"Polygon","properties":{"ac_no":163,"name":"ENTALLY","state_code":"S25","ls_parent":"KOLKATA UTTAR"}},{"arcs":[[-549,-586,-582,586,587,-442]],"type":"Polygon","properties":{"ac_no":164,"name":"BELEGHATA","state_code":"S25","ls_parent":"KOLKATA UTTAR"}},{"arcs":[[-587,-585,588,589,590]],"type":"Polygon","properties":{"ac_no":165,"name":"JORASANKO","state_code":"S25","ls_parent":"KOLKATA UTTAR"}},{"arcs":[[-590,591,592,593]],"type":"Polygon","properties":{"ac_no":166,"name":"SHYAMPUKUR","state_code":"S25","ls_parent":"KOLKATA UTTAR"}},{"arcs":[[-588,-591,-594,594,-445,-443]],"type":"Polygon","properties":{"ac_no":167,"name":"MANIKTALA","state_code":"S25","ls_parent":"KOLKATA UTTAR"}},{"arcs":[[-433,-446,-595,-593,595,596,-428]],"type":"Polygon","properties":{"ac_no":168,"name":"KASHIPURBELGACHHIA","state_code":"S25","ls_parent":"KOLKATA UTTAR"}},{"arcs":[[-429,-597,597,598,599]],"type":"Polygon","properties":{"ac_no":169,"name":"BALLY","state_code":"S25","ls_parent":"HOWRAH"}},{"arcs":[[-592,-589,-584,600,601,602,-598,-596]],"type":"Polygon","properties":{"ac_no":170,"name":"HOWRAH UTTAR","state_code":"S25","ls_parent":"HOWRAH"}},{"arcs":[[-577,603,604,-601]],"type":"Polygon","properties":{"ac_no":171,"name":"HOWRAH MADHYA","state_code":"S25","ls_parent":"HOWRAH"}},{"arcs":[[-602,-605,605,606]],"type":"Polygon","properties":{"ac_no":172,"name":"SHIBPUR","state_code":"S25","ls_parent":"HOWRAH"}},{"arcs":[[-606,-604,-572,-571,607,608,609]],"type":"Polygon","properties":{"ac_no":173,"name":"HOWRAH DAKSHIN","state_code":"S25","ls_parent":"HOWRAH"}},{"arcs":[[-608,-570,-564,-568,610,611,612]],"type":"Polygon","properties":{"ac_no":174,"name":"SANKRAIL (SC)","state_code":"S25","ls_parent":"HOWRAH"}},{"arcs":[[-612,613,614,615,616]],"type":"Polygon","properties":{"ac_no":175,"name":"PANCHLA","state_code":"S25","ls_parent":"HOWRAH"}},{"arcs":[[-611,-567,617,618,-614]],"type":"Polygon","properties":{"ac_no":176,"name":"ULUBERIA PURBA","state_code":"S25","ls_parent":"ULUBERIA"}},{"arcs":[[-615,-619,619,620,621,622]],"type":"Polygon","properties":{"ac_no":177,"name":"ULUBERIA UTTAR (SC)","state_code":"S25","ls_parent":"ULUBERIA"}},{"arcs":[[-618,-566,-532,-530,623,624,-620]],"type":"Polygon","properties":{"ac_no":178,"name":"ULUBERIA DAKSHIN","state_code":"S25","ls_parent":"ULUBERIA"}},{"arcs":[[-624,-529,-527,625,626,627]],"type":"Polygon","properties":{"ac_no":179,"name":"SHYAMPUR","state_code":"S25","ls_parent":"ULUBERIA"}},{"arcs":[[-625,-628,628,629,630,-621]],"type":"Polygon","properties":{"ac_no":180,"name":"BAGNAN","state_code":"S25","ls_parent":"ULUBERIA"}},{"arcs":[[-622,-631,631,632,633,634]],"type":"Polygon","properties":{"ac_no":181,"name":"AMTA","state_code":"S25","ls_parent":"ULUBERIA"}},{"arcs":[[635,636,-616,-623,-635,637,638]],"type":"Polygon","properties":{"ac_no":182,"name":"UDAYNARAYANPUR","state_code":"S25","ls_parent":"ULUBERIA"}},{"arcs":[[639,640,-609,-613,-617,-637,641]],"type":"Polygon","properties":{"ac_no":183,"name":"JAGATBALLAVPUR","state_code":"S25","ls_parent":"SREERAMPUR"}},{"arcs":[[642,-599,-603,-607,-610,-641,643]],"type":"Polygon","properties":{"ac_no":184,"name":"DOMJUR","state_code":"S25","ls_parent":"SREERAMPUR"}},{"arcs":[[-422,-426,-430,-600,-643,644,645]],"type":"Polygon","properties":{"ac_no":185,"name":"UTTARPARA","state_code":"S25","ls_parent":"SREERAMPUR"}},{"arcs":[[-415,-423,-646,646,647,648]],"type":"Polygon","properties":{"ac_no":186,"name":"SREERAMPUR","state_code":"S25","ls_parent":"SREERAMPUR"}},{"arcs":[[-401,-409,-411,-416,-649,649,650]],"type":"Polygon","properties":{"ac_no":187,"name":"CHAMPDANI","state_code":"S25","ls_parent":"SREERAMPUR"}},{"arcs":[[651,652,-650,-648,653,654,655,656]],"type":"Polygon","properties":{"ac_no":188,"name":"SINGUR","state_code":"S25","ls_parent":"HOOGHLY"}},{"arcs":[[-402,-651,-653,657]],"type":"Polygon","properties":{"ac_no":189,"name":"CHANDANNAGAR","state_code":"S25","ls_parent":"HOOGHLY"}},{"arcs":[[-359,-397,-399,-406,-403,-658,-652,658]],"type":"Polygon","properties":{"ac_no":190,"name":"CHUNCHURA","state_code":"S25","ls_parent":"HOOGHLY"}},{"arcs":[[-355,-361,659,660,661,-336,-350]],"type":"Polygon","properties":{"ac_no":191,"name":"BALAGARH (SC)","state_code":"S25","ls_parent":"HOOGHLY"}},{"arcs":[[-661,662,663,664,665,666]],"type":"Polygon","properties":{"ac_no":192,"name":"PANDUA","state_code":"S25","ls_parent":"HOOGHLY"}},{"arcs":[[-660,-360,-659,-657,667,668,-663]],"type":"Polygon","properties":{"ac_no":193,"name":"SAPTAGRAM","state_code":"S25","ls_parent":"HOOGHLY"}},{"arcs":[[-647,-645,-644,-640,669,-654]],"type":"Polygon","properties":{"ac_no":194,"name":"CHANDITALA","state_code":"S25","ls_parent":"SREERAMPUR"}},{"arcs":[[670,-655,-670,-642,-636,671,672]],"type":"Polygon","properties":{"ac_no":195,"name":"JANGIPARA","state_code":"S25","ls_parent":"SREERAMPUR"}},{"arcs":[[673,-668,-656,-671,674]],"type":"Polygon","properties":{"ac_no":196,"name":"HARIPAL","state_code":"S25","ls_parent":"ARAMBAG (SC)"}},{"arcs":[[-669,-674,675,676,-664]],"type":"Polygon","properties":{"ac_no":197,"name":"DHANEKHALI(SC)","state_code":"S25","ls_parent":"HOOGHLY"}},{"arcs":[[-675,-673,677,678,-676]],"type":"Polygon","properties":{"ac_no":198,"name":"TARAKESWAR","state_code":"S25","ls_parent":"ARAMBAG (SC)"}},{"arcs":[[-678,-672,-639,679,680,681,682]],"type":"Polygon","properties":{"ac_no":199,"name":"PURSURAH","state_code":"S25","ls_parent":"ARAMBAG (SC)"}},{"arcs":[[-681,683,684,685]],"type":"Polygon","properties":{"ac_no":200,"name":"ARAMBAG (SC)","state_code":"S25","ls_parent":"ARAMBAG (SC)"}},{"arcs":[[686,687,-685,688,689,690,691,692,693]],"type":"Polygon","properties":{"ac_no":201,"name":"GOGHAT (SC)","state_code":"S25","ls_parent":"ARAMBAG (SC)"}},{"arcs":[[-638,-634,694,695,-689,-684,-680]],"type":"Polygon","properties":{"ac_no":202,"name":"KHANAKUL","state_code":"S25","ls_parent":"ARAMBAG (SC)"}},{"arcs":[[-627,696,697,698,699,-629]],"type":"Polygon","properties":{"ac_no":203,"name":"TAMLUK","state_code":"S25","ls_parent":"TAMLUK"}},{"arcs":[[-632,-630,-700,700,701,702]],"type":"Polygon","properties":{"ac_no":204,"name":"PANSKURA PURBA","state_code":"S25","ls_parent":"TAMLUK"}},{"arcs":[[-702,703,704,705,706]],"type":"Polygon","properties":{"ac_no":205,"name":"PANSKURA PASCHIM","state_code":"S25","ls_parent":"GHATAL"}},{"arcs":[[707,708,709,710,-704,-701,-699]],"type":"Polygon","properties":{"ac_no":206,"name":"MOYNA","state_code":"S25","ls_parent":"TAMLUK"}},{"arcs":[[711,712,-708,-698]],"type":"Polygon","properties":{"ac_no":207,"name":"NANDAKUMAR","state_code":"S25","ls_parent":"TAMLUK"}},{"arcs":[[-526,713,-497,-490,714,715,-712,-697,-626]],"type":"Polygon","properties":{"ac_no":208,"name":"MAHISADAL","state_code":"S25","ls_parent":"TAMLUK"}},{"arcs":[[-498,-714,-525]],"type":"Polygon","properties":{"ac_no":209,"name":"HALDIA (SC)","state_code":"S25","ls_parent":"TAMLUK"}},{"arcs":[[-489,-494,716,717,-715]],"type":"Polygon","properties":{"ac_no":210,"name":"NANDIGRAM","state_code":"S25","ls_parent":"TAMLUK"}},{"arcs":[[-713,-716,-718,718,719,720,721,-709]],"type":"Polygon","properties":{"ac_no":211,"name":"CHANDIPUR","state_code":"S25","ls_parent":"KANTHI"}},{"arcs":[[-721,722,723,724,725,726,727]],"type":"Polygon","properties":{"ac_no":212,"name":"PATASHPUR","state_code":"S25","ls_parent":"KANTHI"}},{"arcs":[[728,729,730,-724,731,732]],"type":"Polygon","properties":{"ac_no":213,"name":"KANTHI UTTAR","state_code":"S25","ls_parent":"KANTHI"}},{"arcs":[[733,-732,-723,-720]],"type":"Polygon","properties":{"ac_no":214,"name":"BHAGABANPUR","state_code":"S25","ls_parent":"KANTHI"}},{"arcs":[[-717,-493,734,-733,-734,-719]],"type":"Polygon","properties":{"ac_no":215,"name":"KHEJURI (SC)","state_code":"S25","ls_parent":"KANTHI"}},{"arcs":[[735,736,737,-730]],"type":"Polygon","properties":{"ac_no":216,"name":"KANTHI DAKSHIN","state_code":"S25","ls_parent":"KANTHI"}},{"arcs":[[738,739,-737]],"type":"Polygon","properties":{"ac_no":217,"name":"RAMNAGAR","state_code":"S25","ls_parent":"KANTHI"}},{"arcs":[[-731,-738,-740,740,741,-725]],"type":"Polygon","properties":{"ac_no":218,"name":"EGRA","state_code":"S25","ls_parent":"MEDINIPUR"}},{"arcs":[[742,743,744,745,-726,-742,746]],"type":"Polygon","properties":{"ac_no":219,"name":"DANTAN","state_code":"S25","ls_parent":"MEDINIPUR"}},{"arcs":[[747,748,749,750,751,752]],"type":"Polygon","properties":{"ac_no":220,"name":"NAYAGRAM (ST)","state_code":"S25","ls_parent":"JHARGRAM (ST)"}},{"arcs":[[753,754,755,756,-751,757,-749,758,759,760,761,762]],"type":"Polygon","properties":{"ac_no":221,"name":"GOPIBALLAVPUR","state_code":"S25","ls_parent":"JHARGRAM (ST)"}},{"arcs":[[763,764,-762,765,766,767]],"type":"Polygon","properties":{"ac_no":222,"name":"JHARGRAM","state_code":"S25","ls_parent":"JHARGRAM (ST)"}},{"arcs":[[768,769,-743,770,-752,-757,771,-755]],"type":"Polygon","properties":{"ac_no":223,"name":"KESHIARY (ST)","state_code":"S25","ls_parent":"MEDINIPUR"}},{"arcs":[[772,773]],"type":"Polygon","properties":{"ac_no":224,"name":"KHARAGPUR SADAR","state_code":"S25","ls_parent":"MEDINIPUR"}},{"arcs":[[774,-727,-746,775,-744,-770,776,777]],"type":"Polygon","properties":{"ac_no":225,"name":"NARAYANGARH","state_code":"S25","ls_parent":"MEDINIPUR"}},{"arcs":[[-710,-722,-728,-775,778]],"type":"Polygon","properties":{"ac_no":226,"name":"SABANG","state_code":"S25","ls_parent":"GHATAL"}},{"arcs":[[779,-705,-711,-779,-778,780,-773,781,782]],"type":"Polygon","properties":{"ac_no":227,"name":"PINGLA","state_code":"S25","ls_parent":"GHATAL"}},{"arcs":[[-782,-774,-781,-777,-769,-754,783,784]],"type":"Polygon","properties":{"ac_no":228,"name":"KHARAGPUR","state_code":"S25","ls_parent":"MEDINIPUR"}},{"arcs":[[785,786,-706,-780,787,788]],"type":"Polygon","properties":{"ac_no":229,"name":"DEBRA","state_code":"S25","ls_parent":"GHATAL"}},{"arcs":[[-695,-633,-703,-707,-787,789]],"type":"Polygon","properties":{"ac_no":230,"name":"DASPUR","state_code":"S25","ls_parent":"GHATAL"}},{"arcs":[[-696,-790,-786,790,-690]],"type":"Polygon","properties":{"ac_no":231,"name":"GHATAL (SC)","state_code":"S25","ls_parent":"GHATAL"}},{"arcs":[[-791,-789,791,792,793,-691]],"type":"Polygon","properties":{"ac_no":232,"name":"CHANDRAKONA (SC)","state_code":"S25","ls_parent":"ARAMBAG (SC)"}},{"arcs":[[794,-692,-794,795,796,797]],"type":"Polygon","properties":{"ac_no":233,"name":"GARBETA","state_code":"S25","ls_parent":"JHARGRAM (ST)"}},{"arcs":[[-793,798,799,-764,800,801,-796]],"type":"Polygon","properties":{"ac_no":234,"name":"SALBONI","state_code":"S25","ls_parent":"JHARGRAM (ST)"}},{"arcs":[[-788,-783,-785,802,-799,-792]],"type":"Polygon","properties":{"ac_no":235,"name":"KESHPUR (SC)","state_code":"S25","ls_parent":"GHATAL"}},{"arcs":[[-803,-784,-763,-765,-800]],"type":"Polygon","properties":{"ac_no":236,"name":"MEDINIPUR","state_code":"S25","ls_parent":"MEDINIPUR"}},{"arcs":[[803,-767,804,-760,805,806,807]],"type":"Polygon","properties":{"ac_no":237,"name":"BINPUR (ST)","state_code":"S25","ls_parent":"JHARGRAM (ST)"}},{"arcs":[[808,809,810,811,-807,812,813,814]],"type":"Polygon","properties":{"ac_no":238,"name":"BANDWAN (ST)","state_code":"S25","ls_parent":"JHARGRAM (ST)"}},{"arcs":[[815,-814,816,817,818,819]],"type":"Polygon","properties":{"ac_no":239,"name":"BALARAMPUR","state_code":"S25","ls_parent":"PURULIA"}},{"arcs":[[820,821,-818,822]],"type":"Polygon","properties":{"ac_no":240,"name":"BAGHMUNDI","state_code":"S25","ls_parent":"PURULIA"}},{"arcs":[[823,-819,-822,824]],"type":"Polygon","properties":{"ac_no":241,"name":"JOYPUR","state_code":"S25","ls_parent":"PURULIA"}},{"arcs":[[825,826,-815,-816,827,828]],"type":"Polygon","properties":{"ac_no":242,"name":"PURULIA","state_code":"S25","ls_parent":"PURULIA"}},{"arcs":[[829,830,-811,831,-809,-827,832]],"type":"Polygon","properties":{"ac_no":243,"name":"MANBAZAR (ST)","state_code":"S25","ls_parent":"PURULIA"}},{"arcs":[[833,-833,-826,834,835]],"type":"Polygon","properties":{"ac_no":244,"name":"KASHIPUR","state_code":"S25","ls_parent":"PURULIA"}},{"arcs":[[-835,-829,836,837]],"type":"Polygon","properties":{"ac_no":245,"name":"PARA (SC)","state_code":"S25","ls_parent":"PURULIA"}},{"arcs":[[838,839,840,-836,-838,841,842]],"type":"Polygon","properties":{"ac_no":246,"name":"RAGHUNATHPUR(SC)","state_code":"S25","ls_parent":"BANKURA"}},{"arcs":[[843,844,845,846,847,-840,848]],"type":"Polygon","properties":{"ac_no":247,"name":"SALTORA (SC)","state_code":"S25","ls_parent":"BANKURA"}},{"arcs":[[849,850,851,852,-830,-834,-841,-848]],"type":"Polygon","properties":{"ac_no":248,"name":"CHHATNA","state_code":"S25","ls_parent":"BANKURA"}},{"arcs":[[853,854,-808,-812,-831,-853]],"type":"Polygon","properties":{"ac_no":249,"name":"RANIBANDH (ST)","state_code":"S25","ls_parent":"BANKURA"}},{"arcs":[[855,-801,-768,-804,-855]],"type":"Polygon","properties":{"ac_no":250,"name":"RAIPUR (ST)","state_code":"S25","ls_parent":"BANKURA"}},{"arcs":[[856,-797,-802,-856,-854,-852,857]],"type":"Polygon","properties":{"ac_no":251,"name":"TALDANGRA","state_code":"S25","ls_parent":"BANKURA"}},{"arcs":[[858,859,-850,-847]],"type":"Polygon","properties":{"ac_no":252,"name":"BANKURA","state_code":"S25","ls_parent":"BANKURA"}},{"arcs":[[860,861,862,-859,-846,863]],"type":"Polygon","properties":{"ac_no":253,"name":"BARJORA","state_code":"S25","ls_parent":"BISHNUPUR (SC)"}},{"arcs":[[864,865,-858,-851,-860,-863]],"type":"Polygon","properties":{"ac_no":254,"name":"ONDA","state_code":"S25","ls_parent":"BISHNUPUR (SC)"}},{"arcs":[[866,867,-798,-857,-866,868]],"type":"Polygon","properties":{"ac_no":255,"name":"BISHNUPUR","state_code":"S25","ls_parent":"BISHNUPUR (SC)"}},{"arcs":[[-693,-795,-868,869]],"type":"Polygon","properties":{"ac_no":256,"name":"KATULPUR (SC)","state_code":"S25","ls_parent":"BISHNUPUR (SC)"}},{"arcs":[[-694,-870,-867,870,871]],"type":"Polygon","properties":{"ac_no":257,"name":"INDUS (SC)","state_code":"S25","ls_parent":"BISHNUPUR (SC)"}},{"arcs":[[872,-871,-869,-865,-862,873,874]],"type":"Polygon","properties":{"ac_no":258,"name":"SONAMUKHI (SC)","state_code":"S25","ls_parent":"BISHNUPUR (SC)"}},{"arcs":[[875,876,-687,-872,-873,877,878,879]],"type":"Polygon","properties":{"ac_no":259,"name":"KHANDAGHOSH (SC)","state_code":"S25","ls_parent":"BISHNUPUR (SC)"}},{"arcs":[[880]],"type":"Polygon","properties":{"ac_no":260,"name":"BARDHAMAN DAKSHIN","state_code":"S25","ls_parent":"BARDHAMAN-DURGAPUR"}},{"arcs":[[881,-682,-686,-688,-877,882]],"type":"Polygon","properties":{"ac_no":261,"name":"RAINA (SC)","state_code":"S25","ls_parent":"BARDHAMAN PURBA(SC)"}},{"arcs":[[-665,-677,-679,-683,-882,883,884]],"type":"Polygon","properties":{"ac_no":262,"name":"JAMALPUR (SC)","state_code":"S25","ls_parent":"BARDHAMAN PURBA(SC)"}},{"arcs":[[885,886,887,888,889,890,891]],"type":"Polygon","properties":{"ac_no":263,"name":"MONTESWAR","state_code":"S25","ls_parent":"BARDHAMAN-DURGAPUR"}},{"arcs":[[-662,-667,892,893,-337]],"type":"Polygon","properties":{"ac_no":264,"name":"KALNA (SC)","state_code":"S25","ls_parent":"BARDHAMAN PURBA(SC)"}},{"arcs":[[-887,894,-893,-666,-885,895]],"type":"Polygon","properties":{"ac_no":265,"name":"MEMARI","state_code":"S25","ls_parent":"BARDHAMAN PURBA(SC)"}},{"arcs":[[-888,-896,-884,-883,-876,896],[-881]],"type":"Polygon","properties":{"ac_no":266,"name":"BARDHAMAN UTTAR","state_code":"S25","ls_parent":"BARDHAMAN-DURGAPUR"}},{"arcs":[[-889,-897,-880,897,898]],"type":"Polygon","properties":{"ac_no":267,"name":"BHATAR","state_code":"S25","ls_parent":"BARDHAMAN-DURGAPUR"}},{"arcs":[[-327,-338,-894,-895,-886,899]],"type":"Polygon","properties":{"ac_no":268,"name":"PURBASTHALI DAKSHIN","state_code":"S25","ls_parent":"BARDHAMAN PURBA(SC)"}},{"arcs":[[-333,-328,-900,-892,900,-318]],"type":"Polygon","properties":{"ac_no":269,"name":"PURBASTHALI UTTAR","state_code":"S25","ls_parent":"BARDHAMAN PURBA(SC)"}},{"arcs":[[-314,-319,-901,-891,901,902]],"type":"Polygon","properties":{"ac_no":270,"name":"KATWA","state_code":"S25","ls_parent":"BARDHAMAN PURBA(SC)"}},{"arcs":[[-288,-315,-903,903,904,905,-278,-285]],"type":"Polygon","properties":{"ac_no":271,"name":"KETUGRAM","state_code":"S25","ls_parent":"BOLPUR (SC)"}},{"arcs":[[-902,-890,-899,906,907,-904]],"type":"Polygon","properties":{"ac_no":272,"name":"MANGALKOT","state_code":"S25","ls_parent":"BOLPUR (SC)"}},{"arcs":[[-907,-898,-879,908,909,910]],"type":"Polygon","properties":{"ac_no":273,"name":"AUSGRAM (SC)","state_code":"S25","ls_parent":"BOLPUR (SC)"}},{"arcs":[[-909,-878,-875,911,912,913,914]],"type":"Polygon","properties":{"ac_no":274,"name":"GALSI (SC)","state_code":"S25","ls_parent":"BARDHAMAN-DURGAPUR"}},{"arcs":[[-913,915,916,917,918,919]],"type":"Polygon","properties":{"ac_no":275,"name":"PANDABESWAR","state_code":"S25","ls_parent":"ASANSOL"}},{"arcs":[[-912,-874,-861,920,-916]],"type":"Polygon","properties":{"ac_no":276,"name":"DURGAPUR PURBA","state_code":"S25","ls_parent":"BARDHAMAN-DURGAPUR"}},{"arcs":[[-864,-845,921,-917,-921]],"type":"Polygon","properties":{"ac_no":277,"name":"DURGAPUR PASCHIM","state_code":"S25","ls_parent":"BARDHAMAN-DURGAPUR"}},{"arcs":[[-922,-844,922,923,-918]],"type":"Polygon","properties":{"ac_no":278,"name":"RANIGANJ","state_code":"S25","ls_parent":"ASANSOL"}},{"arcs":[[924,-919,-924,925,926,927,928]],"type":"Polygon","properties":{"ac_no":279,"name":"JAMURIA","state_code":"S25","ls_parent":"ASANSOL"}},{"arcs":[[-926,-923,-849,-839,929,930]],"type":"Polygon","properties":{"ac_no":280,"name":"ASANSOL DAKSHIN","state_code":"S25","ls_parent":"ASANSOL"}},{"arcs":[[-927,-931,931,932]],"type":"Polygon","properties":{"ac_no":281,"name":"ASANSOL UTTAR","state_code":"S25","ls_parent":"ASANSOL"}},{"arcs":[[-932,-930,-843,933,934]],"type":"Polygon","properties":{"ac_no":282,"name":"KULTI","state_code":"S25","ls_parent":"ASANSOL"}},{"arcs":[[-928,-933,-935,935]],"type":"Polygon","properties":{"ac_no":283,"name":"BARABANI","state_code":"S25","ls_parent":"ASANSOL"}},{"arcs":[[936,937,-914,-920,-925,938]],"type":"Polygon","properties":{"ac_no":284,"name":"DUBRAJPUR (SC)","state_code":"S25","ls_parent":"BIRBHUM"}},{"arcs":[[939,940,941,-937,942]],"type":"Polygon","properties":{"ac_no":285,"name":"SURI","state_code":"S25","ls_parent":"BIRBHUM"}},{"arcs":[[943,944,-910,-915,-938,-942,945]],"type":"Polygon","properties":{"ac_no":286,"name":"BOLPUR","state_code":"S25","ls_parent":"BOLPUR (SC)"}},{"arcs":[[-905,-908,-911,-945,946]],"type":"Polygon","properties":{"ac_no":287,"name":"NANOOR (SC)","state_code":"S25","ls_parent":"BOLPUR (SC)"}},{"arcs":[[947,-279,-906,-947,-944,948]],"type":"Polygon","properties":{"ac_no":288,"name":"LABPUR","state_code":"S25","ls_parent":"BOLPUR (SC)"}},{"arcs":[[949,-949,-946,-941,950,951]],"type":"Polygon","properties":{"ac_no":289,"name":"SAINTHIA (SC)","state_code":"S25","ls_parent":"BIRBHUM"}},{"arcs":[[952,-274,-280,-948,-950,953]],"type":"Polygon","properties":{"ac_no":290,"name":"MAYURESWAR","state_code":"S25","ls_parent":"BOLPUR (SC)"}},{"arcs":[[954,-954,-952,955,956]],"type":"Polygon","properties":{"ac_no":291,"name":"RAMPURHAT","state_code":"S25","ls_parent":"BIRBHUM"}},{"arcs":[[-252,-271,-275,-953,-955,957]],"type":"Polygon","properties":{"ac_no":292,"name":"HANSAN","state_code":"S25","ls_parent":"BIRBHUM"}},{"arcs":[[-243,-253,-958,-957,958,959]],"type":"Polygon","properties":{"ac_no":293,"name":"NALHATI","state_code":"S25","ls_parent":"BIRBHUM"}},{"arcs":[[-238,-244,-960,960]],"type":"Polygon","properties":{"ac_no":294,"name":"MURARAI","state_code":"S25","ls_parent":"BIRBHUM"}}]}}}